arm,arm_id,scale,task,base,base_stderr,adapted,adapted_stderr,forgetting,num_fewshot
online_sft_lora_7b_tooluse_s1_seed42,online_sft,7b,hellaswag,0.8053,0.0039514673865973515,0.802,0.0039765395120788544,0.0033,
online_sft_lora_7b_tooluse_s1_seed42,online_sft,7b,humaneval,0.6402,0.0375909243573624,0.622,0.03798029034055281,0.0183,
online_sft_lora_7b_tooluse_s1_seed42,online_sft,7b,ifeval,0.5619,0.021350931135490865,0.5416,0.021442010560476468,0.0203,
online_sft_lora_7b_tooluse_s1_seed42,online_sft,7b,mmlu,0.7173,0.0035813264797393586,0.7165,0.0035800663077515424,0.0009,
online_sft_lora_7b_tooluse_s1_seed42,online_sft,7b,mmlu_humanities,0.6368,0.006563529300788007,0.6334,0.006567050261218579,0.0034,
online_sft_lora_7b_tooluse_s1_seed42,online_sft,7b,mmlu_formal_logic,0.5635,0.044359328928514664,0.5794,0.044154382267437474,-0.0159,
online_sft_lora_7b_tooluse_s1_seed42,online_sft,7b,mmlu_high_school_european_history,0.8485,0.027998073798781685,0.8545,0.02753019635506653,-0.0061,
online_sft_lora_7b_tooluse_s1_seed42,online_sft,7b,mmlu_high_school_us_history,0.902,0.02087111845555211,0.8971,0.02132833757080435,0.0049,
online_sft_lora_7b_tooluse_s1_seed42,online_sft,7b,mmlu_high_school_world_history,0.8776,0.02133174182974682,0.865,0.022245776632003705,0.0127,
online_sft_lora_7b_tooluse_s1_seed42,online_sft,7b,mmlu_international_law,0.8099,0.03581796951709283,0.8099,0.03581796951709283,0.0,
online_sft_lora_7b_tooluse_s1_seed42,online_sft,7b,mmlu_jurisprudence,0.787,0.03957835471980979,0.7963,0.038935425188248496,-0.0093,
online_sft_lora_7b_tooluse_s1_seed42,online_sft,7b,mmlu_logical_fallacies,0.8221,0.03004735765580667,0.8221,0.03004735765580667,0.0,
online_sft_lora_7b_tooluse_s1_seed42,online_sft,7b,mmlu_moral_disputes,0.7659,0.022797110278071155,0.7688,0.02269865716785566,-0.0029,
online_sft_lora_7b_tooluse_s1_seed42,online_sft,7b,mmlu_moral_scenarios,0.4212,0.016513676031179602,0.4112,0.016456498033977494,0.0101,
online_sft_lora_7b_tooluse_s1_seed42,online_sft,7b,mmlu_philosophy,0.7395,0.0249267232248456,0.7299,0.02521804037341055,0.0096,
online_sft_lora_7b_tooluse_s1_seed42,online_sft,7b,mmlu_prehistory,0.8179,0.02147349183480832,0.821,0.02133086876212711,-0.0031,
online_sft_lora_7b_tooluse_s1_seed42,online_sft,7b,mmlu_professional_law,0.5189,0.012761104871472523,0.5156,0.012763982838120936,0.0033,
online_sft_lora_7b_tooluse_s1_seed42,online_sft,7b,mmlu_world_religions,0.8363,0.02838091959614585,0.8304,0.02878210810540169,0.0058,
online_sft_lora_7b_tooluse_s1_seed42,online_sft,7b,mmlu_other,0.765,0.007294262943936957,0.7638,0.007308898454233658,0.0013,
online_sft_lora_7b_tooluse_s1_seed42,online_sft,7b,mmlu_business_ethics,0.78,0.041633319989322654,0.79,0.040936018074033236,-0.01,
online_sft_lora_7b_tooluse_s1_seed42,online_sft,7b,mmlu_clinical_knowledge,0.7774,0.025604233470899053,0.7811,0.025447863825108594,-0.0038,
online_sft_lora_7b_tooluse_s1_seed42,online_sft,7b,mmlu_college_medicine,0.6705,0.03583901754736415,0.6763,0.03567603799639168,-0.0058,
online_sft_lora_7b_tooluse_s1_seed42,online_sft,7b,mmlu_global_facts,0.46,0.05009082659620332,0.47,0.05016135580465919,-0.01,
online_sft_lora_7b_tooluse_s1_seed42,online_sft,7b,mmlu_human_aging,0.7803,0.027790177064383567,0.7668,0.02838039114709467,0.0135,
online_sft_lora_7b_tooluse_s1_seed42,online_sft,7b,mmlu_management,0.8835,0.03176683948640407,0.8738,0.03288180278808631,0.0097,
online_sft_lora_7b_tooluse_s1_seed42,online_sft,7b,mmlu_marketing,0.9231,0.017456987872436165,0.9188,0.017893784904018484,0.0043,
online_sft_lora_7b_tooluse_s1_seed42,online_sft,7b,mmlu_medical_genetics,0.84,0.03684529491774706,0.83,0.03775251680686369,0.01,
online_sft_lora_7b_tooluse_s1_seed42,online_sft,7b,mmlu_miscellaneous,0.8531,0.012658201736147321,0.8544,0.012612475800423417,-0.0013,
online_sft_lora_7b_tooluse_s1_seed42,online_sft,7b,mmlu_nutrition,0.7876,0.023420375478296097,0.7843,0.02355083135199512,0.0033,
online_sft_lora_7b_tooluse_s1_seed42,online_sft,7b,mmlu_professional_accounting,0.5567,0.029634838473765947,0.5496,0.029680105565029025,0.0071,
online_sft_lora_7b_tooluse_s1_seed42,online_sft,7b,mmlu_professional_medicine,0.7831,0.025035845227711254,0.7868,0.024880971512294292,-0.0037,
online_sft_lora_7b_tooluse_s1_seed42,online_sft,7b,mmlu_virology,0.5241,0.03887971849597267,0.5181,0.03889951252827222,0.006,
online_sft_lora_7b_tooluse_s1_seed42,online_sft,7b,mmlu_social_sciences,0.8271,0.00670442058942076,0.8294,0.0066740114992194476,-0.0023,
online_sft_lora_7b_tooluse_s1_seed42,online_sft,7b,mmlu_econometrics,0.6667,0.04434600701584929,0.6667,0.04434600701584929,0.0,
online_sft_lora_7b_tooluse_s1_seed42,online_sft,7b,mmlu_high_school_geography,0.8737,0.023664359402880177,0.8788,0.02325315795194205,-0.0051,
online_sft_lora_7b_tooluse_s1_seed42,online_sft,7b,mmlu_high_school_government_and_politics,0.943,0.01673108529360757,0.943,0.01673108529360757,0.0,
online_sft_lora_7b_tooluse_s1_seed42,online_sft,7b,mmlu_high_school_macroeconomics,0.7897,0.020660597485026883,0.7949,0.02047323317355194,-0.0051,
online_sft_lora_7b_tooluse_s1_seed42,online_sft,7b,mmlu_high_school_microeconomics,0.8655,0.02215937307274442,0.8739,0.021559623121213883,-0.0084,
online_sft_lora_7b_tooluse_s1_seed42,online_sft,7b,mmlu_high_school_psychology,0.9064,0.012486841824602017,0.9046,0.012595899282335761,0.0018,
online_sft_lora_7b_tooluse_s1_seed42,online_sft,7b,mmlu_human_sexuality,0.8092,0.03446513350752599,0.8092,0.03446513350752599,0.0,
online_sft_lora_7b_tooluse_s1_seed42,online_sft,7b,mmlu_professional_psychology,0.7598,0.017282760695167303,0.7712,0.016992723465466174,-0.0114,
online_sft_lora_7b_tooluse_s1_seed42,online_sft,7b,mmlu_public_relations,0.7182,0.043091187099464606,0.7091,0.04350271442923247,0.0091,
online_sft_lora_7b_tooluse_s1_seed42,online_sft,7b,mmlu_security_studies,0.7755,0.02671143055553837,0.7714,0.026882144922307713,0.0041,
online_sft_lora_7b_tooluse_s1_seed42,online_sft,7b,mmlu_sociology,0.8955,0.021628920516700654,0.8905,0.022076326101824667,0.005,
online_sft_lora_7b_tooluse_s1_seed42,online_sft,7b,mmlu_us_foreign_policy,0.86,0.0348735088019777,0.85,0.03588702812826367,0.01,
online_sft_lora_7b_tooluse_s1_seed42,online_sft,7b,mmlu_stem,0.6835,0.007999256219179365,0.6838,0.007992860999624417,-0.0003,
online_sft_lora_7b_tooluse_s1_seed42,online_sft,7b,mmlu_abstract_algebra,0.58,0.04960449637488582,0.57,0.049756985195624305,0.01,
online_sft_lora_7b_tooluse_s1_seed42,online_sft,7b,mmlu_anatomy,0.7407,0.037857144650666516,0.7481,0.037498507091740185,-0.0074,
online_sft_lora_7b_tooluse_s1_seed42,online_sft,7b,mmlu_astronomy,0.8618,0.028081042939576566,0.8618,0.028081042939576566,0.0,
online_sft_lora_7b_tooluse_s1_seed42,online_sft,7b,mmlu_college_biology,0.8681,0.02830096838204442,0.8681,0.02830096838204442,0.0,
online_sft_lora_7b_tooluse_s1_seed42,online_sft,7b,mmlu_college_chemistry,0.53,0.05016135580465919,0.5,0.050251890762960605,0.03,
online_sft_lora_7b_tooluse_s1_seed42,online_sft,7b,mmlu_college_computer_science,0.66,0.04760952285695234,0.67,0.04725815626252609,-0.01,
online_sft_lora_7b_tooluse_s1_seed42,online_sft,7b,mmlu_college_mathematics,0.41,0.04943110704237104,0.41,0.04943110704237104,0.0,
online_sft_lora_7b_tooluse_s1_seed42,online_sft,7b,mmlu_college_physics,0.5098,0.04974229460422813,0.5098,0.04974229460422813,0.0,
online_sft_lora_7b_tooluse_s1_seed42,online_sft,7b,mmlu_computer_security,0.78,0.041633319989322654,0.77,0.042295258468165065,0.01,
online_sft_lora_7b_tooluse_s1_seed42,online_sft,7b,mmlu_conceptual_physics,0.766,0.02767845257821238,0.766,0.02767845257821238,0.0,
online_sft_lora_7b_tooluse_s1_seed42,online_sft,7b,mmlu_electrical_engineering,0.7103,0.03780019230438011,0.7103,0.03780019230438011,0.0,
online_sft_lora_7b_tooluse_s1_seed42,online_sft,7b,mmlu_elementary_mathematics,0.6667,0.02427856802430766,0.6693,0.02422996529842509,-0.0026,
online_sft_lora_7b_tooluse_s1_seed42,online_sft,7b,mmlu_high_school_biology,0.8677,0.019272015434846444,0.8645,0.01946933458648694,0.0032,
online_sft_lora_7b_tooluse_s1_seed42,online_sft,7b,mmlu_high_school_chemistry,0.6404,0.0337645824650957,0.6256,0.03405155380561957,0.0148,
online_sft_lora_7b_tooluse_s1_seed42,online_sft,7b,mmlu_high_school_computer_science,0.81,0.039427724440366255,0.83,0.03775251680686369,-0.02,
online_sft_lora_7b_tooluse_s1_seed42,online_sft,7b,mmlu_high_school_mathematics,0.5407,0.030384169232350797,0.5444,0.03036486250482447,-0.0037,
online_sft_lora_7b_tooluse_s1_seed42,online_sft,7b,mmlu_high_school_physics,0.5762,0.040348466786033946,0.5762,0.040348466786033946,0.0,
online_sft_lora_7b_tooluse_s1_seed42,online_sft,7b,mmlu_high_school_statistics,0.6713,0.03203614084670054,0.6806,0.03179876342176851,-0.0093,
online_sft_lora_7b_tooluse_s1_seed42,online_sft,7b,mmlu_machine_learning,0.5179,0.047427623612430116,0.5357,0.04733667890053756,-0.0179,
online_sft_lora_7b_tooluse_s1_seed42,online_sft,7b,truthfulqa_mc2,0.647,0.015472640501818584,0.6269,0.015473529865811795,0.0201,
online_sft_lora_7b_tooluse_s1_seed42,online_sft,7b,winogrande,0.7088,0.012769029305370742,0.7167,0.012664751735505396,-0.0079,
sdft_ema_lora_7b_science_s2_seed1234,sdft_ema,7b,hellaswag,0.8053,0.0039514673865973515,0.7993,0.003996735942819823,0.006,
sdft_ema_lora_7b_science_s2_seed1234,sdft_ema,7b,humaneval,0.6402,0.0375909243573624,0.6646,0.03697915163403716,-0.0244,
sdft_ema_lora_7b_science_s2_seed1234,sdft_ema,7b,ifeval,0.5619,0.021350931135490865,0.4214,0.021249340085830997,0.1405,
sdft_ema_lora_7b_science_s2_seed1234,sdft_ema,7b,mmlu,0.7173,0.0035813264797393586,0.7115,0.003597517453545943,0.0058,
sdft_ema_lora_7b_science_s2_seed1234,sdft_ema,7b,mmlu_humanities,0.6368,0.006563529300788007,0.6291,0.0065785292204088176,0.0077,
sdft_ema_lora_7b_science_s2_seed1234,sdft_ema,7b,mmlu_formal_logic,0.5635,0.044359328928514664,0.5476,0.04451807959055331,0.0159,
sdft_ema_lora_7b_science_s2_seed1234,sdft_ema,7b,mmlu_high_school_european_history,0.8485,0.027998073798781685,0.8485,0.027998073798781685,0.0,
sdft_ema_lora_7b_science_s2_seed1234,sdft_ema,7b,mmlu_high_school_us_history,0.902,0.02087111845555211,0.8873,0.022198571039456782,0.0147,
sdft_ema_lora_7b_science_s2_seed1234,sdft_ema,7b,mmlu_high_school_world_history,0.8776,0.02133174182974682,0.8523,0.023094329582595715,0.0253,
sdft_ema_lora_7b_science_s2_seed1234,sdft_ema,7b,mmlu_international_law,0.8099,0.03581796951709283,0.8099,0.03581796951709283,0.0,
sdft_ema_lora_7b_science_s2_seed1234,sdft_ema,7b,mmlu_jurisprudence,0.787,0.03957835471980979,0.7963,0.038935425188248496,-0.0093,
sdft_ema_lora_7b_science_s2_seed1234,sdft_ema,7b,mmlu_logical_fallacies,0.8221,0.03004735765580667,0.8282,0.02963471727237104,-0.0061,
sdft_ema_lora_7b_science_s2_seed1234,sdft_ema,7b,mmlu_moral_disputes,0.7659,0.022797110278071155,0.7717,0.022598703804321583,-0.0058,
sdft_ema_lora_7b_science_s2_seed1234,sdft_ema,7b,mmlu_moral_scenarios,0.4212,0.016513676031179602,0.4112,0.016456498033977494,0.0101,
sdft_ema_lora_7b_science_s2_seed1234,sdft_ema,7b,mmlu_philosophy,0.7395,0.0249267232248456,0.7299,0.02521804037341055,0.0096,
sdft_ema_lora_7b_science_s2_seed1234,sdft_ema,7b,mmlu_prehistory,0.8179,0.02147349183480832,0.8179,0.02147349183480832,0.0,
sdft_ema_lora_7b_science_s2_seed1234,sdft_ema,7b,mmlu_professional_law,0.5189,0.012761104871472523,0.5072,0.012768922739553434,0.0117,
sdft_ema_lora_7b_science_s2_seed1234,sdft_ema,7b,mmlu_world_religions,0.8363,0.02838091959614585,0.8421,0.027966785859160903,-0.0058,
sdft_ema_lora_7b_science_s2_seed1234,sdft_ema,7b,mmlu_other,0.765,0.007294262943936957,0.7573,0.007365041490192152,0.0077,
sdft_ema_lora_7b_science_s2_seed1234,sdft_ema,7b,mmlu_business_ethics,0.78,0.041633319989322654,0.76,0.04292346959909278,0.02,
sdft_ema_lora_7b_science_s2_seed1234,sdft_ema,7b,mmlu_clinical_knowledge,0.7774,0.025604233470899053,0.7774,0.025604233470899053,0.0,
sdft_ema_lora_7b_science_s2_seed1234,sdft_ema,7b,mmlu_college_medicine,0.6705,0.03583901754736415,0.6821,0.0355068398916558,-0.0116,
sdft_ema_lora_7b_science_s2_seed1234,sdft_ema,7b,mmlu_global_facts,0.46,0.05009082659620332,0.41,0.04943110704237104,0.05,
sdft_ema_lora_7b_science_s2_seed1234,sdft_ema,7b,mmlu_human_aging,0.7803,0.027790177064383567,0.7489,0.029105220833224605,0.0314,
sdft_ema_lora_7b_science_s2_seed1234,sdft_ema,7b,mmlu_management,0.8835,0.03176683948640407,0.8835,0.03176683948640407,0.0,
sdft_ema_lora_7b_science_s2_seed1234,sdft_ema,7b,mmlu_marketing,0.9231,0.017456987872436165,0.9145,0.018315891685625852,0.0085,
sdft_ema_lora_7b_science_s2_seed1234,sdft_ema,7b,mmlu_medical_genetics,0.84,0.03684529491774706,0.83,0.03775251680686369,0.01,
sdft_ema_lora_7b_science_s2_seed1234,sdft_ema,7b,mmlu_miscellaneous,0.8531,0.012658201736147321,0.848,0.012837852506645289,0.0051,
sdft_ema_lora_7b_science_s2_seed1234,sdft_ema,7b,mmlu_nutrition,0.7876,0.023420375478296097,0.7908,0.02328768531233484,-0.0033,
sdft_ema_lora_7b_science_s2_seed1234,sdft_ema,7b,mmlu_professional_accounting,0.5567,0.029634838473765947,0.5461,0.029700453247291494,0.0106,
sdft_ema_lora_7b_science_s2_seed1234,sdft_ema,7b,mmlu_professional_medicine,0.7831,0.025035845227711254,0.7721,0.02548308146802982,0.011,
sdft_ema_lora_7b_science_s2_seed1234,sdft_ema,7b,mmlu_virology,0.5241,0.03887971849597267,0.5241,0.03887971849597267,0.0,
sdft_ema_lora_7b_science_s2_seed1234,sdft_ema,7b,mmlu_social_sciences,0.8271,0.00670442058942076,0.8242,0.006754961363991087,0.0029,
sdft_ema_lora_7b_science_s2_seed1234,sdft_ema,7b,mmlu_econometrics,0.6667,0.04434600701584929,0.6754,0.044045561573747664,-0.0088,
sdft_ema_lora_7b_science_s2_seed1234,sdft_ema,7b,mmlu_high_school_geography,0.8737,0.023664359402880177,0.8737,0.023664359402880177,0.0,
sdft_ema_lora_7b_science_s2_seed1234,sdft_ema,7b,mmlu_high_school_government_and_politics,0.943,0.01673108529360757,0.9378,0.01742697415424056,0.0052,
sdft_ema_lora_7b_science_s2_seed1234,sdft_ema,7b,mmlu_high_school_macroeconomics,0.7897,0.020660597485026883,0.7846,0.02084303455746285,0.0051,
sdft_ema_lora_7b_science_s2_seed1234,sdft_ema,7b,mmlu_high_school_microeconomics,0.8655,0.02215937307274442,0.8697,0.02186325849485208,-0.0042,
sdft_ema_lora_7b_science_s2_seed1234,sdft_ema,7b,mmlu_high_school_psychology,0.9064,0.012486841824602017,0.9009,0.012809780081878839,0.0055,
sdft_ema_lora_7b_science_s2_seed1234,sdft_ema,7b,mmlu_human_sexuality,0.8092,0.03446513350752599,0.8244,0.03336820338476075,-0.0153,
sdft_ema_lora_7b_science_s2_seed1234,sdft_ema,7b,mmlu_professional_psychology,0.7598,0.017282760695167303,0.7647,0.01716058723504642,-0.0049,
sdft_ema_lora_7b_science_s2_seed1234,sdft_ema,7b,mmlu_public_relations,0.7182,0.043091187099464606,0.6909,0.04426294648200096,0.0273,
sdft_ema_lora_7b_science_s2_seed1234,sdft_ema,7b,mmlu_security_studies,0.7755,0.02671143055553837,0.7633,0.027212835884073104,0.0122,
sdft_ema_lora_7b_science_s2_seed1234,sdft_ema,7b,mmlu_sociology,0.8955,0.021628920516700654,0.8806,0.022928793277219726,0.0149,
sdft_ema_lora_7b_science_s2_seed1234,sdft_ema,7b,mmlu_us_foreign_policy,0.86,0.0348735088019777,0.85,0.03588702812826367,0.01,
sdft_ema_lora_7b_science_s2_seed1234,sdft_ema,7b,mmlu_stem,0.6835,0.007999256219179365,0.6794,0.008012428006279375,0.0041,
sdft_ema_lora_7b_science_s2_seed1234,sdft_ema,7b,mmlu_abstract_algebra,0.58,0.04960449637488582,0.55,0.05,0.03,
sdft_ema_lora_7b_science_s2_seed1234,sdft_ema,7b,mmlu_anatomy,0.7407,0.037857144650666516,0.7333,0.038201699145179034,0.0074,
sdft_ema_lora_7b_science_s2_seed1234,sdft_ema,7b,mmlu_astronomy,0.8618,0.028081042939576566,0.8553,0.0286319518459304,0.0066,
sdft_ema_lora_7b_science_s2_seed1234,sdft_ema,7b,mmlu_college_biology,0.8681,0.02830096838204442,0.875,0.02765610492929436,-0.0069,
sdft_ema_lora_7b_science_s2_seed1234,sdft_ema,7b,mmlu_college_chemistry,0.53,0.05016135580465919,0.53,0.05016135580465919,0.0,
sdft_ema_lora_7b_science_s2_seed1234,sdft_ema,7b,mmlu_college_computer_science,0.66,0.04760952285695234,0.64,0.048241815132442176,0.02,
sdft_ema_lora_7b_science_s2_seed1234,sdft_ema,7b,mmlu_college_mathematics,0.41,0.04943110704237104,0.42,0.04960449637488583,-0.01,
sdft_ema_lora_7b_science_s2_seed1234,sdft_ema,7b,mmlu_college_physics,0.5098,0.04974229460422813,0.4804,0.04971358884367401,0.0294,
sdft_ema_lora_7b_science_s2_seed1234,sdft_ema,7b,mmlu_computer_security,0.78,0.041633319989322654,0.8,0.04020151261036849,-0.02,
sdft_ema_lora_7b_science_s2_seed1234,sdft_ema,7b,mmlu_conceptual_physics,0.766,0.02767845257821238,0.7532,0.02818544130123409,0.0128,
sdft_ema_lora_7b_science_s2_seed1234,sdft_ema,7b,mmlu_electrical_engineering,0.7103,0.03780019230438011,0.6966,0.03831226048850335,0.0138,
sdft_ema_lora_7b_science_s2_seed1234,sdft_ema,7b,mmlu_elementary_mathematics,0.6667,0.02427856802430766,0.6614,0.024373197867983004,0.0053,
sdft_ema_lora_7b_science_s2_seed1234,sdft_ema,7b,mmlu_high_school_biology,0.8677,0.019272015434846444,0.8742,0.018865834288030025,-0.0065,
sdft_ema_lora_7b_science_s2_seed1234,sdft_ema,7b,mmlu_high_school_chemistry,0.6404,0.0337645824650957,0.601,0.03445487686264716,0.0394,
sdft_ema_lora_7b_science_s2_seed1234,sdft_ema,7b,mmlu_high_school_computer_science,0.81,0.039427724440366255,0.82,0.03861229196653691,-0.01,
sdft_ema_lora_7b_science_s2_seed1234,sdft_ema,7b,mmlu_high_school_mathematics,0.5407,0.030384169232350797,0.537,0.030401786406101534,0.0037,
sdft_ema_lora_7b_science_s2_seed1234,sdft_ema,7b,mmlu_high_school_physics,0.5762,0.040348466786033946,0.5762,0.040348466786033946,0.0,
sdft_ema_lora_7b_science_s2_seed1234,sdft_ema,7b,mmlu_high_school_statistics,0.6713,0.03203614084670054,0.6852,0.03167468706828983,-0.0139,
sdft_ema_lora_7b_science_s2_seed1234,sdft_ema,7b,mmlu_machine_learning,0.5179,0.047427623612430116,0.5446,0.04726835553719097,-0.0268,
sdft_ema_lora_7b_science_s2_seed1234,sdft_ema,7b,truthfulqa_mc2,0.647,0.015472640501818584,0.6221,0.015444890934088566,0.0248,
sdft_ema_lora_7b_science_s2_seed1234,sdft_ema,7b,winogrande,0.7088,0.012769029305370742,0.7206,0.012610826539404754,-0.0118,
sdft_ema_lora_7b_science_s2_seed2024,sdft_ema,7b,hellaswag,0.8053,0.0039514673865973515,0.8002,0.003990035207014982,0.0051,
sdft_ema_lora_7b_science_s2_seed2024,sdft_ema,7b,humaneval,0.6402,0.0375909243573624,0.6463,0.03744805613781577,-0.0061,
sdft_ema_lora_7b_science_s2_seed2024,sdft_ema,7b,ifeval,0.5619,0.021350931135490865,0.4177,0.02122341916161409,0.1442,
sdft_ema_lora_7b_science_s2_seed2024,sdft_ema,7b,mmlu,0.7173,0.0035813264797393586,0.7107,0.0035987915146101167,0.0066,
sdft_ema_lora_7b_science_s2_seed2024,sdft_ema,7b,mmlu_humanities,0.6368,0.006563529300788007,0.6266,0.00657319407503614,0.0102,
sdft_ema_lora_7b_science_s2_seed2024,sdft_ema,7b,mmlu_formal_logic,0.5635,0.044359328928514664,0.5714,0.04426266681379905,-0.0079,
sdft_ema_lora_7b_science_s2_seed2024,sdft_ema,7b,mmlu_high_school_european_history,0.8485,0.027998073798781685,0.8364,0.028887872395487978,0.0121,
sdft_ema_lora_7b_science_s2_seed2024,sdft_ema,7b,mmlu_high_school_us_history,0.902,0.02087111845555211,0.902,0.02087111845555211,0.0,
sdft_ema_lora_7b_science_s2_seed2024,sdft_ema,7b,mmlu_high_school_world_history,0.8776,0.02133174182974682,0.8523,0.023094329582595715,0.0253,
sdft_ema_lora_7b_science_s2_seed2024,sdft_ema,7b,mmlu_international_law,0.8099,0.03581796951709283,0.8182,0.03520893951097652,-0.0083,
sdft_ema_lora_7b_science_s2_seed2024,sdft_ema,7b,mmlu_jurisprudence,0.787,0.03957835471980979,0.7963,0.038935425188248496,-0.0093,
sdft_ema_lora_7b_science_s2_seed2024,sdft_ema,7b,mmlu_logical_fallacies,0.8221,0.03004735765580667,0.8344,0.029208296231259104,-0.0123,
sdft_ema_lora_7b_science_s2_seed2024,sdft_ema,7b,mmlu_moral_disputes,0.7659,0.022797110278071155,0.7717,0.022598703804321583,-0.0058,
sdft_ema_lora_7b_science_s2_seed2024,sdft_ema,7b,mmlu_moral_scenarios,0.4212,0.016513676031179602,0.3978,0.016369204971262964,0.0235,
sdft_ema_lora_7b_science_s2_seed2024,sdft_ema,7b,mmlu_philosophy,0.7395,0.0249267232248456,0.7331,0.0251226376088166,0.0064,
sdft_ema_lora_7b_science_s2_seed2024,sdft_ema,7b,mmlu_prehistory,0.8179,0.02147349183480832,0.8056,0.02202136610022015,0.0123,
sdft_ema_lora_7b_science_s2_seed2024,sdft_ema,7b,mmlu_professional_law,0.5189,0.012761104871472523,0.5065,0.012769150688867309,0.0124,
sdft_ema_lora_7b_science_s2_seed2024,sdft_ema,7b,mmlu_world_religions,0.8363,0.02838091959614585,0.8304,0.02878210810540169,0.0058,
sdft_ema_lora_7b_science_s2_seed2024,sdft_ema,7b,mmlu_other,0.765,0.007294262943936957,0.7573,0.007388441636250439,0.0077,
sdft_ema_lora_7b_science_s2_seed2024,sdft_ema,7b,mmlu_business_ethics,0.78,0.041633319989322654,0.78,0.041633319989322654,0.0,
sdft_ema_lora_7b_science_s2_seed2024,sdft_ema,7b,mmlu_clinical_knowledge,0.7774,0.025604233470899053,0.7698,0.02590789712240816,0.0075,
sdft_ema_lora_7b_science_s2_seed2024,sdft_ema,7b,mmlu_college_medicine,0.6705,0.03583901754736415,0.6763,0.03567603799639168,-0.0058,
sdft_ema_lora_7b_science_s2_seed2024,sdft_ema,7b,mmlu_global_facts,0.46,0.05009082659620332,0.43,0.049756985195624305,0.03,
sdft_ema_lora_7b_science_s2_seed2024,sdft_ema,7b,mmlu_human_aging,0.7803,0.027790177064383567,0.7623,0.02856807946471428,0.0179,
sdft_ema_lora_7b_science_s2_seed2024,sdft_ema,7b,mmlu_management,0.8835,0.03176683948640407,0.8835,0.03176683948640407,0.0,
sdft_ema_lora_7b_science_s2_seed2024,sdft_ema,7b,mmlu_marketing,0.9231,0.017456987872436165,0.906,0.019119892798924936,0.0171,
sdft_ema_lora_7b_science_s2_seed2024,sdft_ema,7b,mmlu_medical_genetics,0.84,0.03684529491774706,0.81,0.039427724440366255,0.03,
sdft_ema_lora_7b_science_s2_seed2024,sdft_ema,7b,mmlu_miscellaneous,0.8531,0.012658201736147321,0.8455,0.012925773495095893,0.0077,
sdft_ema_lora_7b_science_s2_seed2024,sdft_ema,7b,mmlu_nutrition,0.7876,0.023420375478296097,0.781,0.02367908986180772,0.0065,
sdft_ema_lora_7b_science_s2_seed2024,sdft_ema,7b,mmlu_professional_accounting,0.5567,0.029634838473765947,0.5532,0.02965823509766695,0.0035,
sdft_ema_lora_7b_science_s2_seed2024,sdft_ema,7b,mmlu_professional_medicine,0.7831,0.025035845227711254,0.7831,0.025035845227711254,0.0,
sdft_ema_lora_7b_science_s2_seed2024,sdft_ema,7b,mmlu_virology,0.5241,0.03887971849597267,0.5241,0.03887971849597267,0.0,
sdft_ema_lora_7b_science_s2_seed2024,sdft_ema,7b,mmlu_social_sciences,0.8271,0.00670442058942076,0.8248,0.0067469248289101745,0.0023,
sdft_ema_lora_7b_science_s2_seed2024,sdft_ema,7b,mmlu_econometrics,0.6667,0.04434600701584929,0.6667,0.04434600701584929,0.0,
sdft_ema_lora_7b_science_s2_seed2024,sdft_ema,7b,mmlu_high_school_geography,0.8737,0.023664359402880177,0.8636,0.02445015597318985,0.0101,
sdft_ema_lora_7b_science_s2_seed2024,sdft_ema,7b,mmlu_high_school_government_and_politics,0.943,0.01673108529360757,0.943,0.01673108529360757,0.0,
sdft_ema_lora_7b_science_s2_seed2024,sdft_ema,7b,mmlu_high_school_macroeconomics,0.7897,0.020660597485026883,0.7872,0.020752423722128037,0.0026,
sdft_ema_lora_7b_science_s2_seed2024,sdft_ema,7b,mmlu_high_school_microeconomics,0.8655,0.02215937307274442,0.8697,0.02186325849485208,-0.0042,
sdft_ema_lora_7b_science_s2_seed2024,sdft_ema,7b,mmlu_high_school_psychology,0.9064,0.012486841824602017,0.9009,0.012809780081878839,0.0055,
sdft_ema_lora_7b_science_s2_seed2024,sdft_ema,7b,mmlu_human_sexuality,0.8092,0.03446513350752599,0.8244,0.03336820338476075,-0.0153,
sdft_ema_lora_7b_science_s2_seed2024,sdft_ema,7b,mmlu_professional_psychology,0.7598,0.017282760695167303,0.7712,0.016992723465466174,-0.0114,
sdft_ema_lora_7b_science_s2_seed2024,sdft_ema,7b,mmlu_public_relations,0.7182,0.043091187099464606,0.6909,0.04426294648200096,0.0273,
sdft_ema_lora_7b_science_s2_seed2024,sdft_ema,7b,mmlu_security_studies,0.7755,0.02671143055553837,0.7633,0.027212835884073104,0.0122,
sdft_ema_lora_7b_science_s2_seed2024,sdft_ema,7b,mmlu_sociology,0.8955,0.021628920516700654,0.8756,0.023335401790166316,0.0199,
sdft_ema_lora_7b_science_s2_seed2024,sdft_ema,7b,mmlu_us_foreign_policy,0.86,0.0348735088019777,0.85,0.03588702812826367,0.01,
sdft_ema_lora_7b_science_s2_seed2024,sdft_ema,7b,mmlu_stem,0.6835,0.007999256219179365,0.679,0.008019081827557976,0.0044,
sdft_ema_lora_7b_science_s2_seed2024,sdft_ema,7b,mmlu_abstract_algebra,0.58,0.04960449637488582,0.56,0.049888765156985884,0.02,
sdft_ema_lora_7b_science_s2_seed2024,sdft_ema,7b,mmlu_anatomy,0.7407,0.037857144650666516,0.7333,0.038201699145179034,0.0074,
sdft_ema_lora_7b_science_s2_seed2024,sdft_ema,7b,mmlu_astronomy,0.8618,0.028081042939576566,0.8487,0.029162631596844006,0.0132,
sdft_ema_lora_7b_science_s2_seed2024,sdft_ema,7b,mmlu_college_biology,0.8681,0.02830096838204442,0.8681,0.02830096838204442,0.0,
sdft_ema_lora_7b_science_s2_seed2024,sdft_ema,7b,mmlu_college_chemistry,0.53,0.05016135580465919,0.51,0.05024183937956913,0.02,
sdft_ema_lora_7b_science_s2_seed2024,sdft_ema,7b,mmlu_college_computer_science,0.66,0.04760952285695234,0.65,0.04793724854411023,0.01,
sdft_ema_lora_7b_science_s2_seed2024,sdft_ema,7b,mmlu_college_mathematics,0.41,0.04943110704237104,0.42,0.04960449637488583,-0.01,
sdft_ema_lora_7b_science_s2_seed2024,sdft_ema,7b,mmlu_college_physics,0.5098,0.04974229460422813,0.4902,0.04974229460422813,0.0196,
sdft_ema_lora_7b_science_s2_seed2024,sdft_ema,7b,mmlu_computer_security,0.78,0.041633319989322654,0.79,0.040936018074033236,-0.01,
sdft_ema_lora_7b_science_s2_seed2024,sdft_ema,7b,mmlu_conceptual_physics,0.766,0.02767845257821238,0.7617,0.02785125297388981,0.0043,
sdft_ema_lora_7b_science_s2_seed2024,sdft_ema,7b,mmlu_electrical_engineering,0.7103,0.03780019230438011,0.7034,0.03806142687309988,0.0069,
sdft_ema_lora_7b_science_s2_seed2024,sdft_ema,7b,mmlu_elementary_mathematics,0.6667,0.02427856802430766,0.6455,0.024636830602842035,0.0212,
sdft_ema_lora_7b_science_s2_seed2024,sdft_ema,7b,mmlu_high_school_biology,0.8677,0.019272015434846444,0.8742,0.018865834288030025,-0.0065,
sdft_ema_lora_7b_science_s2_seed2024,sdft_ema,7b,mmlu_high_school_chemistry,0.6404,0.0337645824650957,0.6158,0.03422398565657553,0.0246,
sdft_ema_lora_7b_science_s2_seed2024,sdft_ema,7b,mmlu_high_school_computer_science,0.81,0.039427724440366255,0.82,0.03861229196653691,-0.01,
sdft_ema_lora_7b_science_s2_seed2024,sdft_ema,7b,mmlu_high_school_mathematics,0.5407,0.030384169232350797,0.537,0.030401786406101534,0.0037,
sdft_ema_lora_7b_science_s2_seed2024,sdft_ema,7b,mmlu_high_school_physics,0.5762,0.040348466786033946,0.5828,0.040261414976346124,-0.0066,
sdft_ema_lora_7b_science_s2_seed2024,sdft_ema,7b,mmlu_high_school_statistics,0.6713,0.03203614084670054,0.6898,0.03154696285656624,-0.0185,
sdft_ema_lora_7b_science_s2_seed2024,sdft_ema,7b,mmlu_machine_learning,0.5179,0.047427623612430116,0.5357,0.04733667890053756,-0.0179,
sdft_ema_lora_7b_science_s2_seed2024,sdft_ema,7b,truthfulqa_mc2,0.647,0.015472640501818584,0.6197,0.015459793356866444,0.0273,
sdft_ema_lora_7b_science_s2_seed2024,sdft_ema,7b,winogrande,0.7088,0.012769029305370742,0.7269,0.01252202010586945,-0.0182,
sdft_ema_lora_7b_science_s2_seed42,sdft_ema,7b,hellaswag,0.8053,0.0039514673865973515,0.8001,0.003990781278700381,0.0052,
sdft_ema_lora_7b_science_s2_seed42,sdft_ema,7b,humaneval,0.6402,0.0375909243573624,0.6524,0.03729852575607224,-0.0122,
sdft_ema_lora_7b_science_s2_seed42,sdft_ema,7b,ifeval,0.5619,0.021350931135490865,0.4067,0.021138283177336344,0.1553,
sdft_ema_lora_7b_science_s2_seed42,sdft_ema,7b,mmlu,0.7173,0.0035813264797393586,0.7139,0.0035977446745560976,0.0035,
sdft_ema_lora_7b_science_s2_seed42,sdft_ema,7b,mmlu_humanities,0.6368,0.006563529300788007,0.6332,0.006583547073586694,0.0036,
sdft_ema_lora_7b_science_s2_seed42,sdft_ema,7b,mmlu_formal_logic,0.5635,0.044359328928514664,0.5714,0.04426266681379905,-0.0079,
sdft_ema_lora_7b_science_s2_seed42,sdft_ema,7b,mmlu_high_school_european_history,0.8485,0.027998073798781685,0.8485,0.027998073798781685,0.0,
sdft_ema_lora_7b_science_s2_seed42,sdft_ema,7b,mmlu_high_school_us_history,0.902,0.02087111845555211,0.8873,0.022198571039456782,0.0147,
sdft_ema_lora_7b_science_s2_seed42,sdft_ema,7b,mmlu_high_school_world_history,0.8776,0.02133174182974682,0.8565,0.02281829182101699,0.0211,
sdft_ema_lora_7b_science_s2_seed42,sdft_ema,7b,mmlu_international_law,0.8099,0.03581796951709283,0.8264,0.03457272836917668,-0.0165,
sdft_ema_lora_7b_science_s2_seed42,sdft_ema,7b,mmlu_jurisprudence,0.787,0.03957835471980979,0.7963,0.038935425188248496,-0.0093,
sdft_ema_lora_7b_science_s2_seed42,sdft_ema,7b,mmlu_logical_fallacies,0.8221,0.03004735765580667,0.8221,0.03004735765580667,0.0,
sdft_ema_lora_7b_science_s2_seed42,sdft_ema,7b,mmlu_moral_disputes,0.7659,0.022797110278071155,0.7746,0.02249723019096748,-0.0087,
sdft_ema_lora_7b_science_s2_seed42,sdft_ema,7b,mmlu_moral_scenarios,0.4212,0.016513676031179602,0.4235,0.016525425898773562,-0.0022,
sdft_ema_lora_7b_science_s2_seed42,sdft_ema,7b,mmlu_philosophy,0.7395,0.0249267232248456,0.7203,0.02549425935069486,0.0193,
sdft_ema_lora_7b_science_s2_seed42,sdft_ema,7b,mmlu_prehistory,0.8179,0.02147349183480832,0.8148,0.0216138093952248,0.0031,
sdft_ema_lora_7b_science_s2_seed42,sdft_ema,7b,mmlu_professional_law,0.5189,0.012761104871472523,0.5111,0.012767098998525846,0.0078,
sdft_ema_lora_7b_science_s2_seed42,sdft_ema,7b,mmlu_world_religions,0.8363,0.02838091959614585,0.8421,0.027966785859160903,-0.0058,
sdft_ema_lora_7b_science_s2_seed42,sdft_ema,7b,mmlu_other,0.765,0.007294262943936957,0.7593,0.007346303070707405,0.0058,
sdft_ema_lora_7b_science_s2_seed42,sdft_ema,7b,mmlu_business_ethics,0.78,0.041633319989322654,0.78,0.041633319989322654,0.0,
sdft_ema_lora_7b_science_s2_seed42,sdft_ema,7b,mmlu_clinical_knowledge,0.7774,0.025604233470899053,0.7849,0.02528839450289141,-0.0075,
sdft_ema_lora_7b_science_s2_seed42,sdft_ema,7b,mmlu_college_medicine,0.6705,0.03583901754736415,0.6821,0.0355068398916558,-0.0116,
sdft_ema_lora_7b_science_s2_seed42,sdft_ema,7b,mmlu_global_facts,0.46,0.05009082659620332,0.42,0.04960449637488583,0.04,
sdft_ema_lora_7b_science_s2_seed42,sdft_ema,7b,mmlu_human_aging,0.7803,0.027790177064383567,0.7578,0.028751392398694772,0.0224,
sdft_ema_lora_7b_science_s2_seed42,sdft_ema,7b,mmlu_management,0.8835,0.03176683948640407,0.8835,0.03176683948640407,0.0,
sdft_ema_lora_7b_science_s2_seed42,sdft_ema,7b,mmlu_marketing,0.9231,0.017456987872436165,0.9145,0.018315891685625852,0.0085,
sdft_ema_lora_7b_science_s2_seed42,sdft_ema,7b,mmlu_medical_genetics,0.84,0.03684529491774706,0.81,0.039427724440366255,0.03,
sdft_ema_lora_7b_science_s2_seed42,sdft_ema,7b,mmlu_miscellaneous,0.8531,0.012658201736147321,0.8467,0.01288196896830332,0.0064,
sdft_ema_lora_7b_science_s2_seed42,sdft_ema,7b,mmlu_nutrition,0.7876,0.023420375478296097,0.7908,0.02328768531233484,-0.0033,
sdft_ema_lora_7b_science_s2_seed42,sdft_ema,7b,mmlu_professional_accounting,0.5567,0.029634838473765947,0.5426,0.029719281272236824,0.0142,
sdft_ema_lora_7b_science_s2_seed42,sdft_ema,7b,mmlu_professional_medicine,0.7831,0.025035845227711254,0.7831,0.025035845227711254,0.0,
sdft_ema_lora_7b_science_s2_seed42,sdft_ema,7b,mmlu_virology,0.5241,0.03887971849597267,0.5241,0.03887971849597267,0.0,
sdft_ema_lora_7b_science_s2_seed42,sdft_ema,7b,mmlu_social_sciences,0.8271,0.00670442058942076,0.8232,0.006772378746953645,0.0039,
sdft_ema_lora_7b_science_s2_seed42,sdft_ema,7b,mmlu_econometrics,0.6667,0.04434600701584929,0.6579,0.044629175353369355,0.0088,
sdft_ema_lora_7b_science_s2_seed42,sdft_ema,7b,mmlu_high_school_geography,0.8737,0.023664359402880177,0.8737,0.023664359402880177,0.0,
sdft_ema_lora_7b_science_s2_seed42,sdft_ema,7b,mmlu_high_school_government_and_politics,0.943,0.01673108529360757,0.9378,0.01742697415424056,0.0052,
sdft_ema_lora_7b_science_s2_seed42,sdft_ema,7b,mmlu_high_school_macroeconomics,0.7897,0.020660597485026883,0.7821,0.020932445774463234,0.0077,
sdft_ema_lora_7b_science_s2_seed42,sdft_ema,7b,mmlu_high_school_microeconomics,0.8655,0.02215937307274442,0.8655,0.02215937307274442,0.0,
sdft_ema_lora_7b_science_s2_seed42,sdft_ema,7b,mmlu_high_school_psychology,0.9064,0.012486841824602017,0.8972,0.013018246509173723,0.0092,
sdft_ema_lora_7b_science_s2_seed42,sdft_ema,7b,mmlu_human_sexuality,0.8092,0.03446513350752599,0.8244,0.03336820338476075,-0.0153,
sdft_ema_lora_7b_science_s2_seed42,sdft_ema,7b,mmlu_professional_psychology,0.7598,0.017282760695167303,0.768,0.017077373377857006,-0.0082,
sdft_ema_lora_7b_science_s2_seed42,sdft_ema,7b,mmlu_public_relations,0.7182,0.043091187099464606,0.7091,0.04350271442923247,0.0091,
sdft_ema_lora_7b_science_s2_seed42,sdft_ema,7b,mmlu_security_studies,0.7755,0.02671143055553837,0.7592,0.027372942201788125,0.0163,
sdft_ema_lora_7b_science_s2_seed42,sdft_ema,7b,mmlu_sociology,0.8955,0.021628920516700654,0.8806,0.022928793277219726,0.0149,
sdft_ema_lora_7b_science_s2_seed42,sdft_ema,7b,mmlu_us_foreign_policy,0.86,0.0348735088019777,0.85,0.03588702812826367,0.01,
sdft_ema_lora_7b_science_s2_seed42,sdft_ema,7b,mmlu_stem,0.6835,0.007999256219179365,0.6828,0.008007949390308,0.0006,
sdft_ema_lora_7b_science_s2_seed42,sdft_ema,7b,mmlu_abstract_algebra,0.58,0.04960449637488582,0.54,0.05009082659620331,0.04,
sdft_ema_lora_7b_science_s2_seed42,sdft_ema,7b,mmlu_anatomy,0.7407,0.037857144650666516,0.7259,0.03853254836552005,0.0148,
sdft_ema_lora_7b_science_s2_seed42,sdft_ema,7b,mmlu_astronomy,0.8618,0.028081042939576566,0.8553,0.0286319518459304,0.0066,
sdft_ema_lora_7b_science_s2_seed42,sdft_ema,7b,mmlu_college_biology,0.8681,0.02830096838204442,0.8819,0.026983346503309316,-0.0139,
sdft_ema_lora_7b_science_s2_seed42,sdft_ema,7b,mmlu_college_chemistry,0.53,0.05016135580465919,0.53,0.05016135580465919,0.0,
sdft_ema_lora_7b_science_s2_seed42,sdft_ema,7b,mmlu_college_computer_science,0.66,0.04760952285695234,0.66,0.04760952285695234,0.0,
sdft_ema_lora_7b_science_s2_seed42,sdft_ema,7b,mmlu_college_mathematics,0.41,0.04943110704237104,0.46,0.05009082659620332,-0.05,
sdft_ema_lora_7b_science_s2_seed42,sdft_ema,7b,mmlu_college_physics,0.5098,0.04974229460422813,0.5,0.04975185951049946,0.0098,
sdft_ema_lora_7b_science_s2_seed42,sdft_ema,7b,mmlu_computer_security,0.78,0.041633319989322654,0.81,0.039427724440366255,-0.03,
sdft_ema_lora_7b_science_s2_seed42,sdft_ema,7b,mmlu_conceptual_physics,0.766,0.02767845257821238,0.7574,0.02802022627120023,0.0085,
sdft_ema_lora_7b_science_s2_seed42,sdft_ema,7b,mmlu_electrical_engineering,0.7103,0.03780019230438011,0.6966,0.03831226048850335,0.0138,
sdft_ema_lora_7b_science_s2_seed42,sdft_ema,7b,mmlu_elementary_mathematics,0.6667,0.02427856802430766,0.6614,0.024373197867983004,0.0053,
sdft_ema_lora_7b_science_s2_seed42,sdft_ema,7b,mmlu_high_school_biology,0.8677,0.019272015434846444,0.8677,0.019272015434846444,0.0,
sdft_ema_lora_7b_science_s2_seed42,sdft_ema,7b,mmlu_high_school_chemistry,0.6404,0.0337645824650957,0.6207,0.034139638059062394,0.0197,
sdft_ema_lora_7b_science_s2_seed42,sdft_ema,7b,mmlu_high_school_computer_science,0.81,0.039427724440366255,0.82,0.03861229196653691,-0.01,
sdft_ema_lora_7b_science_s2_seed42,sdft_ema,7b,mmlu_high_school_mathematics,0.5407,0.030384169232350797,0.5481,0.030343862998512657,-0.0074,
sdft_ema_lora_7b_science_s2_seed42,sdft_ema,7b,mmlu_high_school_physics,0.5762,0.040348466786033946,0.5629,0.040500357222306375,0.0132,
sdft_ema_lora_7b_science_s2_seed42,sdft_ema,7b,mmlu_high_school_statistics,0.6713,0.03203614084670054,0.6852,0.03167468706828983,-0.0139,
sdft_ema_lora_7b_science_s2_seed42,sdft_ema,7b,mmlu_machine_learning,0.5179,0.047427623612430116,0.5357,0.04733667890053756,-0.0179,
sdft_ema_lora_7b_science_s2_seed42,sdft_ema,7b,truthfulqa_mc2,0.647,0.015472640501818584,0.619,0.015429134644050681,0.028,
sdft_ema_lora_7b_science_s2_seed42,sdft_ema,7b,winogrande,0.7088,0.012769029305370742,0.7245,0.012555690055709634,-0.0158,
sdft_ema_lora_7b_tooluse_s1_seed1234,sdft_ema,7b,hellaswag,0.8053,0.0039514673865973515,0.8021,0.003975786048190576,0.0032,
sdft_ema_lora_7b_tooluse_s1_seed1234,sdft_ema,7b,humaneval,0.6402,0.0375909243573624,0.6646,0.03697915163403716,-0.0244,
sdft_ema_lora_7b_tooluse_s1_seed1234,sdft_ema,7b,ifeval,0.5619,0.021350931135490865,0.4898,0.021512126001350697,0.0721,
sdft_ema_lora_7b_tooluse_s1_seed1234,sdft_ema,7b,mmlu,0.7173,0.0035813264797393586,0.7162,0.003585103358672649,0.0011,
sdft_ema_lora_7b_tooluse_s1_seed1234,sdft_ema,7b,mmlu_humanities,0.6368,0.006563529300788007,0.6353,0.0065729008925346655,0.0015,
sdft_ema_lora_7b_tooluse_s1_seed1234,sdft_ema,7b,mmlu_formal_logic,0.5635,0.044359328928514664,0.5794,0.044154382267437474,-0.0159,
sdft_ema_lora_7b_tooluse_s1_seed1234,sdft_ema,7b,mmlu_high_school_european_history,0.8485,0.027998073798781685,0.8485,0.027998073798781685,0.0,
sdft_ema_lora_7b_tooluse_s1_seed1234,sdft_ema,7b,mmlu_high_school_us_history,0.902,0.02087111845555211,0.8971,0.02132833757080435,0.0049,
sdft_ema_lora_7b_tooluse_s1_seed1234,sdft_ema,7b,mmlu_high_school_world_history,0.8776,0.02133174182974682,0.8608,0.022535526352692684,0.0169,
sdft_ema_lora_7b_tooluse_s1_seed1234,sdft_ema,7b,mmlu_international_law,0.8099,0.03581796951709283,0.8182,0.03520893951097652,-0.0083,
sdft_ema_lora_7b_tooluse_s1_seed1234,sdft_ema,7b,mmlu_jurisprudence,0.787,0.03957835471980979,0.8056,0.038260763248848646,-0.0185,
sdft_ema_lora_7b_tooluse_s1_seed1234,sdft_ema,7b,mmlu_logical_fallacies,0.8221,0.03004735765580667,0.8282,0.02963471727237104,-0.0061,
sdft_ema_lora_7b_tooluse_s1_seed1234,sdft_ema,7b,mmlu_moral_disputes,0.7659,0.022797110278071155,0.7688,0.02269865716785566,-0.0029,
sdft_ema_lora_7b_tooluse_s1_seed1234,sdft_ema,7b,mmlu_moral_scenarios,0.4212,0.016513676031179602,0.4201,0.016507671073256423,0.0011,
sdft_ema_lora_7b_tooluse_s1_seed1234,sdft_ema,7b,mmlu_philosophy,0.7395,0.0249267232248456,0.7331,0.0251226376088166,0.0064,
sdft_ema_lora_7b_tooluse_s1_seed1234,sdft_ema,7b,mmlu_prehistory,0.8179,0.02147349183480832,0.8179,0.02147349183480832,0.0,
sdft_ema_lora_7b_tooluse_s1_seed1234,sdft_ema,7b,mmlu_professional_law,0.5189,0.012761104871472523,0.5163,0.012763450734699816,0.0026,
sdft_ema_lora_7b_tooluse_s1_seed1234,sdft_ema,7b,mmlu_world_religions,0.8363,0.02838091959614585,0.8246,0.0291708855007277,0.0117,
sdft_ema_lora_7b_tooluse_s1_seed1234,sdft_ema,7b,mmlu_other,0.765,0.007294262943936957,0.7631,0.007302151311858534,0.0019,
sdft_ema_lora_7b_tooluse_s1_seed1234,sdft_ema,7b,mmlu_business_ethics,0.78,0.041633319989322654,0.8,0.04020151261036849,-0.02,
sdft_ema_lora_7b_tooluse_s1_seed1234,sdft_ema,7b,mmlu_clinical_knowledge,0.7774,0.025604233470899053,0.7774,0.025604233470899053,0.0,
sdft_ema_lora_7b_tooluse_s1_seed1234,sdft_ema,7b,mmlu_college_medicine,0.6705,0.03583901754736415,0.6763,0.03567603799639168,-0.0058,
sdft_ema_lora_7b_tooluse_s1_seed1234,sdft_ema,7b,mmlu_global_facts,0.46,0.05009082659620332,0.44,0.049888765156985884,0.02,
sdft_ema_lora_7b_tooluse_s1_seed1234,sdft_ema,7b,mmlu_human_aging,0.7803,0.027790177064383567,0.7668,0.02838039114709467,0.0135,
sdft_ema_lora_7b_tooluse_s1_seed1234,sdft_ema,7b,mmlu_management,0.8835,0.03176683948640407,0.8835,0.03176683948640407,0.0,
sdft_ema_lora_7b_tooluse_s1_seed1234,sdft_ema,7b,mmlu_marketing,0.9231,0.017456987872436165,0.9145,0.018315891685625852,0.0085,
sdft_ema_lora_7b_tooluse_s1_seed1234,sdft_ema,7b,mmlu_medical_genetics,0.84,0.03684529491774706,0.84,0.03684529491774706,0.0,
sdft_ema_lora_7b_tooluse_s1_seed1234,sdft_ema,7b,mmlu_miscellaneous,0.8531,0.012658201736147321,0.8557,0.012566417503320994,-0.0026,
sdft_ema_lora_7b_tooluse_s1_seed1234,sdft_ema,7b,mmlu_nutrition,0.7876,0.023420375478296097,0.7843,0.02355083135199512,0.0033,
sdft_ema_lora_7b_tooluse_s1_seed1234,sdft_ema,7b,mmlu_professional_accounting,0.5567,0.029634838473765947,0.5426,0.029719281272236824,0.0142,
sdft_ema_lora_7b_tooluse_s1_seed1234,sdft_ema,7b,mmlu_professional_medicine,0.7831,0.025035845227711254,0.7831,0.025035845227711254,0.0,
sdft_ema_lora_7b_tooluse_s1_seed1234,sdft_ema,7b,mmlu_virology,0.5241,0.03887971849597267,0.5301,0.03885425420866771,-0.006,
sdft_ema_lora_7b_tooluse_s1_seed1234,sdft_ema,7b,mmlu_social_sciences,0.8271,0.00670442058942076,0.8258,0.006716312140369513,0.0013,
sdft_ema_lora_7b_tooluse_s1_seed1234,sdft_ema,7b,mmlu_econometrics,0.6667,0.04434600701584929,0.6579,0.044629175353369355,0.0088,
sdft_ema_lora_7b_tooluse_s1_seed1234,sdft_ema,7b,mmlu_high_school_geography,0.8737,0.023664359402880177,0.8838,0.02282888177524936,-0.0101,
sdft_ema_lora_7b_tooluse_s1_seed1234,sdft_ema,7b,mmlu_high_school_government_and_politics,0.943,0.01673108529360757,0.943,0.01673108529360757,0.0,
sdft_ema_lora_7b_tooluse_s1_seed1234,sdft_ema,7b,mmlu_high_school_macroeconomics,0.7897,0.020660597485026883,0.7923,0.020567539567246756,-0.0026,
sdft_ema_lora_7b_tooluse_s1_seed1234,sdft_ema,7b,mmlu_high_school_microeconomics,0.8655,0.02215937307274442,0.8697,0.02186325849485208,-0.0042,
sdft_ema_lora_7b_tooluse_s1_seed1234,sdft_ema,7b,mmlu_high_school_psychology,0.9064,0.012486841824602017,0.9046,0.012595899282335761,0.0018,
sdft_ema_lora_7b_tooluse_s1_seed1234,sdft_ema,7b,mmlu_human_sexuality,0.8092,0.03446513350752599,0.8092,0.03446513350752599,0.0,
sdft_ema_lora_7b_tooluse_s1_seed1234,sdft_ema,7b,mmlu_professional_psychology,0.7598,0.017282760695167303,0.7565,0.01736247376214662,0.0033,
sdft_ema_lora_7b_tooluse_s1_seed1234,sdft_ema,7b,mmlu_public_relations,0.7182,0.043091187099464606,0.7,0.04389311454644288,0.0182,
sdft_ema_lora_7b_tooluse_s1_seed1234,sdft_ema,7b,mmlu_security_studies,0.7755,0.02671143055553837,0.7714,0.026882144922307713,0.0041,
sdft_ema_lora_7b_tooluse_s1_seed1234,sdft_ema,7b,mmlu_sociology,0.8955,0.021628920516700654,0.8905,0.022076326101824667,0.005,
sdft_ema_lora_7b_tooluse_s1_seed1234,sdft_ema,7b,mmlu_us_foreign_policy,0.86,0.0348735088019777,0.86,0.0348735088019777,0.0,
sdft_ema_lora_7b_tooluse_s1_seed1234,sdft_ema,7b,mmlu_stem,0.6835,0.007999256219179365,0.6838,0.007999164883596031,-0.0003,
sdft_ema_lora_7b_tooluse_s1_seed1234,sdft_ema,7b,mmlu_abstract_algebra,0.58,0.04960449637488582,0.59,0.04943110704237104,-0.01,
sdft_ema_lora_7b_tooluse_s1_seed1234,sdft_ema,7b,mmlu_anatomy,0.7407,0.037857144650666516,0.7333,0.038201699145179034,0.0074,
sdft_ema_lora_7b_tooluse_s1_seed1234,sdft_ema,7b,mmlu_astronomy,0.8618,0.028081042939576566,0.8553,0.0286319518459304,0.0066,
sdft_ema_lora_7b_tooluse_s1_seed1234,sdft_ema,7b,mmlu_college_biology,0.8681,0.02830096838204442,0.8819,0.026983346503309316,-0.0139,
sdft_ema_lora_7b_tooluse_s1_seed1234,sdft_ema,7b,mmlu_college_chemistry,0.53,0.05016135580465919,0.51,0.05024183937956913,0.02,
sdft_ema_lora_7b_tooluse_s1_seed1234,sdft_ema,7b,mmlu_college_computer_science,0.66,0.04760952285695234,0.66,0.04760952285695234,0.0,
sdft_ema_lora_7b_tooluse_s1_seed1234,sdft_ema,7b,mmlu_college_mathematics,0.41,0.04943110704237104,0.4,0.0492365963917331,0.01,
sdft_ema_lora_7b_tooluse_s1_seed1234,sdft_ema,7b,mmlu_college_physics,0.5098,0.04974229460422813,0.5098,0.04974229460422813,0.0,
sdft_ema_lora_7b_tooluse_s1_seed1234,sdft_ema,7b,mmlu_computer_security,0.78,0.041633319989322654,0.78,0.041633319989322654,0.0,
sdft_ema_lora_7b_tooluse_s1_seed1234,sdft_ema,7b,mmlu_conceptual_physics,0.766,0.02767845257821238,0.7574,0.02802022627120023,0.0085,
sdft_ema_lora_7b_tooluse_s1_seed1234,sdft_ema,7b,mmlu_electrical_engineering,0.7103,0.03780019230438011,0.7034,0.03806142687309988,0.0069,
sdft_ema_lora_7b_tooluse_s1_seed1234,sdft_ema,7b,mmlu_elementary_mathematics,0.6667,0.02427856802430766,0.672,0.024180497164376907,-0.0053,
sdft_ema_lora_7b_tooluse_s1_seed1234,sdft_ema,7b,mmlu_high_school_biology,0.8677,0.019272015434846444,0.8613,0.01966296132141397,0.0065,
sdft_ema_lora_7b_tooluse_s1_seed1234,sdft_ema,7b,mmlu_high_school_chemistry,0.6404,0.0337645824650957,0.6305,0.03395970381998578,0.0099,
sdft_ema_lora_7b_tooluse_s1_seed1234,sdft_ema,7b,mmlu_high_school_computer_science,0.81,0.039427724440366255,0.83,0.03775251680686369,-0.02,
sdft_ema_lora_7b_tooluse_s1_seed1234,sdft_ema,7b,mmlu_high_school_mathematics,0.5407,0.030384169232350797,0.5444,0.03036486250482447,-0.0037,
sdft_ema_lora_7b_tooluse_s1_seed1234,sdft_ema,7b,mmlu_high_school_physics,0.5762,0.040348466786033946,0.5695,0.04042809961395634,0.0066,
sdft_ema_lora_7b_tooluse_s1_seed1234,sdft_ema,7b,mmlu_high_school_statistics,0.6713,0.03203614084670054,0.6806,0.03179876342176851,-0.0093,
sdft_ema_lora_7b_tooluse_s1_seed1234,sdft_ema,7b,mmlu_machine_learning,0.5179,0.047427623612430116,0.5536,0.04718471485219583,-0.0357,
sdft_ema_lora_7b_tooluse_s1_seed1234,sdft_ema,7b,truthfulqa_mc2,0.647,0.015472640501818584,0.6319,0.015513412280372278,0.0151,
sdft_ema_lora_7b_tooluse_s1_seed1234,sdft_ema,7b,winogrande,0.7088,0.012769029305370742,0.7159,0.012675392786772644,-0.0071,
sdft_ema_lora_7b_tooluse_s1_seed2024,sdft_ema,7b,hellaswag,0.8053,0.0039514673865973515,0.8009,0.003984801854419025,0.0044,
sdft_ema_lora_7b_tooluse_s1_seed2024,sdft_ema,7b,humaneval,0.6402,0.0375909243573624,0.6524,0.03729852575607223,-0.0122,
sdft_ema_lora_7b_tooluse_s1_seed2024,sdft_ema,7b,ifeval,0.5619,0.021350931135490865,0.4898,0.021512126001350697,0.0721,
sdft_ema_lora_7b_tooluse_s1_seed2024,sdft_ema,7b,mmlu,0.7173,0.0035813264797393586,0.7153,0.0035869706830074007,0.0021,
sdft_ema_lora_7b_tooluse_s1_seed2024,sdft_ema,7b,mmlu_humanities,0.6368,0.006563529300788007,0.6332,0.0065736155238893595,0.0036,
sdft_ema_lora_7b_tooluse_s1_seed2024,sdft_ema,7b,mmlu_formal_logic,0.5635,0.044359328928514664,0.5873,0.04403438954768178,-0.0238,
sdft_ema_lora_7b_tooluse_s1_seed2024,sdft_ema,7b,mmlu_high_school_european_history,0.8485,0.027998073798781685,0.8485,0.027998073798781685,0.0,
sdft_ema_lora_7b_tooluse_s1_seed2024,sdft_ema,7b,mmlu_high_school_us_history,0.902,0.02087111845555211,0.8971,0.02132833757080435,0.0049,
sdft_ema_lora_7b_tooluse_s1_seed2024,sdft_ema,7b,mmlu_high_school_world_history,0.8776,0.02133174182974682,0.8608,0.022535526352692684,0.0169,
sdft_ema_lora_7b_tooluse_s1_seed2024,sdft_ema,7b,mmlu_international_law,0.8099,0.03581796951709283,0.8099,0.03581796951709283,0.0,
sdft_ema_lora_7b_tooluse_s1_seed2024,sdft_ema,7b,mmlu_jurisprudence,0.787,0.03957835471980979,0.7963,0.038935425188248496,-0.0093,
sdft_ema_lora_7b_tooluse_s1_seed2024,sdft_ema,7b,mmlu_logical_fallacies,0.8221,0.03004735765580667,0.8282,0.02963471727237104,-0.0061,
sdft_ema_lora_7b_tooluse_s1_seed2024,sdft_ema,7b,mmlu_moral_disputes,0.7659,0.022797110278071155,0.7717,0.022598703804321583,-0.0058,
sdft_ema_lora_7b_tooluse_s1_seed2024,sdft_ema,7b,mmlu_moral_scenarios,0.4212,0.016513676031179602,0.4168,0.016489134962438902,0.0045,
sdft_ema_lora_7b_tooluse_s1_seed2024,sdft_ema,7b,mmlu_philosophy,0.7395,0.0249267232248456,0.7331,0.0251226376088166,0.0064,
sdft_ema_lora_7b_tooluse_s1_seed2024,sdft_ema,7b,mmlu_prehistory,0.8179,0.02147349183480832,0.8148,0.0216138093952248,0.0031,
sdft_ema_lora_7b_tooluse_s1_seed2024,sdft_ema,7b,mmlu_professional_law,0.5189,0.012761104871472523,0.5117,0.012766719019686833,0.0072,
sdft_ema_lora_7b_tooluse_s1_seed2024,sdft_ema,7b,mmlu_world_religions,0.8363,0.02838091959614585,0.8304,0.02878210810540169,0.0058,
sdft_ema_lora_7b_tooluse_s1_seed2024,sdft_ema,7b,mmlu_other,0.765,0.007294262943936957,0.7631,0.007297113587018767,0.0019,
sdft_ema_lora_7b_tooluse_s1_seed2024,sdft_ema,7b,mmlu_business_ethics,0.78,0.041633319989322654,0.79,0.040936018074033236,-0.01,
sdft_ema_lora_7b_tooluse_s1_seed2024,sdft_ema,7b,mmlu_clinical_knowledge,0.7774,0.025604233470899053,0.7811,0.025447863825108594,-0.0038,
sdft_ema_lora_7b_tooluse_s1_seed2024,sdft_ema,7b,mmlu_college_medicine,0.6705,0.03583901754736415,0.6821,0.0355068398916558,-0.0116,
sdft_ema_lora_7b_tooluse_s1_seed2024,sdft_ema,7b,mmlu_global_facts,0.46,0.05009082659620332,0.44,0.049888765156985884,0.02,
sdft_ema_lora_7b_tooluse_s1_seed2024,sdft_ema,7b,mmlu_human_aging,0.7803,0.027790177064383567,0.7578,0.028751392398694772,0.0224,
sdft_ema_lora_7b_tooluse_s1_seed2024,sdft_ema,7b,mmlu_management,0.8835,0.03176683948640407,0.8835,0.03176683948640407,0.0,
sdft_ema_lora_7b_tooluse_s1_seed2024,sdft_ema,7b,mmlu_marketing,0.9231,0.017456987872436165,0.9188,0.017893784904018484,0.0043,
sdft_ema_lora_7b_tooluse_s1_seed2024,sdft_ema,7b,mmlu_medical_genetics,0.84,0.03684529491774706,0.82,0.03861229196653691,0.02,
sdft_ema_lora_7b_tooluse_s1_seed2024,sdft_ema,7b,mmlu_miscellaneous,0.8531,0.012658201736147321,0.8582,0.012473289071271968,-0.0051,
sdft_ema_lora_7b_tooluse_s1_seed2024,sdft_ema,7b,mmlu_nutrition,0.7876,0.023420375478296097,0.7843,0.02355083135199512,0.0033,
sdft_ema_lora_7b_tooluse_s1_seed2024,sdft_ema,7b,mmlu_professional_accounting,0.5567,0.029634838473765947,0.539,0.029736592526424455,0.0177,
sdft_ema_lora_7b_tooluse_s1_seed2024,sdft_ema,7b,mmlu_professional_medicine,0.7831,0.025035845227711254,0.7868,0.024880971512294292,-0.0037,
sdft_ema_lora_7b_tooluse_s1_seed2024,sdft_ema,7b,mmlu_virology,0.5241,0.03887971849597267,0.5301,0.03885425420866771,-0.006,
sdft_ema_lora_7b_tooluse_s1_seed2024,sdft_ema,7b,mmlu_social_sciences,0.8271,0.00670442058942076,0.8268,0.006709945846971759,0.0003,
sdft_ema_lora_7b_tooluse_s1_seed2024,sdft_ema,7b,mmlu_econometrics,0.6667,0.04434600701584929,0.6667,0.04434600701584929,0.0,
sdft_ema_lora_7b_tooluse_s1_seed2024,sdft_ema,7b,mmlu_high_school_geography,0.8737,0.023664359402880177,0.8737,0.023664359402880177,0.0,
sdft_ema_lora_7b_tooluse_s1_seed2024,sdft_ema,7b,mmlu_high_school_government_and_politics,0.943,0.01673108529360757,0.943,0.01673108529360757,0.0,
sdft_ema_lora_7b_tooluse_s1_seed2024,sdft_ema,7b,mmlu_high_school_macroeconomics,0.7897,0.020660597485026883,0.7923,0.020567539567246756,-0.0026,
sdft_ema_lora_7b_tooluse_s1_seed2024,sdft_ema,7b,mmlu_high_school_microeconomics,0.8655,0.02215937307274442,0.8739,0.021559623121213883,-0.0084,
sdft_ema_lora_7b_tooluse_s1_seed2024,sdft_ema,7b,mmlu_high_school_psychology,0.9064,0.012486841824602017,0.9046,0.012595899282335761,0.0018,
sdft_ema_lora_7b_tooluse_s1_seed2024,sdft_ema,7b,mmlu_human_sexuality,0.8092,0.03446513350752599,0.8092,0.03446513350752599,0.0,
sdft_ema_lora_7b_tooluse_s1_seed2024,sdft_ema,7b,mmlu_professional_psychology,0.7598,0.017282760695167303,0.7614,0.017242385828779655,-0.0016,
sdft_ema_lora_7b_tooluse_s1_seed2024,sdft_ema,7b,mmlu_public_relations,0.7182,0.043091187099464606,0.7091,0.04350271442923247,0.0091,
sdft_ema_lora_7b_tooluse_s1_seed2024,sdft_ema,7b,mmlu_security_studies,0.7755,0.02671143055553837,0.7714,0.026882144922307713,0.0041,
sdft_ema_lora_7b_tooluse_s1_seed2024,sdft_ema,7b,mmlu_sociology,0.8955,0.021628920516700654,0.8905,0.022076326101824667,0.005,
sdft_ema_lora_7b_tooluse_s1_seed2024,sdft_ema,7b,mmlu_us_foreign_policy,0.86,0.0348735088019777,0.85,0.03588702812826367,0.01,
sdft_ema_lora_7b_tooluse_s1_seed2024,sdft_ema,7b,mmlu_stem,0.6835,0.007999256219179365,0.6819,0.008024022170700397,0.0016,
sdft_ema_lora_7b_tooluse_s1_seed2024,sdft_ema,7b,mmlu_abstract_algebra,0.58,0.04960449637488582,0.58,0.04960449637488582,0.0,
sdft_ema_lora_7b_tooluse_s1_seed2024,sdft_ema,7b,mmlu_anatomy,0.7407,0.037857144650666516,0.7407,0.037857144650666516,0.0,
sdft_ema_lora_7b_tooluse_s1_seed2024,sdft_ema,7b,mmlu_astronomy,0.8618,0.028081042939576566,0.8553,0.0286319518459304,0.0066,
sdft_ema_lora_7b_tooluse_s1_seed2024,sdft_ema,7b,mmlu_college_biology,0.8681,0.02830096838204442,0.8681,0.02830096838204442,0.0,
sdft_ema_lora_7b_tooluse_s1_seed2024,sdft_ema,7b,mmlu_college_chemistry,0.53,0.05016135580465919,0.54,0.05009082659620331,-0.01,
sdft_ema_lora_7b_tooluse_s1_seed2024,sdft_ema,7b,mmlu_college_computer_science,0.66,0.04760952285695234,0.66,0.04760952285695234,0.0,
sdft_ema_lora_7b_tooluse_s1_seed2024,sdft_ema,7b,mmlu_college_mathematics,0.41,0.04943110704237104,0.43,0.049756985195624305,-0.02,
sdft_ema_lora_7b_tooluse_s1_seed2024,sdft_ema,7b,mmlu_college_physics,0.5098,0.04974229460422813,0.5098,0.04974229460422813,0.0,
sdft_ema_lora_7b_tooluse_s1_seed2024,sdft_ema,7b,mmlu_computer_security,0.78,0.041633319989322654,0.78,0.041633319989322654,0.0,
sdft_ema_lora_7b_tooluse_s1_seed2024,sdft_ema,7b,mmlu_conceptual_physics,0.766,0.02767845257821238,0.7574,0.02802022627120023,0.0085,
sdft_ema_lora_7b_tooluse_s1_seed2024,sdft_ema,7b,mmlu_electrical_engineering,0.7103,0.03780019230438011,0.6966,0.03831226048850335,0.0138,
sdft_ema_lora_7b_tooluse_s1_seed2024,sdft_ema,7b,mmlu_elementary_mathematics,0.6667,0.02427856802430766,0.6667,0.02427856802430766,0.0,
sdft_ema_lora_7b_tooluse_s1_seed2024,sdft_ema,7b,mmlu_high_school_biology,0.8677,0.019272015434846444,0.8581,0.019853003676559757,0.0097,
sdft_ema_lora_7b_tooluse_s1_seed2024,sdft_ema,7b,mmlu_high_school_chemistry,0.6404,0.0337645824650957,0.6305,0.03395970381998578,0.0099,
sdft_ema_lora_7b_tooluse_s1_seed2024,sdft_ema,7b,mmlu_high_school_computer_science,0.81,0.039427724440366255,0.83,0.03775251680686369,-0.02,
sdft_ema_lora_7b_tooluse_s1_seed2024,sdft_ema,7b,mmlu_high_school_mathematics,0.5407,0.030384169232350797,0.5333,0.03041771696171749,0.0074,
sdft_ema_lora_7b_tooluse_s1_seed2024,sdft_ema,7b,mmlu_high_school_physics,0.5762,0.040348466786033946,0.5563,0.04056527902281736,0.0199,
sdft_ema_lora_7b_tooluse_s1_seed2024,sdft_ema,7b,mmlu_high_school_statistics,0.6713,0.03203614084670054,0.6806,0.03179876342176851,-0.0093,
sdft_ema_lora_7b_tooluse_s1_seed2024,sdft_ema,7b,mmlu_machine_learning,0.5179,0.047427623612430116,0.5446,0.04726835553719097,-0.0268,
sdft_ema_lora_7b_tooluse_s1_seed2024,sdft_ema,7b,truthfulqa_mc2,0.647,0.015472640501818584,0.6318,0.015477952834552156,0.0152,
sdft_ema_lora_7b_tooluse_s1_seed2024,sdft_ema,7b,winogrande,0.7088,0.012769029305370742,0.7174,0.012654062850971258,-0.0087,
sdft_ema_lora_7b_tooluse_s1_seed42,sdft_ema,7b,hellaswag,0.8053,0.0039514673865973515,0.8008,0.003985550640330139,0.0045,
sdft_ema_lora_7b_tooluse_s1_seed42,sdft_ema,7b,humaneval,0.6402,0.0375909243573624,0.6707,0.0368091316454825,-0.0305,
sdft_ema_lora_7b_tooluse_s1_seed42,sdft_ema,7b,ifeval,0.5619,0.021350931135490865,0.5028,0.021516243323548144,0.0591,
sdft_ema_lora_7b_tooluse_s1_seed42,sdft_ema,7b,mmlu,0.7173,0.0035813264797393586,0.7157,0.0035867420353341696,0.0016,
sdft_ema_lora_7b_tooluse_s1_seed42,sdft_ema,7b,mmlu_humanities,0.6368,0.006563529300788007,0.6334,0.006575364556235487,0.0034,
sdft_ema_lora_7b_tooluse_s1_seed42,sdft_ema,7b,mmlu_formal_logic,0.5635,0.044359328928514664,0.5873,0.04403438954768178,-0.0238,
sdft_ema_lora_7b_tooluse_s1_seed42,sdft_ema,7b,mmlu_high_school_european_history,0.8485,0.027998073798781685,0.8485,0.027998073798781685,0.0,
sdft_ema_lora_7b_tooluse_s1_seed42,sdft_ema,7b,mmlu_high_school_us_history,0.902,0.02087111845555211,0.8922,0.021770522281368408,0.0098,
sdft_ema_lora_7b_tooluse_s1_seed42,sdft_ema,7b,mmlu_high_school_world_history,0.8776,0.02133174182974682,0.865,0.022245776632003705,0.0127,
sdft_ema_lora_7b_tooluse_s1_seed42,sdft_ema,7b,mmlu_international_law,0.8099,0.03581796951709283,0.8099,0.03581796951709283,0.0,
sdft_ema_lora_7b_tooluse_s1_seed42,sdft_ema,7b,mmlu_jurisprudence,0.787,0.03957835471980979,0.7963,0.038935425188248496,-0.0093,
sdft_ema_lora_7b_tooluse_s1_seed42,sdft_ema,7b,mmlu_logical_fallacies,0.8221,0.03004735765580667,0.8282,0.02963471727237104,-0.0061,
sdft_ema_lora_7b_tooluse_s1_seed42,sdft_ema,7b,mmlu_moral_disputes,0.7659,0.022797110278071155,0.7717,0.022598703804321583,-0.0058,
sdft_ema_lora_7b_tooluse_s1_seed42,sdft_ema,7b,mmlu_moral_scenarios,0.4212,0.016513676031179602,0.4179,0.01649540063582002,0.0034,
sdft_ema_lora_7b_tooluse_s1_seed42,sdft_ema,7b,mmlu_philosophy,0.7395,0.0249267232248456,0.7267,0.025311765975426094,0.0129,
sdft_ema_lora_7b_tooluse_s1_seed42,sdft_ema,7b,mmlu_prehistory,0.8179,0.02147349183480832,0.821,0.02133086876212711,-0.0031,
sdft_ema_lora_7b_tooluse_s1_seed42,sdft_ema,7b,mmlu_professional_law,0.5189,0.012761104871472523,0.5124,0.012766317315473681,0.0065,
sdft_ema_lora_7b_tooluse_s1_seed42,sdft_ema,7b,mmlu_world_religions,0.8363,0.02838091959614585,0.8246,0.0291708855007277,0.0117,
sdft_ema_lora_7b_tooluse_s1_seed42,sdft_ema,7b,mmlu_other,0.765,0.007294262943936957,0.7631,0.007309673458867319,0.0019,
sdft_ema_lora_7b_tooluse_s1_seed42,sdft_ema,7b,mmlu_business_ethics,0.78,0.041633319989322654,0.79,0.040936018074033236,-0.01,
sdft_ema_lora_7b_tooluse_s1_seed42,sdft_ema,7b,mmlu_clinical_knowledge,0.7774,0.025604233470899053,0.7811,0.025447863825108594,-0.0038,
sdft_ema_lora_7b_tooluse_s1_seed42,sdft_ema,7b,mmlu_college_medicine,0.6705,0.03583901754736415,0.6763,0.03567603799639168,-0.0058,
sdft_ema_lora_7b_tooluse_s1_seed42,sdft_ema,7b,mmlu_global_facts,0.46,0.05009082659620332,0.45,0.05,0.01,
sdft_ema_lora_7b_tooluse_s1_seed42,sdft_ema,7b,mmlu_human_aging,0.7803,0.027790177064383567,0.7668,0.02838039114709467,0.0135,
sdft_ema_lora_7b_tooluse_s1_seed42,sdft_ema,7b,mmlu_management,0.8835,0.03176683948640407,0.8835,0.03176683948640407,0.0,
sdft_ema_lora_7b_tooluse_s1_seed42,sdft_ema,7b,mmlu_marketing,0.9231,0.017456987872436165,0.9103,0.018724301741941646,0.0128,
sdft_ema_lora_7b_tooluse_s1_seed42,sdft_ema,7b,mmlu_medical_genetics,0.84,0.03684529491774706,0.81,0.039427724440366255,0.03,
sdft_ema_lora_7b_tooluse_s1_seed42,sdft_ema,7b,mmlu_miscellaneous,0.8531,0.012658201736147321,0.857,0.012520023176796482,-0.0038,
sdft_ema_lora_7b_tooluse_s1_seed42,sdft_ema,7b,mmlu_nutrition,0.7876,0.023420375478296097,0.7843,0.02355083135199512,0.0033,
sdft_ema_lora_7b_tooluse_s1_seed42,sdft_ema,7b,mmlu_professional_accounting,0.5567,0.029634838473765947,0.5426,0.029719281272236824,0.0142,
sdft_ema_lora_7b_tooluse_s1_seed42,sdft_ema,7b,mmlu_professional_medicine,0.7831,0.025035845227711254,0.7904,0.024723110407677,-0.0074,
sdft_ema_lora_7b_tooluse_s1_seed42,sdft_ema,7b,mmlu_virology,0.5241,0.03887971849597267,0.5301,0.03885425420866771,-0.006,
sdft_ema_lora_7b_tooluse_s1_seed42,sdft_ema,7b,mmlu_social_sciences,0.8271,0.00670442058942076,0.8265,0.006720228630439918,0.0006,
sdft_ema_lora_7b_tooluse_s1_seed42,sdft_ema,7b,mmlu_econometrics,0.6667,0.04434600701584929,0.6754,0.044045561573747664,-0.0088,
sdft_ema_lora_7b_tooluse_s1_seed42,sdft_ema,7b,mmlu_high_school_geography,0.8737,0.023664359402880177,0.8687,0.02406315641682249,0.0051,
sdft_ema_lora_7b_tooluse_s1_seed42,sdft_ema,7b,mmlu_high_school_government_and_politics,0.943,0.01673108529360757,0.9378,0.01742697415424056,0.0052,
sdft_ema_lora_7b_tooluse_s1_seed42,sdft_ema,7b,mmlu_high_school_macroeconomics,0.7897,0.020660597485026883,0.7923,0.020567539567246756,-0.0026,
sdft_ema_lora_7b_tooluse_s1_seed42,sdft_ema,7b,mmlu_high_school_microeconomics,0.8655,0.02215937307274442,0.8739,0.021559623121213883,-0.0084,
sdft_ema_lora_7b_tooluse_s1_seed42,sdft_ema,7b,mmlu_high_school_psychology,0.9064,0.012486841824602017,0.9028,0.01270353340854044,0.0037,
sdft_ema_lora_7b_tooluse_s1_seed42,sdft_ema,7b,mmlu_human_sexuality,0.8092,0.03446513350752599,0.8092,0.03446513350752599,0.0,
sdft_ema_lora_7b_tooluse_s1_seed42,sdft_ema,7b,mmlu_professional_psychology,0.7598,0.017282760695167303,0.7614,0.017242385828779655,-0.0016,
sdft_ema_lora_7b_tooluse_s1_seed42,sdft_ema,7b,mmlu_public_relations,0.7182,0.043091187099464606,0.7091,0.04350271442923247,0.0091,
sdft_ema_lora_7b_tooluse_s1_seed42,sdft_ema,7b,mmlu_security_studies,0.7755,0.02671143055553837,0.7714,0.026882144922307713,0.0041,
sdft_ema_lora_7b_tooluse_s1_seed42,sdft_ema,7b,mmlu_sociology,0.8955,0.021628920516700654,0.8955,0.021628920516700654,0.0,
sdft_ema_lora_7b_tooluse_s1_seed42,sdft_ema,7b,mmlu_us_foreign_policy,0.86,0.0348735088019777,0.85,0.03588702812826367,0.01,
sdft_ema_lora_7b_tooluse_s1_seed42,sdft_ema,7b,mmlu_stem,0.6835,0.007999256219179365,0.6838,0.007999417273620591,-0.0003,
sdft_ema_lora_7b_tooluse_s1_seed42,sdft_ema,7b,mmlu_abstract_algebra,0.58,0.04960449637488582,0.59,0.04943110704237104,-0.01,
sdft_ema_lora_7b_tooluse_s1_seed42,sdft_ema,7b,mmlu_anatomy,0.7407,0.037857144650666516,0.7407,0.037857144650666516,0.0,
sdft_ema_lora_7b_tooluse_s1_seed42,sdft_ema,7b,mmlu_astronomy,0.8618,0.028081042939576566,0.8684,0.027508689533549957,-0.0066,
sdft_ema_lora_7b_tooluse_s1_seed42,sdft_ema,7b,mmlu_college_biology,0.8681,0.02830096838204442,0.8681,0.02830096838204442,0.0,
sdft_ema_lora_7b_tooluse_s1_seed42,sdft_ema,7b,mmlu_college_chemistry,0.53,0.05016135580465919,0.52,0.05021167315686783,0.01,
sdft_ema_lora_7b_tooluse_s1_seed42,sdft_ema,7b,mmlu_college_computer_science,0.66,0.04760952285695234,0.68,0.046882617226215076,-0.02,
sdft_ema_lora_7b_tooluse_s1_seed42,sdft_ema,7b,mmlu_college_mathematics,0.41,0.04943110704237104,0.41,0.04943110704237104,0.0,
sdft_ema_lora_7b_tooluse_s1_seed42,sdft_ema,7b,mmlu_college_physics,0.5098,0.04974229460422813,0.5098,0.04974229460422813,0.0,
sdft_ema_lora_7b_tooluse_s1_seed42,sdft_ema,7b,mmlu_computer_security,0.78,0.041633319989322654,0.78,0.041633319989322654,0.0,
sdft_ema_lora_7b_tooluse_s1_seed42,sdft_ema,7b,mmlu_conceptual_physics,0.766,0.02767845257821238,0.7574,0.02802022627120023,0.0085,
sdft_ema_lora_7b_tooluse_s1_seed42,sdft_ema,7b,mmlu_electrical_engineering,0.7103,0.03780019230438011,0.6897,0.03855289616378948,0.0207,
sdft_ema_lora_7b_tooluse_s1_seed42,sdft_ema,7b,mmlu_elementary_mathematics,0.6667,0.02427856802430766,0.6693,0.02422996529842509,-0.0026,
sdft_ema_lora_7b_tooluse_s1_seed42,sdft_ema,7b,mmlu_high_school_biology,0.8677,0.019272015434846444,0.8645,0.01946933458648694,0.0032,
sdft_ema_lora_7b_tooluse_s1_seed42,sdft_ema,7b,mmlu_high_school_chemistry,0.6404,0.0337645824650957,0.6305,0.03395970381998578,0.0099,
sdft_ema_lora_7b_tooluse_s1_seed42,sdft_ema,7b,mmlu_high_school_computer_science,0.81,0.039427724440366255,0.82,0.03861229196653691,-0.01,
sdft_ema_lora_7b_tooluse_s1_seed42,sdft_ema,7b,mmlu_high_school_mathematics,0.5407,0.030384169232350797,0.537,0.030401786406101534,0.0037,
sdft_ema_lora_7b_tooluse_s1_seed42,sdft_ema,7b,mmlu_high_school_physics,0.5762,0.040348466786033946,0.5629,0.040500357222306375,0.0132,
sdft_ema_lora_7b_tooluse_s1_seed42,sdft_ema,7b,mmlu_high_school_statistics,0.6713,0.03203614084670054,0.6852,0.03167468706828983,-0.0139,
sdft_ema_lora_7b_tooluse_s1_seed42,sdft_ema,7b,mmlu_machine_learning,0.5179,0.047427623612430116,0.5536,0.04718471485219583,-0.0357,
sdft_ema_lora_7b_tooluse_s1_seed42,sdft_ema,7b,truthfulqa_mc2,0.647,0.015472640501818584,0.6335,0.015480602017050716,0.0135,
sdft_ema_lora_7b_tooluse_s1_seed42,sdft_ema,7b,winogrande,0.7088,0.012769029305370742,0.7198,0.012621707979798608,-0.011,
sdft_frozen_lora_7b_tooluse_s1_seed42,sdft_frozen,7b,hellaswag,0.8053,0.0039514673865973515,0.8034,0.003965955330733219,0.0019,
sdft_frozen_lora_7b_tooluse_s1_seed42,sdft_frozen,7b,humaneval,0.6402,0.0375909243573624,0.6524,0.03729852575607223,-0.0122,
sdft_frozen_lora_7b_tooluse_s1_seed42,sdft_frozen,7b,ifeval,0.5619,0.021350931135490865,0.5397,0.021448501434135032,0.0222,
sdft_frozen_lora_7b_tooluse_s1_seed42,sdft_frozen,7b,mmlu,0.7173,0.0035813264797393586,0.7166,0.003583975443329516,0.0008,
sdft_frozen_lora_7b_tooluse_s1_seed42,sdft_frozen,7b,mmlu_humanities,0.6368,0.006563529300788007,0.6344,0.006568543294482307,0.0023,
sdft_frozen_lora_7b_tooluse_s1_seed42,sdft_frozen,7b,mmlu_formal_logic,0.5635,0.044359328928514664,0.5794,0.044154382267437474,-0.0159,
sdft_frozen_lora_7b_tooluse_s1_seed42,sdft_frozen,7b,mmlu_high_school_european_history,0.8485,0.027998073798781685,0.8485,0.027998073798781685,0.0,
sdft_frozen_lora_7b_tooluse_s1_seed42,sdft_frozen,7b,mmlu_high_school_us_history,0.902,0.02087111845555211,0.8971,0.02132833757080435,0.0049,
sdft_frozen_lora_7b_tooluse_s1_seed42,sdft_frozen,7b,mmlu_high_school_world_history,0.8776,0.02133174182974682,0.8608,0.022535526352692684,0.0169,
sdft_frozen_lora_7b_tooluse_s1_seed42,sdft_frozen,7b,mmlu_international_law,0.8099,0.03581796951709283,0.8099,0.03581796951709283,0.0,
sdft_frozen_lora_7b_tooluse_s1_seed42,sdft_frozen,7b,mmlu_jurisprudence,0.787,0.03957835471980979,0.8056,0.038260763248848646,-0.0185,
sdft_frozen_lora_7b_tooluse_s1_seed42,sdft_frozen,7b,mmlu_logical_fallacies,0.8221,0.03004735765580667,0.8221,0.03004735765580667,0.0,
sdft_frozen_lora_7b_tooluse_s1_seed42,sdft_frozen,7b,mmlu_moral_disputes,0.7659,0.022797110278071155,0.7746,0.02249723019096748,-0.0087,
sdft_frozen_lora_7b_tooluse_s1_seed42,sdft_frozen,7b,mmlu_moral_scenarios,0.4212,0.016513676031179602,0.4156,0.016482782187500572,0.0056,
sdft_frozen_lora_7b_tooluse_s1_seed42,sdft_frozen,7b,mmlu_philosophy,0.7395,0.0249267232248456,0.7299,0.02521804037341055,0.0096,
sdft_frozen_lora_7b_tooluse_s1_seed42,sdft_frozen,7b,mmlu_prehistory,0.8179,0.02147349183480832,0.821,0.02133086876212711,-0.0031,
sdft_frozen_lora_7b_tooluse_s1_seed42,sdft_frozen,7b,mmlu_professional_law,0.5189,0.012761104871472523,0.5156,0.012763982838120936,0.0033,
sdft_frozen_lora_7b_tooluse_s1_seed42,sdft_frozen,7b,mmlu_world_religions,0.8363,0.02838091959614585,0.8304,0.02878210810540169,0.0058,
sdft_frozen_lora_7b_tooluse_s1_seed42,sdft_frozen,7b,mmlu_other,0.765,0.007294262943936957,0.7641,0.007294917970146637,0.001,
sdft_frozen_lora_7b_tooluse_s1_seed42,sdft_frozen,7b,mmlu_business_ethics,0.78,0.041633319989322654,0.79,0.040936018074033236,-0.01,
sdft_frozen_lora_7b_tooluse_s1_seed42,sdft_frozen,7b,mmlu_clinical_knowledge,0.7774,0.025604233470899053,0.7811,0.025447863825108594,-0.0038,
sdft_frozen_lora_7b_tooluse_s1_seed42,sdft_frozen,7b,mmlu_college_medicine,0.6705,0.03583901754736415,0.6763,0.03567603799639168,-0.0058,
sdft_frozen_lora_7b_tooluse_s1_seed42,sdft_frozen,7b,mmlu_global_facts,0.46,0.05009082659620332,0.45,0.05,0.01,
sdft_frozen_lora_7b_tooluse_s1_seed42,sdft_frozen,7b,mmlu_human_aging,0.7803,0.027790177064383567,0.7668,0.02838039114709467,0.0135,
sdft_frozen_lora_7b_tooluse_s1_seed42,sdft_frozen,7b,mmlu_management,0.8835,0.03176683948640407,0.8835,0.03176683948640407,0.0,
sdft_frozen_lora_7b_tooluse_s1_seed42,sdft_frozen,7b,mmlu_marketing,0.9231,0.017456987872436165,0.9231,0.017456987872436165,0.0,
sdft_frozen_lora_7b_tooluse_s1_seed42,sdft_frozen,7b,mmlu_medical_genetics,0.84,0.03684529491774706,0.82,0.03861229196653691,0.02,
sdft_frozen_lora_7b_tooluse_s1_seed42,sdft_frozen,7b,mmlu_miscellaneous,0.8531,0.012658201736147321,0.857,0.012520023176796482,-0.0038,
sdft_frozen_lora_7b_tooluse_s1_seed42,sdft_frozen,7b,mmlu_nutrition,0.7876,0.023420375478296097,0.7843,0.02355083135199512,0.0033,
sdft_frozen_lora_7b_tooluse_s1_seed42,sdft_frozen,7b,mmlu_professional_accounting,0.5567,0.029634838473765947,0.5461,0.029700453247291494,0.0106,
sdft_frozen_lora_7b_tooluse_s1_seed42,sdft_frozen,7b,mmlu_professional_medicine,0.7831,0.025035845227711254,0.7831,0.025035845227711254,0.0,
sdft_frozen_lora_7b_tooluse_s1_seed42,sdft_frozen,7b,mmlu_virology,0.5241,0.03887971849597267,0.5301,0.03885425420866771,-0.006,
sdft_frozen_lora_7b_tooluse_s1_seed42,sdft_frozen,7b,mmlu_social_sciences,0.8271,0.00670442058942076,0.8274,0.006705870166862678,-0.0003,
sdft_frozen_lora_7b_tooluse_s1_seed42,sdft_frozen,7b,mmlu_econometrics,0.6667,0.04434600701584929,0.6754,0.044045561573747664,-0.0088,
sdft_frozen_lora_7b_tooluse_s1_seed42,sdft_frozen,7b,mmlu_high_school_geography,0.8737,0.023664359402880177,0.8788,0.02325315795194205,-0.0051,
sdft_frozen_lora_7b_tooluse_s1_seed42,sdft_frozen,7b,mmlu_high_school_government_and_politics,0.943,0.01673108529360757,0.9378,0.01742697415424056,0.0052,
sdft_frozen_lora_7b_tooluse_s1_seed42,sdft_frozen,7b,mmlu_high_school_macroeconomics,0.7897,0.020660597485026883,0.7949,0.02047323317355194,-0.0051,
sdft_frozen_lora_7b_tooluse_s1_seed42,sdft_frozen,7b,mmlu_high_school_microeconomics,0.8655,0.02215937307274442,0.8697,0.02186325849485208,-0.0042,
sdft_frozen_lora_7b_tooluse_s1_seed42,sdft_frozen,7b,mmlu_high_school_psychology,0.9064,0.012486841824602017,0.9046,0.012595899282335761,0.0018,
sdft_frozen_lora_7b_tooluse_s1_seed42,sdft_frozen,7b,mmlu_human_sexuality,0.8092,0.03446513350752599,0.8092,0.03446513350752599,0.0,
sdft_frozen_lora_7b_tooluse_s1_seed42,sdft_frozen,7b,mmlu_professional_psychology,0.7598,0.017282760695167303,0.7631,0.017201662169789703,-0.0033,
sdft_frozen_lora_7b_tooluse_s1_seed42,sdft_frozen,7b,mmlu_public_relations,0.7182,0.043091187099464606,0.7091,0.04350271442923247,0.0091,
sdft_frozen_lora_7b_tooluse_s1_seed42,sdft_frozen,7b,mmlu_security_studies,0.7755,0.02671143055553837,0.7714,0.026882144922307713,0.0041,
sdft_frozen_lora_7b_tooluse_s1_seed42,sdft_frozen,7b,mmlu_sociology,0.8955,0.021628920516700654,0.8856,0.02250934532510173,0.01,
sdft_frozen_lora_7b_tooluse_s1_seed42,sdft_frozen,7b,mmlu_us_foreign_policy,0.86,0.0348735088019777,0.86,0.0348735088019777,0.0,
sdft_frozen_lora_7b_tooluse_s1_seed42,sdft_frozen,7b,mmlu_stem,0.6835,0.007999256219179365,0.6841,0.008011888478576938,-0.0006,
sdft_frozen_lora_7b_tooluse_s1_seed42,sdft_frozen,7b,mmlu_abstract_algebra,0.58,0.04960449637488582,0.59,0.04943110704237104,-0.01,
sdft_frozen_lora_7b_tooluse_s1_seed42,sdft_frozen,7b,mmlu_anatomy,0.7407,0.037857144650666516,0.7333,0.038201699145179034,0.0074,
sdft_frozen_lora_7b_tooluse_s1_seed42,sdft_frozen,7b,mmlu_astronomy,0.8618,0.028081042939576566,0.8553,0.0286319518459304,0.0066,
sdft_frozen_lora_7b_tooluse_s1_seed42,sdft_frozen,7b,mmlu_college_biology,0.8681,0.02830096838204442,0.8681,0.02830096838204442,0.0,
sdft_frozen_lora_7b_tooluse_s1_seed42,sdft_frozen,7b,mmlu_college_chemistry,0.53,0.05016135580465919,0.54,0.05009082659620331,-0.01,
sdft_frozen_lora_7b_tooluse_s1_seed42,sdft_frozen,7b,mmlu_college_computer_science,0.66,0.04760952285695234,0.67,0.04725815626252609,-0.01,
sdft_frozen_lora_7b_tooluse_s1_seed42,sdft_frozen,7b,mmlu_college_mathematics,0.41,0.04943110704237104,0.42,0.04960449637488583,-0.01,
sdft_frozen_lora_7b_tooluse_s1_seed42,sdft_frozen,7b,mmlu_college_physics,0.5098,0.04974229460422813,0.5196,0.049713588843674016,-0.0098,
sdft_frozen_lora_7b_tooluse_s1_seed42,sdft_frozen,7b,mmlu_computer_security,0.78,0.041633319989322654,0.78,0.041633319989322654,0.0,
sdft_frozen_lora_7b_tooluse_s1_seed42,sdft_frozen,7b,mmlu_conceptual_physics,0.766,0.02767845257821238,0.7617,0.02785125297388981,0.0043,
sdft_frozen_lora_7b_tooluse_s1_seed42,sdft_frozen,7b,mmlu_electrical_engineering,0.7103,0.03780019230438011,0.6966,0.03831226048850335,0.0138,
sdft_frozen_lora_7b_tooluse_s1_seed42,sdft_frozen,7b,mmlu_elementary_mathematics,0.6667,0.02427856802430766,0.664,0.02432631052914909,0.0026,
sdft_frozen_lora_7b_tooluse_s1_seed42,sdft_frozen,7b,mmlu_high_school_biology,0.8677,0.019272015434846444,0.8645,0.01946933458648694,0.0032,
sdft_frozen_lora_7b_tooluse_s1_seed42,sdft_frozen,7b,mmlu_high_school_chemistry,0.6404,0.0337645824650957,0.6355,0.033864057460620954,0.0049,
sdft_frozen_lora_7b_tooluse_s1_seed42,sdft_frozen,7b,mmlu_high_school_computer_science,0.81,0.039427724440366255,0.82,0.03861229196653691,-0.01,
sdft_frozen_lora_7b_tooluse_s1_seed42,sdft_frozen,7b,mmlu_high_school_mathematics,0.5407,0.030384169232350797,0.537,0.030401786406101534,0.0037,
sdft_frozen_lora_7b_tooluse_s1_seed42,sdft_frozen,7b,mmlu_high_school_physics,0.5762,0.040348466786033946,0.5762,0.040348466786033946,0.0,
sdft_frozen_lora_7b_tooluse_s1_seed42,sdft_frozen,7b,mmlu_high_school_statistics,0.6713,0.03203614084670054,0.6806,0.03179876342176851,-0.0093,
sdft_frozen_lora_7b_tooluse_s1_seed42,sdft_frozen,7b,mmlu_machine_learning,0.5179,0.047427623612430116,0.5446,0.04726835553719097,-0.0268,
sdft_frozen_lora_7b_tooluse_s1_seed42,sdft_frozen,7b,truthfulqa_mc2,0.647,0.015472640501818584,0.6382,0.015488066194259674,0.0088,
sdft_frozen_lora_7b_tooluse_s1_seed42,sdft_frozen,7b,winogrande,0.7088,0.012769029305370742,0.7174,0.012654062850971258,-0.0087,
sft_lora_7b_science_s2_acq50_seed1234,sft_acq50,7b,hellaswag,0.8053,0.0039514673865973515,0.7948,0.004030500234129671,0.0106,
sft_lora_7b_science_s2_acq50_seed1234,sft_acq50,7b,humaneval,0.6402,0.0375909243573624,0.6707,0.0368091316454825,-0.0305,
sft_lora_7b_science_s2_acq50_seed1234,sft_acq50,7b,ifeval,0.5619,0.021350931135490865,0.4529,0.02142075394952955,0.1091,
sft_lora_7b_science_s2_acq50_seed1234,sft_acq50,7b,mmlu,0.7173,0.0035813264797393586,0.7141,0.0035931124897200318,0.0033,
sft_lora_7b_science_s2_acq50_seed1234,sft_acq50,7b,mmlu_humanities,0.6368,0.006563529300788007,0.6312,0.006579386364212532,0.0055,
sft_lora_7b_science_s2_acq50_seed1234,sft_acq50,7b,mmlu_formal_logic,0.5635,0.044359328928514664,0.5635,0.044359328928514664,0.0,
sft_lora_7b_science_s2_acq50_seed1234,sft_acq50,7b,mmlu_high_school_european_history,0.8485,0.027998073798781685,0.8242,0.029720943006224455,0.0242,
sft_lora_7b_science_s2_acq50_seed1234,sft_acq50,7b,mmlu_high_school_us_history,0.902,0.02087111845555211,0.8971,0.02132833757080435,0.0049,
sft_lora_7b_science_s2_acq50_seed1234,sft_acq50,7b,mmlu_high_school_world_history,0.8776,0.02133174182974682,0.8523,0.023094329582595715,0.0253,
sft_lora_7b_science_s2_acq50_seed1234,sft_acq50,7b,mmlu_international_law,0.8099,0.03581796951709283,0.8347,0.03390780612972774,-0.0248,
sft_lora_7b_science_s2_acq50_seed1234,sft_acq50,7b,mmlu_jurisprudence,0.787,0.03957835471980979,0.7778,0.04019107472557348,0.0093,
sft_lora_7b_science_s2_acq50_seed1234,sft_acq50,7b,mmlu_logical_fallacies,0.8221,0.03004735765580667,0.8344,0.029208296231259104,-0.0123,
sft_lora_7b_science_s2_acq50_seed1234,sft_acq50,7b,mmlu_moral_disputes,0.7659,0.022797110278071155,0.7746,0.02249723019096748,-0.0087,
sft_lora_7b_science_s2_acq50_seed1234,sft_acq50,7b,mmlu_moral_scenarios,0.4212,0.016513676031179602,0.4246,0.016531170993278946,-0.0034,
sft_lora_7b_science_s2_acq50_seed1234,sft_acq50,7b,mmlu_philosophy,0.7395,0.0249267232248456,0.7299,0.02521804037341055,0.0096,
sft_lora_7b_science_s2_acq50_seed1234,sft_acq50,7b,mmlu_prehistory,0.8179,0.02147349183480832,0.8179,0.02147349183480832,0.0,
sft_lora_7b_science_s2_acq50_seed1234,sft_acq50,7b,mmlu_professional_law,0.5189,0.012761104871472523,0.5033,0.012769964760343448,0.0156,
sft_lora_7b_science_s2_acq50_seed1234,sft_acq50,7b,mmlu_world_religions,0.8363,0.02838091959614585,0.848,0.027539122889061483,-0.0117,
sft_lora_7b_science_s2_acq50_seed1234,sft_acq50,7b,mmlu_other,0.765,0.007294262943936957,0.7612,0.007329872717717722,0.0039,
sft_lora_7b_science_s2_acq50_seed1234,sft_acq50,7b,mmlu_business_ethics,0.78,0.041633319989322654,0.76,0.04292346959909278,0.02,
sft_lora_7b_science_s2_acq50_seed1234,sft_acq50,7b,mmlu_clinical_knowledge,0.7774,0.025604233470899053,0.7774,0.025604233470899053,0.0,
sft_lora_7b_science_s2_acq50_seed1234,sft_acq50,7b,mmlu_college_medicine,0.6705,0.03583901754736415,0.6763,0.03567603799639168,-0.0058,
sft_lora_7b_science_s2_acq50_seed1234,sft_acq50,7b,mmlu_global_facts,0.46,0.05009082659620332,0.42,0.04960449637488583,0.04,
sft_lora_7b_science_s2_acq50_seed1234,sft_acq50,7b,mmlu_human_aging,0.7803,0.027790177064383567,0.7623,0.02856807946471428,0.0179,
sft_lora_7b_science_s2_acq50_seed1234,sft_acq50,7b,mmlu_management,0.8835,0.03176683948640407,0.8835,0.03176683948640407,0.0,
sft_lora_7b_science_s2_acq50_seed1234,sft_acq50,7b,mmlu_marketing,0.9231,0.017456987872436165,0.9017,0.019503444900757564,0.0214,
sft_lora_7b_science_s2_acq50_seed1234,sft_acq50,7b,mmlu_medical_genetics,0.84,0.03684529491774706,0.82,0.03861229196653691,0.02,
sft_lora_7b_science_s2_acq50_seed1234,sft_acq50,7b,mmlu_miscellaneous,0.8531,0.012658201736147321,0.8582,0.012473289071271968,-0.0051,
sft_lora_7b_science_s2_acq50_seed1234,sft_acq50,7b,mmlu_nutrition,0.7876,0.023420375478296097,0.7908,0.02328768531233484,-0.0033,
sft_lora_7b_science_s2_acq50_seed1234,sft_acq50,7b,mmlu_professional_accounting,0.5567,0.029634838473765947,0.5567,0.029634838473765947,0.0,
sft_lora_7b_science_s2_acq50_seed1234,sft_acq50,7b,mmlu_professional_medicine,0.7831,0.025035845227711254,0.7794,0.025187786660227297,0.0037,
sft_lora_7b_science_s2_acq50_seed1234,sft_acq50,7b,mmlu_virology,0.5241,0.03887971849597267,0.5241,0.03887971849597267,0.0,
sft_lora_7b_science_s2_acq50_seed1234,sft_acq50,7b,mmlu_social_sciences,0.8271,0.00670442058942076,0.8235,0.0067558018226502835,0.0036,
sft_lora_7b_science_s2_acq50_seed1234,sft_acq50,7b,mmlu_econometrics,0.6667,0.04434600701584929,0.6491,0.044895393502707,0.0175,
sft_lora_7b_science_s2_acq50_seed1234,sft_acq50,7b,mmlu_high_school_geography,0.8737,0.023664359402880177,0.8889,0.02239078763821682,-0.0152,
sft_lora_7b_science_s2_acq50_seed1234,sft_acq50,7b,mmlu_high_school_government_and_politics,0.943,0.01673108529360757,0.9482,0.01599622932024413,-0.0052,
sft_lora_7b_science_s2_acq50_seed1234,sft_acq50,7b,mmlu_high_school_macroeconomics,0.7897,0.020660597485026883,0.7769,0.021107730127244016,0.0128,
sft_lora_7b_science_s2_acq50_seed1234,sft_acq50,7b,mmlu_high_school_microeconomics,0.8655,0.02215937307274442,0.8697,0.02186325849485208,-0.0042,
sft_lora_7b_science_s2_acq50_seed1234,sft_acq50,7b,mmlu_high_school_psychology,0.9064,0.012486841824602017,0.8936,0.013221554674594384,0.0128,
sft_lora_7b_science_s2_acq50_seed1234,sft_acq50,7b,mmlu_human_sexuality,0.8092,0.03446513350752599,0.8092,0.03446513350752599,0.0,
sft_lora_7b_science_s2_acq50_seed1234,sft_acq50,7b,mmlu_professional_psychology,0.7598,0.017282760695167303,0.7647,0.01716058723504642,-0.0049,
sft_lora_7b_science_s2_acq50_seed1234,sft_acq50,7b,mmlu_public_relations,0.7182,0.043091187099464606,0.7,0.04389311454644288,0.0182,
sft_lora_7b_science_s2_acq50_seed1234,sft_acq50,7b,mmlu_security_studies,0.7755,0.02671143055553837,0.7714,0.026882144922307713,0.0041,
sft_lora_7b_science_s2_acq50_seed1234,sft_acq50,7b,mmlu_sociology,0.8955,0.021628920516700654,0.8856,0.02250934532510173,0.01,
sft_lora_7b_science_s2_acq50_seed1234,sft_acq50,7b,mmlu_us_foreign_policy,0.86,0.0348735088019777,0.86,0.0348735088019777,0.0,
sft_lora_7b_science_s2_acq50_seed1234,sft_acq50,7b,mmlu_stem,0.6835,0.007999256219179365,0.6844,0.008002265761328349,-0.001,
sft_lora_7b_science_s2_acq50_seed1234,sft_acq50,7b,mmlu_abstract_algebra,0.58,0.04960449637488582,0.54,0.05009082659620331,0.04,
sft_lora_7b_science_s2_acq50_seed1234,sft_acq50,7b,mmlu_anatomy,0.7407,0.037857144650666516,0.7333,0.038201699145179034,0.0074,
sft_lora_7b_science_s2_acq50_seed1234,sft_acq50,7b,mmlu_astronomy,0.8618,0.028081042939576566,0.8487,0.029162631596844006,0.0132,
sft_lora_7b_science_s2_acq50_seed1234,sft_acq50,7b,mmlu_college_biology,0.8681,0.02830096838204442,0.8681,0.02830096838204442,0.0,
sft_lora_7b_science_s2_acq50_seed1234,sft_acq50,7b,mmlu_college_chemistry,0.53,0.05016135580465919,0.54,0.05009082659620331,-0.01,
sft_lora_7b_science_s2_acq50_seed1234,sft_acq50,7b,mmlu_college_computer_science,0.66,0.04760952285695234,0.67,0.04725815626252609,-0.01,
sft_lora_7b_science_s2_acq50_seed1234,sft_acq50,7b,mmlu_college_mathematics,0.41,0.04943110704237104,0.47,0.05016135580465919,-0.06,
sft_lora_7b_science_s2_acq50_seed1234,sft_acq50,7b,mmlu_college_physics,0.5098,0.04974229460422813,0.4902,0.04974229460422813,0.0196,
sft_lora_7b_science_s2_acq50_seed1234,sft_acq50,7b,mmlu_computer_security,0.78,0.041633319989322654,0.81,0.039427724440366255,-0.03,
sft_lora_7b_science_s2_acq50_seed1234,sft_acq50,7b,mmlu_conceptual_physics,0.766,0.02767845257821238,0.7617,0.02785125297388981,0.0043,
sft_lora_7b_science_s2_acq50_seed1234,sft_acq50,7b,mmlu_electrical_engineering,0.7103,0.03780019230438011,0.6897,0.03855289616378948,0.0207,
sft_lora_7b_science_s2_acq50_seed1234,sft_acq50,7b,mmlu_elementary_mathematics,0.6667,0.02427856802430766,0.6614,0.024373197867983004,0.0053,
sft_lora_7b_science_s2_acq50_seed1234,sft_acq50,7b,mmlu_high_school_biology,0.8677,0.019272015434846444,0.8677,0.019272015434846444,0.0,
sft_lora_7b_science_s2_acq50_seed1234,sft_acq50,7b,mmlu_high_school_chemistry,0.6404,0.0337645824650957,0.6059,0.03438157967036543,0.0345,
sft_lora_7b_science_s2_acq50_seed1234,sft_acq50,7b,mmlu_high_school_computer_science,0.81,0.039427724440366255,0.84,0.03684529491774706,-0.03,
sft_lora_7b_science_s2_acq50_seed1234,sft_acq50,7b,mmlu_high_school_mathematics,0.5407,0.030384169232350797,0.5519,0.030321167196316258,-0.0111,
sft_lora_7b_science_s2_acq50_seed1234,sft_acq50,7b,mmlu_high_school_physics,0.5762,0.040348466786033946,0.5762,0.040348466786033946,0.0,
sft_lora_7b_science_s2_acq50_seed1234,sft_acq50,7b,mmlu_high_school_statistics,0.6713,0.03203614084670054,0.6991,0.03128039084329886,-0.0278,
sft_lora_7b_science_s2_acq50_seed1234,sft_acq50,7b,mmlu_machine_learning,0.5179,0.047427623612430116,0.5357,0.04733667890053756,-0.0179,
sft_lora_7b_science_s2_acq50_seed1234,sft_acq50,7b,truthfulqa_mc2,0.647,0.015472640501818584,0.6112,0.015195072646132924,0.0358,
sft_lora_7b_science_s2_acq50_seed1234,sft_acq50,7b,winogrande,0.7088,0.012769029305370742,0.7198,0.012621707979798608,-0.011,
sft_lora_7b_science_s2_acq50_seed2024,sft_acq50,7b,hellaswag,0.8053,0.0039514673865973515,0.7954,0.004026141690131373,0.01,
sft_lora_7b_science_s2_acq50_seed2024,sft_acq50,7b,humaneval,0.6402,0.0375909243573624,0.6646,0.03697915163403716,-0.0244,
sft_lora_7b_science_s2_acq50_seed2024,sft_acq50,7b,ifeval,0.5619,0.021350931135490865,0.4492,0.021405093233588298,0.1128,
sft_lora_7b_science_s2_acq50_seed2024,sft_acq50,7b,mmlu,0.7173,0.0035813264797393586,0.7147,0.0035841123301491896,0.0026,
sft_lora_7b_science_s2_acq50_seed2024,sft_acq50,7b,mmlu_humanities,0.6368,0.006563529300788007,0.6315,0.006566893700905388,0.0053,
sft_lora_7b_science_s2_acq50_seed2024,sft_acq50,7b,mmlu_formal_logic,0.5635,0.044359328928514664,0.5794,0.044154382267437474,-0.0159,
sft_lora_7b_science_s2_acq50_seed2024,sft_acq50,7b,mmlu_high_school_european_history,0.8485,0.027998073798781685,0.8242,0.029720943006224455,0.0242,
sft_lora_7b_science_s2_acq50_seed2024,sft_acq50,7b,mmlu_high_school_us_history,0.902,0.02087111845555211,0.902,0.02087111845555211,0.0,
sft_lora_7b_science_s2_acq50_seed2024,sft_acq50,7b,mmlu_high_school_world_history,0.8776,0.02133174182974682,0.8481,0.023363878096632425,0.0295,
sft_lora_7b_science_s2_acq50_seed2024,sft_acq50,7b,mmlu_international_law,0.8099,0.03581796951709283,0.8182,0.03520893951097652,-0.0083,
sft_lora_7b_science_s2_acq50_seed2024,sft_acq50,7b,mmlu_jurisprudence,0.787,0.03957835471980979,0.787,0.03957835471980979,0.0,
sft_lora_7b_science_s2_acq50_seed2024,sft_acq50,7b,mmlu_logical_fallacies,0.8221,0.03004735765580667,0.8405,0.028767481725983906,-0.0184,
sft_lora_7b_science_s2_acq50_seed2024,sft_acq50,7b,mmlu_moral_disputes,0.7659,0.022797110278071155,0.7803,0.022289638852617966,-0.0145,
sft_lora_7b_science_s2_acq50_seed2024,sft_acq50,7b,mmlu_moral_scenarios,0.4212,0.016513676031179602,0.4179,0.01649540063582002,0.0034,
sft_lora_7b_science_s2_acq50_seed2024,sft_acq50,7b,mmlu_philosophy,0.7395,0.0249267232248456,0.7299,0.02521804037341055,0.0096,
sft_lora_7b_science_s2_acq50_seed2024,sft_acq50,7b,mmlu_prehistory,0.8179,0.02147349183480832,0.8272,0.02103851777015737,-0.0093,
sft_lora_7b_science_s2_acq50_seed2024,sft_acq50,7b,mmlu_professional_law,0.5189,0.012761104871472523,0.5039,0.012769845366441192,0.015,
sft_lora_7b_science_s2_acq50_seed2024,sft_acq50,7b,mmlu_world_religions,0.8363,0.02838091959614585,0.8421,0.027966785859160903,-0.0058,
sft_lora_7b_science_s2_acq50_seed2024,sft_acq50,7b,mmlu_other,0.765,0.007294262943936957,0.7634,0.007303228144273306,0.0016,
sft_lora_7b_science_s2_acq50_seed2024,sft_acq50,7b,mmlu_business_ethics,0.78,0.041633319989322654,0.77,0.042295258468165065,0.01,
sft_lora_7b_science_s2_acq50_seed2024,sft_acq50,7b,mmlu_clinical_knowledge,0.7774,0.025604233470899053,0.7774,0.025604233470899053,0.0,
sft_lora_7b_science_s2_acq50_seed2024,sft_acq50,7b,mmlu_college_medicine,0.6705,0.03583901754736415,0.6705,0.03583901754736415,0.0,
sft_lora_7b_science_s2_acq50_seed2024,sft_acq50,7b,mmlu_global_facts,0.46,0.05009082659620332,0.41,0.04943110704237104,0.05,
sft_lora_7b_science_s2_acq50_seed2024,sft_acq50,7b,mmlu_human_aging,0.7803,0.027790177064383567,0.7668,0.02838039114709467,0.0135,
sft_lora_7b_science_s2_acq50_seed2024,sft_acq50,7b,mmlu_management,0.8835,0.03176683948640407,0.8835,0.03176683948640407,0.0,
sft_lora_7b_science_s2_acq50_seed2024,sft_acq50,7b,mmlu_marketing,0.9231,0.017456987872436165,0.9188,0.017893784904018484,0.0043,
sft_lora_7b_science_s2_acq50_seed2024,sft_acq50,7b,mmlu_medical_genetics,0.84,0.03684529491774706,0.82,0.03861229196653691,0.02,
sft_lora_7b_science_s2_acq50_seed2024,sft_acq50,7b,mmlu_miscellaneous,0.8531,0.012658201736147321,0.8557,0.012566417503320994,-0.0026,
sft_lora_7b_science_s2_acq50_seed2024,sft_acq50,7b,mmlu_nutrition,0.7876,0.023420375478296097,0.7941,0.023152722439402335,-0.0065,
sft_lora_7b_science_s2_acq50_seed2024,sft_acq50,7b,mmlu_professional_accounting,0.5567,0.029634838473765947,0.5674,0.029555454236778838,-0.0106,
sft_lora_7b_science_s2_acq50_seed2024,sft_acq50,7b,mmlu_professional_medicine,0.7831,0.025035845227711254,0.7794,0.025187786660227297,0.0037,
sft_lora_7b_science_s2_acq50_seed2024,sft_acq50,7b,mmlu_virology,0.5241,0.03887971849597267,0.5301,0.03885425420866771,-0.006,
sft_lora_7b_science_s2_acq50_seed2024,sft_acq50,7b,mmlu_social_sciences,0.8271,0.00670442058942076,0.8255,0.006730828675401602,0.0016,
sft_lora_7b_science_s2_acq50_seed2024,sft_acq50,7b,mmlu_econometrics,0.6667,0.04434600701584929,0.6579,0.044629175353369355,0.0088,
sft_lora_7b_science_s2_acq50_seed2024,sft_acq50,7b,mmlu_high_school_geography,0.8737,0.023664359402880177,0.8889,0.02239078763821682,-0.0152,
sft_lora_7b_science_s2_acq50_seed2024,sft_acq50,7b,mmlu_high_school_government_and_politics,0.943,0.01673108529360757,0.943,0.01673108529360757,0.0,
sft_lora_7b_science_s2_acq50_seed2024,sft_acq50,7b,mmlu_high_school_macroeconomics,0.7897,0.020660597485026883,0.7846,0.02084303455746285,0.0051,
sft_lora_7b_science_s2_acq50_seed2024,sft_acq50,7b,mmlu_high_school_microeconomics,0.8655,0.02215937307274442,0.8655,0.02215937307274442,0.0,
sft_lora_7b_science_s2_acq50_seed2024,sft_acq50,7b,mmlu_high_school_psychology,0.9064,0.012486841824602017,0.8972,0.013018246509173723,0.0092,
sft_lora_7b_science_s2_acq50_seed2024,sft_acq50,7b,mmlu_human_sexuality,0.8092,0.03446513350752599,0.8015,0.034981493854624734,0.0076,
sft_lora_7b_science_s2_acq50_seed2024,sft_acq50,7b,mmlu_professional_psychology,0.7598,0.017282760695167303,0.7696,0.017035229258033965,-0.0098,
sft_lora_7b_science_s2_acq50_seed2024,sft_acq50,7b,mmlu_public_relations,0.7182,0.043091187099464606,0.7,0.04389311454644288,0.0182,
sft_lora_7b_science_s2_acq50_seed2024,sft_acq50,7b,mmlu_security_studies,0.7755,0.02671143055553837,0.7673,0.02704925791589615,0.0082,
sft_lora_7b_science_s2_acq50_seed2024,sft_acq50,7b,mmlu_sociology,0.8955,0.021628920516700654,0.8905,0.022076326101824667,0.005,
sft_lora_7b_science_s2_acq50_seed2024,sft_acq50,7b,mmlu_us_foreign_policy,0.86,0.0348735088019777,0.86,0.0348735088019777,0.0,
sft_lora_7b_science_s2_acq50_seed2024,sft_acq50,7b,mmlu_stem,0.6835,0.007999256219179365,0.6828,0.007988753119190723,0.0006,
sft_lora_7b_science_s2_acq50_seed2024,sft_acq50,7b,mmlu_abstract_algebra,0.58,0.04960449637488582,0.54,0.05009082659620331,0.04,
sft_lora_7b_science_s2_acq50_seed2024,sft_acq50,7b,mmlu_anatomy,0.7407,0.037857144650666516,0.7407,0.037857144650666516,0.0,
sft_lora_7b_science_s2_acq50_seed2024,sft_acq50,7b,mmlu_astronomy,0.8618,0.028081042939576566,0.8553,0.0286319518459304,0.0066,
sft_lora_7b_science_s2_acq50_seed2024,sft_acq50,7b,mmlu_college_biology,0.8681,0.02830096838204442,0.8681,0.02830096838204442,0.0,
sft_lora_7b_science_s2_acq50_seed2024,sft_acq50,7b,mmlu_college_chemistry,0.53,0.05016135580465919,0.54,0.05009082659620331,-0.01,
sft_lora_7b_science_s2_acq50_seed2024,sft_acq50,7b,mmlu_college_computer_science,0.66,0.04760952285695234,0.67,0.04725815626252609,-0.01,
sft_lora_7b_science_s2_acq50_seed2024,sft_acq50,7b,mmlu_college_mathematics,0.41,0.04943110704237104,0.43,0.049756985195624305,-0.02,
sft_lora_7b_science_s2_acq50_seed2024,sft_acq50,7b,mmlu_college_physics,0.5098,0.04974229460422813,0.5196,0.049713588843674016,-0.0098,
sft_lora_7b_science_s2_acq50_seed2024,sft_acq50,7b,mmlu_computer_security,0.78,0.041633319989322654,0.8,0.04020151261036849,-0.02,
sft_lora_7b_science_s2_acq50_seed2024,sft_acq50,7b,mmlu_conceptual_physics,0.766,0.02767845257821238,0.7532,0.02818544130123409,0.0128,
sft_lora_7b_science_s2_acq50_seed2024,sft_acq50,7b,mmlu_electrical_engineering,0.7103,0.03780019230438011,0.6897,0.03855289616378948,0.0207,
sft_lora_7b_science_s2_acq50_seed2024,sft_acq50,7b,mmlu_elementary_mathematics,0.6667,0.02427856802430766,0.6587,0.024419234966819043,0.0079,
sft_lora_7b_science_s2_acq50_seed2024,sft_acq50,7b,mmlu_high_school_biology,0.8677,0.019272015434846444,0.8774,0.018656720991789427,-0.0097,
sft_lora_7b_science_s2_acq50_seed2024,sft_acq50,7b,mmlu_high_school_chemistry,0.6404,0.0337645824650957,0.601,0.03445487686264716,0.0394,
sft_lora_7b_science_s2_acq50_seed2024,sft_acq50,7b,mmlu_high_school_computer_science,0.81,0.039427724440366255,0.85,0.03588702812826367,-0.04,
sft_lora_7b_science_s2_acq50_seed2024,sft_acq50,7b,mmlu_high_school_mathematics,0.5407,0.030384169232350797,0.537,0.030401786406101534,0.0037,
sft_lora_7b_science_s2_acq50_seed2024,sft_acq50,7b,mmlu_high_school_physics,0.5762,0.040348466786033946,0.5629,0.040500357222306375,0.0132,
sft_lora_7b_science_s2_acq50_seed2024,sft_acq50,7b,mmlu_high_school_statistics,0.6713,0.03203614084670054,0.7037,0.03114144782353603,-0.0324,
sft_lora_7b_science_s2_acq50_seed2024,sft_acq50,7b,mmlu_machine_learning,0.5179,0.047427623612430116,0.5357,0.04733667890053756,-0.0179,
sft_lora_7b_science_s2_acq50_seed2024,sft_acq50,7b,truthfulqa_mc2,0.647,0.015472640501818584,0.6124,0.015176496971349634,0.0346,
sft_lora_7b_science_s2_acq50_seed2024,sft_acq50,7b,winogrande,0.7088,0.012769029305370742,0.7253,0.012544516005117077,-0.0166,
sft_lora_7b_science_s2_acq50_seed42,sft_acq50,7b,hellaswag,0.8053,0.0039514673865973515,0.7943,0.004034122024602631,0.0111,
sft_lora_7b_science_s2_acq50_seed42,sft_acq50,7b,humaneval,0.6402,0.0375909243573624,0.6585,0.03714225274895276,-0.0183,
sft_lora_7b_science_s2_acq50_seed42,sft_acq50,7b,ifeval,0.5619,0.021350931135490865,0.4381,0.021350931135490865,0.1238,
sft_lora_7b_science_s2_acq50_seed42,sft_acq50,7b,mmlu,0.7173,0.0035813264797393586,0.7142,0.0035837815188752755,0.0031,
sft_lora_7b_science_s2_acq50_seed42,sft_acq50,7b,mmlu_humanities,0.6368,0.006563529300788007,0.6302,0.00655946030160264,0.0066,
sft_lora_7b_science_s2_acq50_seed42,sft_acq50,7b,mmlu_formal_logic,0.5635,0.044359328928514664,0.5794,0.044154382267437474,-0.0159,
sft_lora_7b_science_s2_acq50_seed42,sft_acq50,7b,mmlu_high_school_european_history,0.8485,0.027998073798781685,0.8364,0.028887872395487978,0.0121,
sft_lora_7b_science_s2_acq50_seed42,sft_acq50,7b,mmlu_high_school_us_history,0.902,0.02087111845555211,0.8971,0.02132833757080435,0.0049,
sft_lora_7b_science_s2_acq50_seed42,sft_acq50,7b,mmlu_high_school_world_history,0.8776,0.02133174182974682,0.8523,0.023094329582595715,0.0253,
sft_lora_7b_science_s2_acq50_seed42,sft_acq50,7b,mmlu_international_law,0.8099,0.03581796951709283,0.8182,0.03520893951097652,-0.0083,
sft_lora_7b_science_s2_acq50_seed42,sft_acq50,7b,mmlu_jurisprudence,0.787,0.03957835471980979,0.7963,0.038935425188248496,-0.0093,
sft_lora_7b_science_s2_acq50_seed42,sft_acq50,7b,mmlu_logical_fallacies,0.8221,0.03004735765580667,0.8405,0.028767481725983906,-0.0184,
sft_lora_7b_science_s2_acq50_seed42,sft_acq50,7b,mmlu_moral_disputes,0.7659,0.022797110278071155,0.7688,0.02269865716785566,-0.0029,
sft_lora_7b_science_s2_acq50_seed42,sft_acq50,7b,mmlu_moral_scenarios,0.4212,0.016513676031179602,0.4101,0.01644970820902619,0.0112,
sft_lora_7b_science_s2_acq50_seed42,sft_acq50,7b,mmlu_philosophy,0.7395,0.0249267232248456,0.7428,0.0248261712892509,-0.0032,
sft_lora_7b_science_s2_acq50_seed42,sft_acq50,7b,mmlu_prehistory,0.8179,0.02147349183480832,0.8179,0.02147349183480832,0.0,
sft_lora_7b_science_s2_acq50_seed42,sft_acq50,7b,mmlu_professional_law,0.5189,0.012761104871472523,0.5033,0.012769964760343448,0.0156,
sft_lora_7b_science_s2_acq50_seed42,sft_acq50,7b,mmlu_world_religions,0.8363,0.02838091959614585,0.8538,0.02709729011807083,-0.0175,
sft_lora_7b_science_s2_acq50_seed42,sft_acq50,7b,mmlu_other,0.765,0.007294262943936957,0.7625,0.007319119783839429,0.0026,
sft_lora_7b_science_s2_acq50_seed42,sft_acq50,7b,mmlu_business_ethics,0.78,0.041633319989322654,0.78,0.041633319989322654,0.0,
sft_lora_7b_science_s2_acq50_seed42,sft_acq50,7b,mmlu_clinical_knowledge,0.7774,0.025604233470899053,0.7811,0.025447863825108594,-0.0038,
sft_lora_7b_science_s2_acq50_seed42,sft_acq50,7b,mmlu_college_medicine,0.6705,0.03583901754736415,0.6763,0.03567603799639168,-0.0058,
sft_lora_7b_science_s2_acq50_seed42,sft_acq50,7b,mmlu_global_facts,0.46,0.05009082659620332,0.43,0.049756985195624305,0.03,
sft_lora_7b_science_s2_acq50_seed42,sft_acq50,7b,mmlu_human_aging,0.7803,0.027790177064383567,0.7623,0.02856807946471428,0.0179,
sft_lora_7b_science_s2_acq50_seed42,sft_acq50,7b,mmlu_management,0.8835,0.03176683948640407,0.8835,0.03176683948640407,0.0,
sft_lora_7b_science_s2_acq50_seed42,sft_acq50,7b,mmlu_marketing,0.9231,0.017456987872436165,0.9103,0.018724301741941646,0.0128,
sft_lora_7b_science_s2_acq50_seed42,sft_acq50,7b,mmlu_medical_genetics,0.84,0.03684529491774706,0.82,0.03861229196653691,0.02,
sft_lora_7b_science_s2_acq50_seed42,sft_acq50,7b,mmlu_miscellaneous,0.8531,0.012658201736147321,0.857,0.012520023176796482,-0.0038,
sft_lora_7b_science_s2_acq50_seed42,sft_acq50,7b,mmlu_nutrition,0.7876,0.023420375478296097,0.7974,0.023015446877985634,-0.0098,
sft_lora_7b_science_s2_acq50_seed42,sft_acq50,7b,mmlu_professional_accounting,0.5567,0.029634838473765947,0.5603,0.029609912075594054,-0.0035,
sft_lora_7b_science_s2_acq50_seed42,sft_acq50,7b,mmlu_professional_medicine,0.7831,0.025035845227711254,0.7647,0.025767252010855998,0.0184,
sft_lora_7b_science_s2_acq50_seed42,sft_acq50,7b,mmlu_virology,0.5241,0.03887971849597267,0.5241,0.03887971849597267,0.0,
sft_lora_7b_science_s2_acq50_seed42,sft_acq50,7b,mmlu_social_sciences,0.8271,0.00670442058942076,0.8255,0.006726109338277063,0.0016,
sft_lora_7b_science_s2_acq50_seed42,sft_acq50,7b,mmlu_econometrics,0.6667,0.04434600701584929,0.6491,0.044895393502707,0.0175,
sft_lora_7b_science_s2_acq50_seed42,sft_acq50,7b,mmlu_high_school_geography,0.8737,0.023664359402880177,0.8889,0.02239078763821682,-0.0152,
sft_lora_7b_science_s2_acq50_seed42,sft_acq50,7b,mmlu_high_school_government_and_politics,0.943,0.01673108529360757,0.943,0.01673108529360757,0.0,
sft_lora_7b_science_s2_acq50_seed42,sft_acq50,7b,mmlu_high_school_macroeconomics,0.7897,0.020660597485026883,0.7795,0.021020672680827836,0.0103,
sft_lora_7b_science_s2_acq50_seed42,sft_acq50,7b,mmlu_high_school_microeconomics,0.8655,0.02215937307274442,0.8655,0.02215937307274442,0.0,
sft_lora_7b_science_s2_acq50_seed42,sft_acq50,7b,mmlu_high_school_psychology,0.9064,0.012486841824602017,0.8991,0.012914673545364463,0.0073,
sft_lora_7b_science_s2_acq50_seed42,sft_acq50,7b,mmlu_human_sexuality,0.8092,0.03446513350752599,0.8168,0.03392770926494735,-0.0076,
sft_lora_7b_science_s2_acq50_seed42,sft_acq50,7b,mmlu_professional_psychology,0.7598,0.017282760695167303,0.768,0.017077373377857006,-0.0082,
sft_lora_7b_science_s2_acq50_seed42,sft_acq50,7b,mmlu_public_relations,0.7182,0.043091187099464606,0.7,0.04389311454644288,0.0182,
sft_lora_7b_science_s2_acq50_seed42,sft_acq50,7b,mmlu_security_studies,0.7755,0.02671143055553837,0.7714,0.026882144922307713,0.0041,
sft_lora_7b_science_s2_acq50_seed42,sft_acq50,7b,mmlu_sociology,0.8955,0.021628920516700654,0.8905,0.022076326101824667,0.005,
sft_lora_7b_science_s2_acq50_seed42,sft_acq50,7b,mmlu_us_foreign_policy,0.86,0.0348735088019777,0.86,0.0348735088019777,0.0,
sft_lora_7b_science_s2_acq50_seed42,sft_acq50,7b,mmlu_stem,0.6835,0.007999256219179365,0.6835,0.007989091910748635,0.0,
sft_lora_7b_science_s2_acq50_seed42,sft_acq50,7b,mmlu_abstract_algebra,0.58,0.04960449637488582,0.55,0.05,0.03,
sft_lora_7b_science_s2_acq50_seed42,sft_acq50,7b,mmlu_anatomy,0.7407,0.037857144650666516,0.7333,0.038201699145179034,0.0074,
sft_lora_7b_science_s2_acq50_seed42,sft_acq50,7b,mmlu_astronomy,0.8618,0.028081042939576566,0.8487,0.029162631596844006,0.0132,
sft_lora_7b_science_s2_acq50_seed42,sft_acq50,7b,mmlu_college_biology,0.8681,0.02830096838204442,0.8681,0.02830096838204442,0.0,
sft_lora_7b_science_s2_acq50_seed42,sft_acq50,7b,mmlu_college_chemistry,0.53,0.05016135580465919,0.54,0.05009082659620331,-0.01,
sft_lora_7b_science_s2_acq50_seed42,sft_acq50,7b,mmlu_college_computer_science,0.66,0.04760952285695234,0.7,0.04605661864718383,-0.04,
sft_lora_7b_science_s2_acq50_seed42,sft_acq50,7b,mmlu_college_mathematics,0.41,0.04943110704237104,0.46,0.05009082659620332,-0.05,
sft_lora_7b_science_s2_acq50_seed42,sft_acq50,7b,mmlu_college_physics,0.5098,0.04974229460422813,0.4804,0.04971358884367401,0.0294,
sft_lora_7b_science_s2_acq50_seed42,sft_acq50,7b,mmlu_computer_security,0.78,0.041633319989322654,0.8,0.04020151261036849,-0.02,
sft_lora_7b_science_s2_acq50_seed42,sft_acq50,7b,mmlu_conceptual_physics,0.766,0.02767845257821238,0.7574,0.02802022627120023,0.0085,
sft_lora_7b_science_s2_acq50_seed42,sft_acq50,7b,mmlu_electrical_engineering,0.7103,0.03780019230438011,0.6966,0.03831226048850335,0.0138,
sft_lora_7b_science_s2_acq50_seed42,sft_acq50,7b,mmlu_elementary_mathematics,0.6667,0.02427856802430766,0.664,0.02432631052914909,0.0026,
sft_lora_7b_science_s2_acq50_seed42,sft_acq50,7b,mmlu_high_school_biology,0.8677,0.019272015434846444,0.8774,0.018656720991789427,-0.0097,
sft_lora_7b_science_s2_acq50_seed42,sft_acq50,7b,mmlu_high_school_chemistry,0.6404,0.0337645824650957,0.6108,0.03430462416103873,0.0296,
sft_lora_7b_science_s2_acq50_seed42,sft_acq50,7b,mmlu_high_school_computer_science,0.81,0.039427724440366255,0.84,0.03684529491774706,-0.03,
sft_lora_7b_science_s2_acq50_seed42,sft_acq50,7b,mmlu_high_school_mathematics,0.5407,0.030384169232350797,0.537,0.030401786406101534,0.0037,
sft_lora_7b_science_s2_acq50_seed42,sft_acq50,7b,mmlu_high_school_physics,0.5762,0.040348466786033946,0.5497,0.04062290018683777,0.0265,
sft_lora_7b_science_s2_acq50_seed42,sft_acq50,7b,mmlu_high_school_statistics,0.6713,0.03203614084670054,0.6944,0.0314155462940254,-0.0231,
sft_lora_7b_science_s2_acq50_seed42,sft_acq50,7b,mmlu_machine_learning,0.5179,0.047427623612430116,0.5357,0.04733667890053756,-0.0179,
sft_lora_7b_science_s2_acq50_seed42,sft_acq50,7b,truthfulqa_mc2,0.647,0.015472640501818584,0.6115,0.015217794694063029,0.0355,
sft_lora_7b_science_s2_acq50_seed42,sft_acq50,7b,winogrande,0.7088,0.012769029305370742,0.7238,0.012566815015698207,-0.015,
sft_lora_7b_science_s2_seed1234,sft,7b,hellaswag,0.8053,0.0039514673865973515,0.794,0.004036290602786182,0.0114,
sft_lora_7b_science_s2_seed1234,sft,7b,humaneval,0.6402,0.0375909243573624,0.6524,0.037298525756072225,-0.0122,
sft_lora_7b_science_s2_seed1234,sft,7b,ifeval,0.5619,0.021350931135490865,0.4695,0.021476507681143016,0.0924,
sft_lora_7b_science_s2_seed1234,sft,7b,mmlu,0.7173,0.0035813264797393586,0.7148,0.0035927181406954756,0.0026,
sft_lora_7b_science_s2_seed1234,sft,7b,mmlu_humanities,0.6368,0.006563529300788007,0.6321,0.006598590533637242,0.0047,
sft_lora_7b_science_s2_seed1234,sft,7b,mmlu_formal_logic,0.5635,0.044359328928514664,0.5714,0.04426266681379905,-0.0079,
sft_lora_7b_science_s2_seed1234,sft,7b,mmlu_high_school_european_history,0.8485,0.027998073798781685,0.8242,0.029720943006224455,0.0242,
sft_lora_7b_science_s2_seed1234,sft,7b,mmlu_high_school_us_history,0.902,0.02087111845555211,0.8873,0.022198571039456782,0.0147,
sft_lora_7b_science_s2_seed1234,sft,7b,mmlu_high_school_world_history,0.8776,0.02133174182974682,0.8354,0.024135736240566936,0.0422,
sft_lora_7b_science_s2_seed1234,sft,7b,mmlu_international_law,0.8099,0.03581796951709283,0.8347,0.03390780612972774,-0.0248,
sft_lora_7b_science_s2_seed1234,sft,7b,mmlu_jurisprudence,0.787,0.03957835471980979,0.787,0.03957835471980979,0.0,
sft_lora_7b_science_s2_seed1234,sft,7b,mmlu_logical_fallacies,0.8221,0.03004735765580667,0.8405,0.028767481725983906,-0.0184,
sft_lora_7b_science_s2_seed1234,sft,7b,mmlu_moral_disputes,0.7659,0.022797110278071155,0.763,0.02289408248992599,0.0029,
sft_lora_7b_science_s2_seed1234,sft,7b,mmlu_moral_scenarios,0.4212,0.016513676031179602,0.4346,0.016578997435496685,-0.0134,
sft_lora_7b_science_s2_seed1234,sft,7b,mmlu_philosophy,0.7395,0.0249267232248456,0.7395,0.0249267232248456,0.0,
sft_lora_7b_science_s2_seed1234,sft,7b,mmlu_prehistory,0.8179,0.02147349183480832,0.8148,0.0216138093952248,0.0031,
sft_lora_7b_science_s2_seed1234,sft,7b,mmlu_professional_law,0.5189,0.012761104871472523,0.5033,0.012769964760343448,0.0156,
sft_lora_7b_science_s2_seed1234,sft,7b,mmlu_world_religions,0.8363,0.02838091959614585,0.848,0.027539122889061483,-0.0117,
sft_lora_7b_science_s2_seed1234,sft,7b,mmlu_other,0.765,0.007294262943936957,0.7609,0.007326273652321884,0.0042,
sft_lora_7b_science_s2_seed1234,sft,7b,mmlu_business_ethics,0.78,0.041633319989322654,0.74,0.0440844002276808,0.04,
sft_lora_7b_science_s2_seed1234,sft,7b,mmlu_clinical_knowledge,0.7774,0.025604233470899053,0.7925,0.024959918028911232,-0.0151,
sft_lora_7b_science_s2_seed1234,sft,7b,mmlu_college_medicine,0.6705,0.03583901754736415,0.6879,0.03533133389323657,-0.0173,
sft_lora_7b_science_s2_seed1234,sft,7b,mmlu_global_facts,0.46,0.05009082659620332,0.41,0.04943110704237104,0.05,
sft_lora_7b_science_s2_seed1234,sft,7b,mmlu_human_aging,0.7803,0.027790177064383567,0.7489,0.029105220833224605,0.0314,
sft_lora_7b_science_s2_seed1234,sft,7b,mmlu_management,0.8835,0.03176683948640407,0.8835,0.03176683948640407,0.0,
sft_lora_7b_science_s2_seed1234,sft,7b,mmlu_marketing,0.9231,0.017456987872436165,0.9188,0.017893784904018484,0.0043,
sft_lora_7b_science_s2_seed1234,sft,7b,mmlu_medical_genetics,0.84,0.03684529491774706,0.83,0.03775251680686369,0.01,
sft_lora_7b_science_s2_seed1234,sft,7b,mmlu_miscellaneous,0.8531,0.012658201736147321,0.8582,0.012473289071271968,-0.0051,
sft_lora_7b_science_s2_seed1234,sft,7b,mmlu_nutrition,0.7876,0.023420375478296097,0.7876,0.023420375478296097,0.0,
sft_lora_7b_science_s2_seed1234,sft,7b,mmlu_professional_accounting,0.5567,0.029634838473765947,0.5638,0.02958345203628408,-0.0071,
sft_lora_7b_science_s2_seed1234,sft,7b,mmlu_professional_medicine,0.7831,0.025035845227711254,0.7537,0.02617343857051998,0.0294,
sft_lora_7b_science_s2_seed1234,sft,7b,mmlu_virology,0.5241,0.03887971849597267,0.5241,0.03887971849597267,0.0,
sft_lora_7b_science_s2_seed1234,sft,7b,mmlu_social_sciences,0.8271,0.00670442058942076,0.8232,0.006764451551299006,0.0039,
sft_lora_7b_science_s2_seed1234,sft,7b,mmlu_econometrics,0.6667,0.04434600701584929,0.6667,0.04434600701584929,0.0,
sft_lora_7b_science_s2_seed1234,sft,7b,mmlu_high_school_geography,0.8737,0.023664359402880177,0.8788,0.02325315795194205,-0.0051,
sft_lora_7b_science_s2_seed1234,sft,7b,mmlu_high_school_government_and_politics,0.943,0.01673108529360757,0.943,0.01673108529360757,0.0,
sft_lora_7b_science_s2_seed1234,sft,7b,mmlu_high_school_macroeconomics,0.7897,0.020660597485026883,0.7744,0.021193632525148505,0.0154,
sft_lora_7b_science_s2_seed1234,sft,7b,mmlu_high_school_microeconomics,0.8655,0.02215937307274442,0.8613,0.022448264476832656,0.0042,
sft_lora_7b_science_s2_seed1234,sft,7b,mmlu_high_school_psychology,0.9064,0.012486841824602017,0.8972,0.013018246509173723,0.0092,
sft_lora_7b_science_s2_seed1234,sft,7b,mmlu_human_sexuality,0.8092,0.03446513350752599,0.8321,0.0327854853734314,-0.0229,
sft_lora_7b_science_s2_seed1234,sft,7b,mmlu_professional_psychology,0.7598,0.017282760695167303,0.7647,0.01716058723504642,-0.0049,
sft_lora_7b_science_s2_seed1234,sft,7b,mmlu_public_relations,0.7182,0.043091187099464606,0.6818,0.044612721759105065,0.0364,
sft_lora_7b_science_s2_seed1234,sft,7b,mmlu_security_studies,0.7755,0.02671143055553837,0.7714,0.026882144922307713,0.0041,
sft_lora_7b_science_s2_seed1234,sft,7b,mmlu_sociology,0.8955,0.021628920516700654,0.8806,0.022928793277219726,0.0149,
sft_lora_7b_science_s2_seed1234,sft,7b,mmlu_us_foreign_policy,0.86,0.0348735088019777,0.87,0.033799766898963114,-0.01,
sft_lora_7b_science_s2_seed1234,sft,7b,mmlu_stem,0.6835,0.007999256219179365,0.687,0.007959539214291603,-0.0035,
sft_lora_7b_science_s2_seed1234,sft,7b,mmlu_abstract_algebra,0.58,0.04960449637488582,0.54,0.05009082659620331,0.04,
sft_lora_7b_science_s2_seed1234,sft,7b,mmlu_anatomy,0.7407,0.037857144650666516,0.7481,0.037498507091740185,-0.0074,
sft_lora_7b_science_s2_seed1234,sft,7b,mmlu_astronomy,0.8618,0.028081042939576566,0.8553,0.0286319518459304,0.0066,
sft_lora_7b_science_s2_seed1234,sft,7b,mmlu_college_biology,0.8681,0.02830096838204442,0.8889,0.026280550932848118,-0.0208,
sft_lora_7b_science_s2_seed1234,sft,7b,mmlu_college_chemistry,0.53,0.05016135580465919,0.54,0.05009082659620331,-0.01,
sft_lora_7b_science_s2_seed1234,sft,7b,mmlu_college_computer_science,0.66,0.04760952285695234,0.68,0.046882617226215076,-0.02,
sft_lora_7b_science_s2_seed1234,sft,7b,mmlu_college_mathematics,0.41,0.04943110704237104,0.44,0.049888765156985884,-0.03,
sft_lora_7b_science_s2_seed1234,sft,7b,mmlu_college_physics,0.5098,0.04974229460422813,0.4902,0.04974229460422813,0.0196,
sft_lora_7b_science_s2_seed1234,sft,7b,mmlu_computer_security,0.78,0.041633319989322654,0.82,0.03861229196653691,-0.04,
sft_lora_7b_science_s2_seed1234,sft,7b,mmlu_conceptual_physics,0.766,0.02767845257821238,0.7574,0.02802022627120023,0.0085,
sft_lora_7b_science_s2_seed1234,sft,7b,mmlu_electrical_engineering,0.7103,0.03780019230438011,0.6966,0.03831226048850335,0.0138,
sft_lora_7b_science_s2_seed1234,sft,7b,mmlu_elementary_mathematics,0.6667,0.02427856802430766,0.6481,0.024594975128920938,0.0185,
sft_lora_7b_science_s2_seed1234,sft,7b,mmlu_high_school_biology,0.8677,0.019272015434846444,0.8742,0.018865834288030025,-0.0065,
sft_lora_7b_science_s2_seed1234,sft,7b,mmlu_high_school_chemistry,0.6404,0.0337645824650957,0.6108,0.03430462416103873,0.0296,
sft_lora_7b_science_s2_seed1234,sft,7b,mmlu_high_school_computer_science,0.81,0.039427724440366255,0.85,0.03588702812826367,-0.04,
sft_lora_7b_science_s2_seed1234,sft,7b,mmlu_high_school_mathematics,0.5407,0.030384169232350797,0.5556,0.030296771286067326,-0.0148,
sft_lora_7b_science_s2_seed1234,sft,7b,mmlu_high_school_physics,0.5762,0.040348466786033946,0.5894,0.04016689594849927,-0.0132,
sft_lora_7b_science_s2_seed1234,sft,7b,mmlu_high_school_statistics,0.6713,0.03203614084670054,0.7037,0.03114144782353603,-0.0324,
sft_lora_7b_science_s2_seed1234,sft,7b,mmlu_machine_learning,0.5179,0.047427623612430116,0.5357,0.04733667890053756,-0.0179,
sft_lora_7b_science_s2_seed1234,sft,7b,truthfulqa_mc2,0.647,0.015472640501818584,0.6102,0.015198065747363902,0.0368,
sft_lora_7b_science_s2_seed1234,sft,7b,winogrande,0.7088,0.012769029305370742,0.7301,0.012476433372002504,-0.0213,
sft_lora_7b_science_s2_seed2024,sft,7b,hellaswag,0.8053,0.0039514673865973515,0.7936,0.004039176806180282,0.0118,
sft_lora_7b_science_s2_seed2024,sft,7b,humaneval,0.6402,0.0375909243573624,0.6524,0.03729852575607223,-0.0122,
sft_lora_7b_science_s2_seed2024,sft,7b,ifeval,0.5619,0.021350931135490865,0.4806,0.021500357879025083,0.0813,
sft_lora_7b_science_s2_seed2024,sft,7b,mmlu,0.7173,0.0035813264797393586,0.7136,0.0035872137132074004,0.0038,
sft_lora_7b_science_s2_seed2024,sft,7b,mmlu_humanities,0.6368,0.006563529300788007,0.6317,0.006565582342833806,0.0051,
sft_lora_7b_science_s2_seed2024,sft,7b,mmlu_formal_logic,0.5635,0.044359328928514664,0.5714,0.04426266681379905,-0.0079,
sft_lora_7b_science_s2_seed2024,sft,7b,mmlu_high_school_european_history,0.8485,0.027998073798781685,0.8303,0.02931118867498314,0.0182,
sft_lora_7b_science_s2_seed2024,sft,7b,mmlu_high_school_us_history,0.902,0.02087111845555211,0.8971,0.02132833757080435,0.0049,
sft_lora_7b_science_s2_seed2024,sft,7b,mmlu_high_school_world_history,0.8776,0.02133174182974682,0.8481,0.023363878096632425,0.0295,
sft_lora_7b_science_s2_seed2024,sft,7b,mmlu_international_law,0.8099,0.03581796951709283,0.843,0.03321244842547127,-0.0331,
sft_lora_7b_science_s2_seed2024,sft,7b,mmlu_jurisprudence,0.787,0.03957835471980979,0.7963,0.038935425188248496,-0.0093,
sft_lora_7b_science_s2_seed2024,sft,7b,mmlu_logical_fallacies,0.8221,0.03004735765580667,0.8405,0.028767481725983906,-0.0184,
sft_lora_7b_science_s2_seed2024,sft,7b,mmlu_moral_disputes,0.7659,0.022797110278071155,0.7775,0.022394215661942808,-0.0116,
sft_lora_7b_science_s2_seed2024,sft,7b,mmlu_moral_scenarios,0.4212,0.016513676031179602,0.4212,0.016513676031179602,0.0,
sft_lora_7b_science_s2_seed2024,sft,7b,mmlu_philosophy,0.7395,0.0249267232248456,0.7331,0.0251226376088166,0.0064,
sft_lora_7b_science_s2_seed2024,sft,7b,mmlu_prehistory,0.8179,0.02147349183480832,0.821,0.02133086876212711,-0.0031,
sft_lora_7b_science_s2_seed2024,sft,7b,mmlu_professional_law,0.5189,0.012761104871472523,0.502,0.012770138422208597,0.0169,
sft_lora_7b_science_s2_seed2024,sft,7b,mmlu_world_religions,0.8363,0.02838091959614585,0.8421,0.027966785859160903,-0.0058,
sft_lora_7b_science_s2_seed2024,sft,7b,mmlu_other,0.765,0.007294262943936957,0.7612,0.007297443327451853,0.0039,
sft_lora_7b_science_s2_seed2024,sft,7b,mmlu_business_ethics,0.78,0.041633319989322654,0.77,0.042295258468165065,0.01,
sft_lora_7b_science_s2_seed2024,sft,7b,mmlu_clinical_knowledge,0.7774,0.025604233470899053,0.7774,0.025604233470899053,0.0,
sft_lora_7b_science_s2_seed2024,sft,7b,mmlu_college_medicine,0.6705,0.03583901754736415,0.6821,0.0355068398916558,-0.0116,
sft_lora_7b_science_s2_seed2024,sft,7b,mmlu_global_facts,0.46,0.05009082659620332,0.38,0.04878317312145634,0.08,
sft_lora_7b_science_s2_seed2024,sft,7b,mmlu_human_aging,0.7803,0.027790177064383567,0.7534,0.028930413120910853,0.0269,
sft_lora_7b_science_s2_seed2024,sft,7b,mmlu_management,0.8835,0.03176683948640407,0.8835,0.03176683948640407,0.0,
sft_lora_7b_science_s2_seed2024,sft,7b,mmlu_marketing,0.9231,0.017456987872436165,0.9231,0.017456987872436165,0.0,
sft_lora_7b_science_s2_seed2024,sft,7b,mmlu_medical_genetics,0.84,0.03684529491774706,0.83,0.03775251680686369,0.01,
sft_lora_7b_science_s2_seed2024,sft,7b,mmlu_miscellaneous,0.8531,0.012658201736147321,0.8608,0.012378786101885132,-0.0077,
sft_lora_7b_science_s2_seed2024,sft,7b,mmlu_nutrition,0.7876,0.023420375478296097,0.7843,0.02355083135199512,0.0033,
sft_lora_7b_science_s2_seed2024,sft,7b,mmlu_professional_accounting,0.5567,0.029634838473765947,0.5532,0.02965823509766695,0.0035,
sft_lora_7b_science_s2_seed2024,sft,7b,mmlu_professional_medicine,0.7831,0.025035845227711254,0.7721,0.02548308146802982,0.011,
sft_lora_7b_science_s2_seed2024,sft,7b,mmlu_virology,0.5241,0.03887971849597267,0.5301,0.03885425420866771,-0.006,
sft_lora_7b_science_s2_seed2024,sft,7b,mmlu_social_sciences,0.8271,0.00670442058942076,0.8232,0.006769121122203248,0.0039,
sft_lora_7b_science_s2_seed2024,sft,7b,mmlu_econometrics,0.6667,0.04434600701584929,0.6579,0.044629175353369355,0.0088,
sft_lora_7b_science_s2_seed2024,sft,7b,mmlu_high_school_geography,0.8737,0.023664359402880177,0.8838,0.02282888177524936,-0.0101,
sft_lora_7b_science_s2_seed2024,sft,7b,mmlu_high_school_government_and_politics,0.943,0.01673108529360757,0.943,0.01673108529360757,0.0,
sft_lora_7b_science_s2_seed2024,sft,7b,mmlu_high_school_macroeconomics,0.7897,0.020660597485026883,0.7795,0.021020672680827836,0.0103,
sft_lora_7b_science_s2_seed2024,sft,7b,mmlu_high_school_microeconomics,0.8655,0.02215937307274442,0.8655,0.02215937307274442,0.0,
sft_lora_7b_science_s2_seed2024,sft,7b,mmlu_high_school_psychology,0.9064,0.012486841824602017,0.8936,0.013221554674594384,0.0128,
sft_lora_7b_science_s2_seed2024,sft,7b,mmlu_human_sexuality,0.8092,0.03446513350752599,0.8168,0.03392770926494735,-0.0076,
sft_lora_7b_science_s2_seed2024,sft,7b,mmlu_professional_psychology,0.7598,0.017282760695167303,0.7663,0.017119158496044513,-0.0065,
sft_lora_7b_science_s2_seed2024,sft,7b,mmlu_public_relations,0.7182,0.043091187099464606,0.6909,0.04426294648200096,0.0273,
sft_lora_7b_science_s2_seed2024,sft,7b,mmlu_security_studies,0.7755,0.02671143055553837,0.7755,0.02671143055553837,0.0,
sft_lora_7b_science_s2_seed2024,sft,7b,mmlu_sociology,0.8955,0.021628920516700654,0.8806,0.022928793277219726,0.0149,
sft_lora_7b_science_s2_seed2024,sft,7b,mmlu_us_foreign_policy,0.86,0.0348735088019777,0.85,0.03588702812826367,0.01,
sft_lora_7b_science_s2_seed2024,sft,7b,mmlu_stem,0.6835,0.007999256219179365,0.6819,0.007993087025265192,0.0016,
sft_lora_7b_science_s2_seed2024,sft,7b,mmlu_abstract_algebra,0.58,0.04960449637488582,0.55,0.05,0.03,
sft_lora_7b_science_s2_seed2024,sft,7b,mmlu_anatomy,0.7407,0.037857144650666516,0.7481,0.037498507091740185,-0.0074,
sft_lora_7b_science_s2_seed2024,sft,7b,mmlu_astronomy,0.8618,0.028081042939576566,0.8553,0.0286319518459304,0.0066,
sft_lora_7b_science_s2_seed2024,sft,7b,mmlu_college_biology,0.8681,0.02830096838204442,0.8819,0.026983346503309316,-0.0139,
sft_lora_7b_science_s2_seed2024,sft,7b,mmlu_college_chemistry,0.53,0.05016135580465919,0.55,0.05,-0.02,
sft_lora_7b_science_s2_seed2024,sft,7b,mmlu_college_computer_science,0.66,0.04760952285695234,0.69,0.046482319871173176,-0.03,
sft_lora_7b_science_s2_seed2024,sft,7b,mmlu_college_mathematics,0.41,0.04943110704237104,0.42,0.04960449637488583,-0.01,
sft_lora_7b_science_s2_seed2024,sft,7b,mmlu_college_physics,0.5098,0.04974229460422813,0.4804,0.04971358884367401,0.0294,
sft_lora_7b_science_s2_seed2024,sft,7b,mmlu_computer_security,0.78,0.041633319989322654,0.79,0.040936018074033236,-0.01,
sft_lora_7b_science_s2_seed2024,sft,7b,mmlu_conceptual_physics,0.766,0.02767845257821238,0.7574,0.02802022627120023,0.0085,
sft_lora_7b_science_s2_seed2024,sft,7b,mmlu_electrical_engineering,0.7103,0.03780019230438011,0.6966,0.03831226048850335,0.0138,
sft_lora_7b_science_s2_seed2024,sft,7b,mmlu_elementary_mathematics,0.6667,0.02427856802430766,0.6534,0.024508777521028414,0.0132,
sft_lora_7b_science_s2_seed2024,sft,7b,mmlu_high_school_biology,0.8677,0.019272015434846444,0.871,0.01907088925479277,-0.0032,
sft_lora_7b_science_s2_seed2024,sft,7b,mmlu_high_school_chemistry,0.6404,0.0337645824650957,0.6158,0.03422398565657553,0.0246,
sft_lora_7b_science_s2_seed2024,sft,7b,mmlu_high_school_computer_science,0.81,0.039427724440366255,0.83,0.03775251680686369,-0.02,
sft_lora_7b_science_s2_seed2024,sft,7b,mmlu_high_school_mathematics,0.5407,0.030384169232350797,0.5444,0.03036486250482447,-0.0037,
sft_lora_7b_science_s2_seed2024,sft,7b,mmlu_high_school_physics,0.5762,0.040348466786033946,0.5563,0.04056527902281736,0.0199,
sft_lora_7b_science_s2_seed2024,sft,7b,mmlu_high_school_statistics,0.6713,0.03203614084670054,0.6898,0.03154696285656624,-0.0185,
sft_lora_7b_science_s2_seed2024,sft,7b,mmlu_machine_learning,0.5179,0.047427623612430116,0.5268,0.047389751192741525,-0.0089,
sft_lora_7b_science_s2_seed2024,sft,7b,truthfulqa_mc2,0.647,0.015472640501818584,0.6142,0.015137972696987028,0.0328,
sft_lora_7b_science_s2_seed2024,sft,7b,winogrande,0.7088,0.012769029305370742,0.7253,0.012544516005117077,-0.0166,
sft_lora_7b_science_s2_seed42,sft,7b,hellaswag,0.8053,0.0039514673865973515,0.7926,0.0040463662230096455,0.0127,
sft_lora_7b_science_s2_seed42,sft,7b,humaneval,0.6402,0.0375909243573624,0.6524,0.03729852575607223,-0.0122,
sft_lora_7b_science_s2_seed42,sft,7b,ifeval,0.5619,0.021350931135490865,0.4621,0.021454695436204742,0.0998,
sft_lora_7b_science_s2_seed42,sft,7b,mmlu,0.7173,0.0035813264797393586,0.7135,0.003588585653129013,0.0038,
sft_lora_7b_science_s2_seed42,sft,7b,mmlu_humanities,0.6368,0.006563529300788007,0.6308,0.006582593064854524,0.006,
sft_lora_7b_science_s2_seed42,sft,7b,mmlu_formal_logic,0.5635,0.044359328928514664,0.5635,0.044359328928514664,0.0,
sft_lora_7b_science_s2_seed42,sft,7b,mmlu_high_school_european_history,0.8485,0.027998073798781685,0.8303,0.02931118867498314,0.0182,
sft_lora_7b_science_s2_seed42,sft,7b,mmlu_high_school_us_history,0.902,0.02087111845555211,0.8824,0.022613286601132043,0.0196,
sft_lora_7b_science_s2_seed42,sft,7b,mmlu_high_school_world_history,0.8776,0.02133174182974682,0.8523,0.023094329582595715,0.0253,
sft_lora_7b_science_s2_seed42,sft,7b,mmlu_international_law,0.8099,0.03581796951709283,0.8264,0.03457272836917668,-0.0165,
sft_lora_7b_science_s2_seed42,sft,7b,mmlu_jurisprudence,0.787,0.03957835471980979,0.7963,0.038935425188248496,-0.0093,
sft_lora_7b_science_s2_seed42,sft,7b,mmlu_logical_fallacies,0.8221,0.03004735765580667,0.8405,0.028767481725983906,-0.0184,
sft_lora_7b_science_s2_seed42,sft,7b,mmlu_moral_disputes,0.7659,0.022797110278071155,0.7717,0.022598703804321583,-0.0058,
sft_lora_7b_science_s2_seed42,sft,7b,mmlu_moral_scenarios,0.4212,0.016513676031179602,0.4257,0.016536829648996994,-0.0045,
sft_lora_7b_science_s2_seed42,sft,7b,mmlu_philosophy,0.7395,0.0249267232248456,0.7363,0.02502553850053229,0.0032,
sft_lora_7b_science_s2_seed42,sft,7b,mmlu_prehistory,0.8179,0.02147349183480832,0.8148,0.0216138093952248,0.0031,
sft_lora_7b_science_s2_seed42,sft,7b,mmlu_professional_law,0.5189,0.012761104871472523,0.5013,0.012770192691057138,0.0176,
sft_lora_7b_science_s2_seed42,sft,7b,mmlu_world_religions,0.8363,0.02838091959614585,0.848,0.027539122889061483,-0.0117,
sft_lora_7b_science_s2_seed42,sft,7b,mmlu_other,0.765,0.007294262943936957,0.7609,0.007309396447875568,0.0042,
sft_lora_7b_science_s2_seed42,sft,7b,mmlu_business_ethics,0.78,0.041633319989322654,0.76,0.04292346959909278,0.02,
sft_lora_7b_science_s2_seed42,sft,7b,mmlu_clinical_knowledge,0.7774,0.025604233470899053,0.7736,0.025757559893106702,0.0038,
sft_lora_7b_science_s2_seed42,sft,7b,mmlu_college_medicine,0.6705,0.03583901754736415,0.6763,0.03567603799639168,-0.0058,
sft_lora_7b_science_s2_seed42,sft,7b,mmlu_global_facts,0.46,0.05009082659620332,0.4,0.0492365963917331,0.06,
sft_lora_7b_science_s2_seed42,sft,7b,mmlu_human_aging,0.7803,0.027790177064383567,0.7534,0.028930413120910853,0.0269,
sft_lora_7b_science_s2_seed42,sft,7b,mmlu_management,0.8835,0.03176683948640407,0.8835,0.03176683948640407,0.0,
sft_lora_7b_science_s2_seed42,sft,7b,mmlu_marketing,0.9231,0.017456987872436165,0.9231,0.017456987872436165,0.0,
sft_lora_7b_science_s2_seed42,sft,7b,mmlu_medical_genetics,0.84,0.03684529491774706,0.84,0.03684529491774706,0.0,
sft_lora_7b_science_s2_seed42,sft,7b,mmlu_miscellaneous,0.8531,0.012658201736147321,0.8621,0.012331009307795718,-0.0089,
sft_lora_7b_science_s2_seed42,sft,7b,mmlu_nutrition,0.7876,0.023420375478296097,0.7974,0.023015446877985634,-0.0098,
sft_lora_7b_science_s2_seed42,sft,7b,mmlu_professional_accounting,0.5567,0.029634838473765947,0.5567,0.029634838473765947,0.0,
sft_lora_7b_science_s2_seed42,sft,7b,mmlu_professional_medicine,0.7831,0.025035845227711254,0.7463,0.026431329870789562,0.0368,
sft_lora_7b_science_s2_seed42,sft,7b,mmlu_virology,0.5241,0.03887971849597267,0.5301,0.03885425420866771,-0.006,
sft_lora_7b_science_s2_seed42,sft,7b,mmlu_social_sciences,0.8271,0.00670442058942076,0.8245,0.006739055233279593,0.0026,
sft_lora_7b_science_s2_seed42,sft,7b,mmlu_econometrics,0.6667,0.04434600701584929,0.6579,0.044629175353369355,0.0088,
sft_lora_7b_science_s2_seed42,sft,7b,mmlu_high_school_geography,0.8737,0.023664359402880177,0.8838,0.02282888177524936,-0.0101,
sft_lora_7b_science_s2_seed42,sft,7b,mmlu_high_school_government_and_politics,0.943,0.01673108529360757,0.943,0.01673108529360757,0.0,
sft_lora_7b_science_s2_seed42,sft,7b,mmlu_high_school_macroeconomics,0.7897,0.020660597485026883,0.7769,0.021107730127244016,0.0128,
sft_lora_7b_science_s2_seed42,sft,7b,mmlu_high_school_microeconomics,0.8655,0.02215937307274442,0.8739,0.021559623121213883,-0.0084,
sft_lora_7b_science_s2_seed42,sft,7b,mmlu_high_school_psychology,0.9064,0.012486841824602017,0.8954,0.013120530245265665,0.011,
sft_lora_7b_science_s2_seed42,sft,7b,mmlu_human_sexuality,0.8092,0.03446513350752599,0.8168,0.03392770926494735,-0.0076,
sft_lora_7b_science_s2_seed42,sft,7b,mmlu_professional_psychology,0.7598,0.017282760695167303,0.7663,0.017119158496044513,-0.0065,
sft_lora_7b_science_s2_seed42,sft,7b,mmlu_public_relations,0.7182,0.043091187099464606,0.6818,0.044612721759105065,0.0364,
sft_lora_7b_science_s2_seed42,sft,7b,mmlu_security_studies,0.7755,0.02671143055553837,0.7714,0.026882144922307713,0.0041,
sft_lora_7b_science_s2_seed42,sft,7b,mmlu_sociology,0.8955,0.021628920516700654,0.8955,0.021628920516700654,0.0,
sft_lora_7b_science_s2_seed42,sft,7b,mmlu_us_foreign_policy,0.86,0.0348735088019777,0.86,0.0348735088019777,0.0,
sft_lora_7b_science_s2_seed42,sft,7b,mmlu_stem,0.6835,0.007999256219179365,0.6819,0.00798768949180756,0.0016,
sft_lora_7b_science_s2_seed42,sft,7b,mmlu_abstract_algebra,0.58,0.04960449637488582,0.54,0.05009082659620331,0.04,
sft_lora_7b_science_s2_seed42,sft,7b,mmlu_anatomy,0.7407,0.037857144650666516,0.7407,0.037857144650666516,0.0,
sft_lora_7b_science_s2_seed42,sft,7b,mmlu_astronomy,0.8618,0.028081042939576566,0.8487,0.029162631596844006,0.0132,
sft_lora_7b_science_s2_seed42,sft,7b,mmlu_college_biology,0.8681,0.02830096838204442,0.875,0.02765610492929436,-0.0069,
sft_lora_7b_science_s2_seed42,sft,7b,mmlu_college_chemistry,0.53,0.05016135580465919,0.54,0.05009082659620331,-0.01,
sft_lora_7b_science_s2_seed42,sft,7b,mmlu_college_computer_science,0.66,0.04760952285695234,0.67,0.04725815626252609,-0.01,
sft_lora_7b_science_s2_seed42,sft,7b,mmlu_college_mathematics,0.41,0.04943110704237104,0.42,0.04960449637488583,-0.01,
sft_lora_7b_science_s2_seed42,sft,7b,mmlu_college_physics,0.5098,0.04974229460422813,0.4902,0.04974229460422813,0.0196,
sft_lora_7b_science_s2_seed42,sft,7b,mmlu_computer_security,0.78,0.041633319989322654,0.79,0.040936018074033236,-0.01,
sft_lora_7b_science_s2_seed42,sft,7b,mmlu_conceptual_physics,0.766,0.02767845257821238,0.766,0.02767845257821238,0.0,
sft_lora_7b_science_s2_seed42,sft,7b,mmlu_electrical_engineering,0.7103,0.03780019230438011,0.6966,0.03831226048850335,0.0138,
sft_lora_7b_science_s2_seed42,sft,7b,mmlu_elementary_mathematics,0.6667,0.02427856802430766,0.6561,0.0244644266255964,0.0106,
sft_lora_7b_science_s2_seed42,sft,7b,mmlu_high_school_biology,0.8677,0.019272015434846444,0.8774,0.018656720991789427,-0.0097,
sft_lora_7b_science_s2_seed42,sft,7b,mmlu_high_school_chemistry,0.6404,0.0337645824650957,0.6059,0.03438157967036543,0.0345,
sft_lora_7b_science_s2_seed42,sft,7b,mmlu_high_school_computer_science,0.81,0.039427724440366255,0.84,0.03684529491774706,-0.03,
sft_lora_7b_science_s2_seed42,sft,7b,mmlu_high_school_mathematics,0.5407,0.030384169232350797,0.5407,0.030384169232350797,0.0,
sft_lora_7b_science_s2_seed42,sft,7b,mmlu_high_school_physics,0.5762,0.040348466786033946,0.5762,0.040348466786033946,0.0,
sft_lora_7b_science_s2_seed42,sft,7b,mmlu_high_school_statistics,0.6713,0.03203614084670054,0.6944,0.0314155462940254,-0.0231,
sft_lora_7b_science_s2_seed42,sft,7b,mmlu_machine_learning,0.5179,0.047427623612430116,0.5179,0.047427623612430116,0.0,
sft_lora_7b_science_s2_seed42,sft,7b,truthfulqa_mc2,0.647,0.015472640501818584,0.6077,0.015185701529774892,0.0393,
sft_lora_7b_science_s2_seed42,sft,7b,winogrande,0.7088,0.012769029305370742,0.7269,0.01252202010586945,-0.0182,
sft_lora_7b_tooluse_s1_acq50_seed1234,sft_acq50,7b,hellaswag,0.8053,0.0039514673865973515,0.7921,0.004049947000890113,0.0132,
sft_lora_7b_tooluse_s1_acq50_seed1234,sft_acq50,7b,humaneval,0.6402,0.0375909243573624,0.5183,0.03913680408588946,0.122,
sft_lora_7b_tooluse_s1_acq50_seed1234,sft_acq50,7b,ifeval,0.5619,0.021350931135490865,0.4547,0.021428137106936782,0.1072,
sft_lora_7b_tooluse_s1_acq50_seed1234,sft_acq50,7b,mmlu,0.7173,0.0035813264797393586,0.715,0.003585698317013817,0.0024,
sft_lora_7b_tooluse_s1_acq50_seed1234,sft_acq50,7b,mmlu_humanities,0.6368,0.006563529300788007,0.6295,0.006577919836464297,0.0072,
sft_lora_7b_tooluse_s1_acq50_seed1234,sft_acq50,7b,mmlu_formal_logic,0.5635,0.044359328928514664,0.5794,0.044154382267437474,-0.0159,
sft_lora_7b_tooluse_s1_acq50_seed1234,sft_acq50,7b,mmlu_high_school_european_history,0.8485,0.027998073798781685,0.8303,0.02931118867498314,0.0182,
sft_lora_7b_tooluse_s1_acq50_seed1234,sft_acq50,7b,mmlu_high_school_us_history,0.902,0.02087111845555211,0.902,0.02087111845555211,0.0,
sft_lora_7b_tooluse_s1_acq50_seed1234,sft_acq50,7b,mmlu_high_school_world_history,0.8776,0.02133174182974682,0.8608,0.022535526352692684,0.0169,
sft_lora_7b_tooluse_s1_acq50_seed1234,sft_acq50,7b,mmlu_international_law,0.8099,0.03581796951709283,0.8182,0.03520893951097652,-0.0083,
sft_lora_7b_tooluse_s1_acq50_seed1234,sft_acq50,7b,mmlu_jurisprudence,0.787,0.03957835471980979,0.7778,0.04019107472557348,0.0093,
sft_lora_7b_tooluse_s1_acq50_seed1234,sft_acq50,7b,mmlu_logical_fallacies,0.8221,0.03004735765580667,0.816,0.030446777687971775,0.0061,
sft_lora_7b_tooluse_s1_acq50_seed1234,sft_acq50,7b,mmlu_moral_disputes,0.7659,0.022797110278071155,0.7572,0.02308365858698422,0.0087,
sft_lora_7b_tooluse_s1_acq50_seed1234,sft_acq50,7b,mmlu_moral_scenarios,0.4212,0.016513676031179602,0.4045,0.01641444091729316,0.0168,
sft_lora_7b_tooluse_s1_acq50_seed1234,sft_acq50,7b,mmlu_philosophy,0.7395,0.0249267232248456,0.7331,0.0251226376088166,0.0064,
sft_lora_7b_tooluse_s1_acq50_seed1234,sft_acq50,7b,mmlu_prehistory,0.8179,0.02147349183480832,0.821,0.02133086876212711,-0.0031,
sft_lora_7b_tooluse_s1_acq50_seed1234,sft_acq50,7b,mmlu_professional_law,0.5189,0.012761104871472523,0.5124,0.012766317315473681,0.0065,
sft_lora_7b_tooluse_s1_acq50_seed1234,sft_acq50,7b,mmlu_world_religions,0.8363,0.02838091959614585,0.8421,0.027966785859160903,-0.0058,
sft_lora_7b_tooluse_s1_acq50_seed1234,sft_acq50,7b,mmlu_other,0.765,0.007294262943936957,0.7654,0.007280711450633068,-0.0003,
sft_lora_7b_tooluse_s1_acq50_seed1234,sft_acq50,7b,mmlu_business_ethics,0.78,0.041633319989322654,0.77,0.042295258468165065,0.01,
sft_lora_7b_tooluse_s1_acq50_seed1234,sft_acq50,7b,mmlu_clinical_knowledge,0.7774,0.025604233470899053,0.7962,0.024790784501775447,-0.0189,
sft_lora_7b_tooluse_s1_acq50_seed1234,sft_acq50,7b,mmlu_college_medicine,0.6705,0.03583901754736415,0.6821,0.0355068398916558,-0.0116,
sft_lora_7b_tooluse_s1_acq50_seed1234,sft_acq50,7b,mmlu_global_facts,0.46,0.05009082659620332,0.46,0.05009082659620332,0.0,
sft_lora_7b_tooluse_s1_acq50_seed1234,sft_acq50,7b,mmlu_human_aging,0.7803,0.027790177064383567,0.7668,0.02838039114709467,0.0135,
sft_lora_7b_tooluse_s1_acq50_seed1234,sft_acq50,7b,mmlu_management,0.8835,0.03176683948640407,0.8641,0.03393295729761008,0.0194,
sft_lora_7b_tooluse_s1_acq50_seed1234,sft_acq50,7b,mmlu_marketing,0.9231,0.017456987872436165,0.9145,0.018315891685625852,0.0085,
sft_lora_7b_tooluse_s1_acq50_seed1234,sft_acq50,7b,mmlu_medical_genetics,0.84,0.03684529491774706,0.84,0.03684529491774706,0.0,
sft_lora_7b_tooluse_s1_acq50_seed1234,sft_acq50,7b,mmlu_miscellaneous,0.8531,0.012658201736147321,0.8582,0.012473289071271968,-0.0051,
sft_lora_7b_tooluse_s1_acq50_seed1234,sft_acq50,7b,mmlu_nutrition,0.7876,0.023420375478296097,0.7974,0.023015446877985634,-0.0098,
sft_lora_7b_tooluse_s1_acq50_seed1234,sft_acq50,7b,mmlu_professional_accounting,0.5567,0.029634838473765947,0.5461,0.029700453247291494,0.0106,
sft_lora_7b_tooluse_s1_acq50_seed1234,sft_acq50,7b,mmlu_professional_medicine,0.7831,0.025035845227711254,0.7794,0.025187786660227297,0.0037,
sft_lora_7b_tooluse_s1_acq50_seed1234,sft_acq50,7b,mmlu_virology,0.5241,0.03887971849597267,0.5181,0.03889951252827222,0.006,
sft_lora_7b_tooluse_s1_acq50_seed1234,sft_acq50,7b,mmlu_social_sciences,0.8271,0.00670442058942076,0.8261,0.0067056916136413,0.001,
sft_lora_7b_tooluse_s1_acq50_seed1234,sft_acq50,7b,mmlu_econometrics,0.6667,0.04434600701584929,0.6316,0.045378153549393944,0.0351,
sft_lora_7b_tooluse_s1_acq50_seed1234,sft_acq50,7b,mmlu_high_school_geography,0.8737,0.023664359402880177,0.8788,0.02325315795194205,-0.0051,
sft_lora_7b_tooluse_s1_acq50_seed1234,sft_acq50,7b,mmlu_high_school_government_and_politics,0.943,0.01673108529360757,0.9378,0.01742697415424056,0.0052,
sft_lora_7b_tooluse_s1_acq50_seed1234,sft_acq50,7b,mmlu_high_school_macroeconomics,0.7897,0.020660597485026883,0.7949,0.02047323317355194,-0.0051,
sft_lora_7b_tooluse_s1_acq50_seed1234,sft_acq50,7b,mmlu_high_school_microeconomics,0.8655,0.02215937307274442,0.8739,0.021559623121213883,-0.0084,
sft_lora_7b_tooluse_s1_acq50_seed1234,sft_acq50,7b,mmlu_high_school_psychology,0.9064,0.012486841824602017,0.9046,0.012595899282335761,0.0018,
sft_lora_7b_tooluse_s1_acq50_seed1234,sft_acq50,7b,mmlu_human_sexuality,0.8092,0.03446513350752599,0.8015,0.034981493854624734,0.0076,
sft_lora_7b_tooluse_s1_acq50_seed1234,sft_acq50,7b,mmlu_professional_psychology,0.7598,0.017282760695167303,0.7631,0.017201662169789703,-0.0033,
sft_lora_7b_tooluse_s1_acq50_seed1234,sft_acq50,7b,mmlu_public_relations,0.7182,0.043091187099464606,0.7273,0.04265792110940591,-0.0091,
sft_lora_7b_tooluse_s1_acq50_seed1234,sft_acq50,7b,mmlu_security_studies,0.7755,0.02671143055553837,0.751,0.027682979522960276,0.0245,
sft_lora_7b_tooluse_s1_acq50_seed1234,sft_acq50,7b,mmlu_sociology,0.8955,0.021628920516700654,0.9055,0.020687186951534122,-0.01,
sft_lora_7b_tooluse_s1_acq50_seed1234,sft_acq50,7b,mmlu_us_foreign_policy,0.86,0.0348735088019777,0.86,0.0348735088019777,0.0,
sft_lora_7b_tooluse_s1_acq50_seed1234,sft_acq50,7b,mmlu_stem,0.6835,0.007999256219179365,0.6844,0.008022728979628206,-0.001,
sft_lora_7b_tooluse_s1_acq50_seed1234,sft_acq50,7b,mmlu_abstract_algebra,0.58,0.04960449637488582,0.54,0.05009082659620331,0.04,
sft_lora_7b_tooluse_s1_acq50_seed1234,sft_acq50,7b,mmlu_anatomy,0.7407,0.037857144650666516,0.7333,0.038201699145179034,0.0074,
sft_lora_7b_tooluse_s1_acq50_seed1234,sft_acq50,7b,mmlu_astronomy,0.8618,0.028081042939576566,0.8553,0.0286319518459304,0.0066,
sft_lora_7b_tooluse_s1_acq50_seed1234,sft_acq50,7b,mmlu_college_biology,0.8681,0.02830096838204442,0.8542,0.029514245964291804,0.0139,
sft_lora_7b_tooluse_s1_acq50_seed1234,sft_acq50,7b,mmlu_college_chemistry,0.53,0.05016135580465919,0.54,0.05009082659620331,-0.01,
sft_lora_7b_tooluse_s1_acq50_seed1234,sft_acq50,7b,mmlu_college_computer_science,0.66,0.04760952285695234,0.69,0.046482319871173176,-0.03,
sft_lora_7b_tooluse_s1_acq50_seed1234,sft_acq50,7b,mmlu_college_mathematics,0.41,0.04943110704237104,0.47,0.05016135580465919,-0.06,
sft_lora_7b_tooluse_s1_acq50_seed1234,sft_acq50,7b,mmlu_college_physics,0.5098,0.04974229460422813,0.5098,0.04974229460422813,0.0,
sft_lora_7b_tooluse_s1_acq50_seed1234,sft_acq50,7b,mmlu_computer_security,0.78,0.041633319989322654,0.77,0.042295258468165065,0.01,
sft_lora_7b_tooluse_s1_acq50_seed1234,sft_acq50,7b,mmlu_conceptual_physics,0.766,0.02767845257821238,0.7532,0.02818544130123409,0.0128,
sft_lora_7b_tooluse_s1_acq50_seed1234,sft_acq50,7b,mmlu_electrical_engineering,0.7103,0.03780019230438011,0.7103,0.03780019230438011,0.0,
sft_lora_7b_tooluse_s1_acq50_seed1234,sft_acq50,7b,mmlu_elementary_mathematics,0.6667,0.02427856802430766,0.6481,0.024594975128920938,0.0185,
sft_lora_7b_tooluse_s1_acq50_seed1234,sft_acq50,7b,mmlu_high_school_biology,0.8677,0.019272015434846444,0.8742,0.018865834288030025,-0.0065,
sft_lora_7b_tooluse_s1_acq50_seed1234,sft_acq50,7b,mmlu_high_school_chemistry,0.6404,0.0337645824650957,0.6502,0.033554009049695604,-0.0099,
sft_lora_7b_tooluse_s1_acq50_seed1234,sft_acq50,7b,mmlu_high_school_computer_science,0.81,0.039427724440366255,0.82,0.03861229196653691,-0.01,
sft_lora_7b_tooluse_s1_acq50_seed1234,sft_acq50,7b,mmlu_high_school_mathematics,0.5407,0.030384169232350797,0.563,0.030242862397654047,-0.0222,
sft_lora_7b_tooluse_s1_acq50_seed1234,sft_acq50,7b,mmlu_high_school_physics,0.5762,0.040348466786033946,0.5894,0.04016689594849927,-0.0132,
sft_lora_7b_tooluse_s1_acq50_seed1234,sft_acq50,7b,mmlu_high_school_statistics,0.6713,0.03203614084670054,0.6667,0.03214952147802747,0.0046,
sft_lora_7b_tooluse_s1_acq50_seed1234,sft_acq50,7b,mmlu_machine_learning,0.5179,0.047427623612430116,0.5179,0.047427623612430116,0.0,
sft_lora_7b_tooluse_s1_acq50_seed1234,sft_acq50,7b,truthfulqa_mc2,0.647,0.015472640501818584,0.5728,0.015512126465796286,0.0742,
sft_lora_7b_tooluse_s1_acq50_seed1234,sft_acq50,7b,winogrande,0.7088,0.012769029305370742,0.7182,0.012643326011853038,-0.0095,
sft_lora_7b_tooluse_s1_acq50_seed2024,sft_acq50,7b,hellaswag,0.8053,0.0039514673865973515,0.7946,0.004031950075554745,0.0108,
sft_lora_7b_tooluse_s1_acq50_seed2024,sft_acq50,7b,humaneval,0.6402,0.0375909243573624,0.5305,0.039090150152945966,0.1098,
sft_lora_7b_tooluse_s1_acq50_seed2024,sft_acq50,7b,ifeval,0.5619,0.021350931135490865,0.4787,0.02149712051598776,0.0832,
sft_lora_7b_tooluse_s1_acq50_seed2024,sft_acq50,7b,mmlu,0.7173,0.0035813264797393586,0.7151,0.003586577970695116,0.0023,
sft_lora_7b_tooluse_s1_acq50_seed2024,sft_acq50,7b,mmlu_humanities,0.6368,0.006563529300788007,0.6304,0.0065735960445394166,0.0064,
sft_lora_7b_tooluse_s1_acq50_seed2024,sft_acq50,7b,mmlu_formal_logic,0.5635,0.044359328928514664,0.5873,0.04403438954768178,-0.0238,
sft_lora_7b_tooluse_s1_acq50_seed2024,sft_acq50,7b,mmlu_high_school_european_history,0.8485,0.027998073798781685,0.8364,0.028887872395487978,0.0121,
sft_lora_7b_tooluse_s1_acq50_seed2024,sft_acq50,7b,mmlu_high_school_us_history,0.902,0.02087111845555211,0.8971,0.02132833757080435,0.0049,
sft_lora_7b_tooluse_s1_acq50_seed2024,sft_acq50,7b,mmlu_high_school_world_history,0.8776,0.02133174182974682,0.8565,0.02281829182101699,0.0211,
sft_lora_7b_tooluse_s1_acq50_seed2024,sft_acq50,7b,mmlu_international_law,0.8099,0.03581796951709283,0.8264,0.03457272836917668,-0.0165,
sft_lora_7b_tooluse_s1_acq50_seed2024,sft_acq50,7b,mmlu_jurisprudence,0.787,0.03957835471980979,0.7778,0.04019107472557348,0.0093,
sft_lora_7b_tooluse_s1_acq50_seed2024,sft_acq50,7b,mmlu_logical_fallacies,0.8221,0.03004735765580667,0.8221,0.03004735765580667,0.0,
sft_lora_7b_tooluse_s1_acq50_seed2024,sft_acq50,7b,mmlu_moral_disputes,0.7659,0.022797110278071155,0.763,0.02289408248992599,0.0029,
sft_lora_7b_tooluse_s1_acq50_seed2024,sft_acq50,7b,mmlu_moral_scenarios,0.4212,0.016513676031179602,0.4078,0.016435865260914707,0.0134,
sft_lora_7b_tooluse_s1_acq50_seed2024,sft_acq50,7b,mmlu_philosophy,0.7395,0.0249267232248456,0.7395,0.0249267232248456,0.0,
sft_lora_7b_tooluse_s1_acq50_seed2024,sft_acq50,7b,mmlu_prehistory,0.8179,0.02147349183480832,0.821,0.02133086876212711,-0.0031,
sft_lora_7b_tooluse_s1_acq50_seed2024,sft_acq50,7b,mmlu_professional_law,0.5189,0.012761104871472523,0.5098,0.012767793787729296,0.0091,
sft_lora_7b_tooluse_s1_acq50_seed2024,sft_acq50,7b,mmlu_world_religions,0.8363,0.02838091959614585,0.8363,0.02838091959614585,0.0,
sft_lora_7b_tooluse_s1_acq50_seed2024,sft_acq50,7b,mmlu_other,0.765,0.007294262943936957,0.7634,0.007303629076569466,0.0016,
sft_lora_7b_tooluse_s1_acq50_seed2024,sft_acq50,7b,mmlu_business_ethics,0.78,0.041633319989322654,0.76,0.04292346959909278,0.02,
sft_lora_7b_tooluse_s1_acq50_seed2024,sft_acq50,7b,mmlu_clinical_knowledge,0.7774,0.025604233470899053,0.7887,0.0251257664848279,-0.0113,
sft_lora_7b_tooluse_s1_acq50_seed2024,sft_acq50,7b,mmlu_college_medicine,0.6705,0.03583901754736415,0.6763,0.03567603799639168,-0.0058,
sft_lora_7b_tooluse_s1_acq50_seed2024,sft_acq50,7b,mmlu_global_facts,0.46,0.05009082659620332,0.47,0.05016135580465919,-0.01,
sft_lora_7b_tooluse_s1_acq50_seed2024,sft_acq50,7b,mmlu_human_aging,0.7803,0.027790177064383567,0.7623,0.02856807946471428,0.0179,
sft_lora_7b_tooluse_s1_acq50_seed2024,sft_acq50,7b,mmlu_management,0.8835,0.03176683948640407,0.8738,0.03288180278808631,0.0097,
sft_lora_7b_tooluse_s1_acq50_seed2024,sft_acq50,7b,mmlu_marketing,0.9231,0.017456987872436165,0.9188,0.017893784904018484,0.0043,
sft_lora_7b_tooluse_s1_acq50_seed2024,sft_acq50,7b,mmlu_medical_genetics,0.84,0.03684529491774706,0.84,0.03684529491774706,0.0,
sft_lora_7b_tooluse_s1_acq50_seed2024,sft_acq50,7b,mmlu_miscellaneous,0.8531,0.012658201736147321,0.8544,0.012612475800423417,-0.0013,
sft_lora_7b_tooluse_s1_acq50_seed2024,sft_acq50,7b,mmlu_nutrition,0.7876,0.023420375478296097,0.8039,0.02273378940544767,-0.0163,
sft_lora_7b_tooluse_s1_acq50_seed2024,sft_acq50,7b,mmlu_professional_accounting,0.5567,0.029634838473765947,0.5426,0.029719281272236824,0.0142,
sft_lora_7b_tooluse_s1_acq50_seed2024,sft_acq50,7b,mmlu_professional_medicine,0.7831,0.025035845227711254,0.7721,0.02548308146802982,0.011,
sft_lora_7b_tooluse_s1_acq50_seed2024,sft_acq50,7b,mmlu_virology,0.5241,0.03887971849597267,0.5181,0.03889951252827222,0.006,
sft_lora_7b_tooluse_s1_acq50_seed2024,sft_acq50,7b,mmlu_social_sciences,0.8271,0.00670442058942076,0.8252,0.006718582747548469,0.0019,
sft_lora_7b_tooluse_s1_acq50_seed2024,sft_acq50,7b,mmlu_econometrics,0.6667,0.04434600701584929,0.6404,0.04514496132873635,0.0263,
sft_lora_7b_tooluse_s1_acq50_seed2024,sft_acq50,7b,mmlu_high_school_geography,0.8737,0.023664359402880177,0.8788,0.02325315795194205,-0.0051,
sft_lora_7b_tooluse_s1_acq50_seed2024,sft_acq50,7b,mmlu_high_school_government_and_politics,0.943,0.01673108529360757,0.9378,0.01742697415424056,0.0052,
sft_lora_7b_tooluse_s1_acq50_seed2024,sft_acq50,7b,mmlu_high_school_macroeconomics,0.7897,0.020660597485026883,0.7872,0.020752423722128037,0.0026,
sft_lora_7b_tooluse_s1_acq50_seed2024,sft_acq50,7b,mmlu_high_school_microeconomics,0.8655,0.02215937307274442,0.8824,0.020928472557788826,-0.0168,
sft_lora_7b_tooluse_s1_acq50_seed2024,sft_acq50,7b,mmlu_high_school_psychology,0.9064,0.012486841824602017,0.9064,0.012486841824602017,0.0,
sft_lora_7b_tooluse_s1_acq50_seed2024,sft_acq50,7b,mmlu_human_sexuality,0.8092,0.03446513350752599,0.7939,0.035477710041594654,0.0153,
sft_lora_7b_tooluse_s1_acq50_seed2024,sft_acq50,7b,mmlu_professional_psychology,0.7598,0.017282760695167303,0.7598,0.017282760695167303,0.0,
sft_lora_7b_tooluse_s1_acq50_seed2024,sft_acq50,7b,mmlu_public_relations,0.7182,0.043091187099464606,0.7364,0.04220224692971989,-0.0182,
sft_lora_7b_tooluse_s1_acq50_seed2024,sft_acq50,7b,mmlu_security_studies,0.7755,0.02671143055553837,0.7469,0.027833023871399704,0.0286,
sft_lora_7b_tooluse_s1_acq50_seed2024,sft_acq50,7b,mmlu_sociology,0.8955,0.021628920516700654,0.9005,0.02116621630465935,-0.005,
sft_lora_7b_tooluse_s1_acq50_seed2024,sft_acq50,7b,mmlu_us_foreign_policy,0.86,0.0348735088019777,0.86,0.0348735088019777,0.0,
sft_lora_7b_tooluse_s1_acq50_seed2024,sft_acq50,7b,mmlu_stem,0.6835,0.007999256219179365,0.6863,0.008007888505162373,-0.0029,
sft_lora_7b_tooluse_s1_acq50_seed2024,sft_acq50,7b,mmlu_abstract_algebra,0.58,0.04960449637488582,0.56,0.049888765156985884,0.02,
sft_lora_7b_tooluse_s1_acq50_seed2024,sft_acq50,7b,mmlu_anatomy,0.7407,0.037857144650666516,0.7407,0.037857144650666516,0.0,
sft_lora_7b_tooluse_s1_acq50_seed2024,sft_acq50,7b,mmlu_astronomy,0.8618,0.028081042939576566,0.8618,0.028081042939576566,0.0,
sft_lora_7b_tooluse_s1_acq50_seed2024,sft_acq50,7b,mmlu_college_biology,0.8681,0.02830096838204442,0.8542,0.029514245964291804,0.0139,
sft_lora_7b_tooluse_s1_acq50_seed2024,sft_acq50,7b,mmlu_college_chemistry,0.53,0.05016135580465919,0.55,0.05,-0.02,
sft_lora_7b_tooluse_s1_acq50_seed2024,sft_acq50,7b,mmlu_college_computer_science,0.66,0.04760952285695234,0.69,0.046482319871173176,-0.03,
sft_lora_7b_tooluse_s1_acq50_seed2024,sft_acq50,7b,mmlu_college_mathematics,0.41,0.04943110704237104,0.45,0.05,-0.04,
sft_lora_7b_tooluse_s1_acq50_seed2024,sft_acq50,7b,mmlu_college_physics,0.5098,0.04974229460422813,0.5098,0.04974229460422813,0.0,
sft_lora_7b_tooluse_s1_acq50_seed2024,sft_acq50,7b,mmlu_computer_security,0.78,0.041633319989322654,0.76,0.04292346959909278,0.02,
sft_lora_7b_tooluse_s1_acq50_seed2024,sft_acq50,7b,mmlu_conceptual_physics,0.766,0.02767845257821238,0.7574,0.02802022627120023,0.0085,
sft_lora_7b_tooluse_s1_acq50_seed2024,sft_acq50,7b,mmlu_electrical_engineering,0.7103,0.03780019230438011,0.7103,0.03780019230438011,0.0,
sft_lora_7b_tooluse_s1_acq50_seed2024,sft_acq50,7b,mmlu_elementary_mathematics,0.6667,0.02427856802430766,0.6561,0.0244644266255964,0.0106,
sft_lora_7b_tooluse_s1_acq50_seed2024,sft_acq50,7b,mmlu_high_school_biology,0.8677,0.019272015434846444,0.871,0.01907088925479277,-0.0032,
sft_lora_7b_tooluse_s1_acq50_seed2024,sft_acq50,7b,mmlu_high_school_chemistry,0.6404,0.0337645824650957,0.6552,0.03344283744280457,-0.0148,
sft_lora_7b_tooluse_s1_acq50_seed2024,sft_acq50,7b,mmlu_high_school_computer_science,0.81,0.039427724440366255,0.82,0.03861229196653691,-0.01,
sft_lora_7b_tooluse_s1_acq50_seed2024,sft_acq50,7b,mmlu_high_school_mathematics,0.5407,0.030384169232350797,0.5481,0.030343862998512657,-0.0074,
sft_lora_7b_tooluse_s1_acq50_seed2024,sft_acq50,7b,mmlu_high_school_physics,0.5762,0.040348466786033946,0.5828,0.040261414976346124,-0.0066,
sft_lora_7b_tooluse_s1_acq50_seed2024,sft_acq50,7b,mmlu_high_school_statistics,0.6713,0.03203614084670054,0.6759,0.031919234456861886,-0.0046,
sft_lora_7b_tooluse_s1_acq50_seed2024,sft_acq50,7b,mmlu_machine_learning,0.5179,0.047427623612430116,0.5446,0.04726835553719097,-0.0268,
sft_lora_7b_tooluse_s1_acq50_seed2024,sft_acq50,7b,truthfulqa_mc2,0.647,0.015472640501818584,0.5795,0.015435691845641876,0.0675,
sft_lora_7b_tooluse_s1_acq50_seed2024,sft_acq50,7b,winogrande,0.7088,0.012769029305370742,0.7167,0.012664751735505396,-0.0079,
sft_lora_7b_tooluse_s1_acq50_seed42,sft_acq50,7b,hellaswag,0.8053,0.0039514673865973515,0.7931,0.004042776166353428,0.0122,
sft_lora_7b_tooluse_s1_acq50_seed42,sft_acq50,7b,humaneval,0.6402,0.0375909243573624,0.5183,0.03913680408588946,0.122,
sft_lora_7b_tooluse_s1_acq50_seed42,sft_acq50,7b,ifeval,0.5619,0.021350931135490865,0.4713,0.02148122093008049,0.0906,
sft_lora_7b_tooluse_s1_acq50_seed42,sft_acq50,7b,mmlu,0.7173,0.0035813264797393586,0.7147,0.0035857470737712493,0.0026,
sft_lora_7b_tooluse_s1_acq50_seed42,sft_acq50,7b,mmlu_humanities,0.6368,0.006563529300788007,0.631,0.006567891676694713,0.0057,
sft_lora_7b_tooluse_s1_acq50_seed42,sft_acq50,7b,mmlu_formal_logic,0.5635,0.044359328928514664,0.5794,0.044154382267437474,-0.0159,
sft_lora_7b_tooluse_s1_acq50_seed42,sft_acq50,7b,mmlu_high_school_european_history,0.8485,0.027998073798781685,0.8303,0.02931118867498314,0.0182,
sft_lora_7b_tooluse_s1_acq50_seed42,sft_acq50,7b,mmlu_high_school_us_history,0.902,0.02087111845555211,0.8971,0.02132833757080435,0.0049,
sft_lora_7b_tooluse_s1_acq50_seed42,sft_acq50,7b,mmlu_high_school_world_history,0.8776,0.02133174182974682,0.8608,0.022535526352692684,0.0169,
sft_lora_7b_tooluse_s1_acq50_seed42,sft_acq50,7b,mmlu_international_law,0.8099,0.03581796951709283,0.8264,0.03457272836917668,-0.0165,
sft_lora_7b_tooluse_s1_acq50_seed42,sft_acq50,7b,mmlu_jurisprudence,0.787,0.03957835471980979,0.787,0.03957835471980979,0.0,
sft_lora_7b_tooluse_s1_acq50_seed42,sft_acq50,7b,mmlu_logical_fallacies,0.8221,0.03004735765580667,0.8221,0.03004735765580667,0.0,
sft_lora_7b_tooluse_s1_acq50_seed42,sft_acq50,7b,mmlu_moral_disputes,0.7659,0.022797110278071155,0.7659,0.022797110278071155,0.0,
sft_lora_7b_tooluse_s1_acq50_seed42,sft_acq50,7b,mmlu_moral_scenarios,0.4212,0.016513676031179602,0.4045,0.01641444091729316,0.0168,
sft_lora_7b_tooluse_s1_acq50_seed42,sft_acq50,7b,mmlu_philosophy,0.7395,0.0249267232248456,0.7395,0.0249267232248456,0.0,
sft_lora_7b_tooluse_s1_acq50_seed42,sft_acq50,7b,mmlu_prehistory,0.8179,0.02147349183480832,0.821,0.02133086876212711,-0.0031,
sft_lora_7b_tooluse_s1_acq50_seed42,sft_acq50,7b,mmlu_professional_law,0.5189,0.012761104871472523,0.513,0.01276589388383549,0.0059,
sft_lora_7b_tooluse_s1_acq50_seed42,sft_acq50,7b,mmlu_world_religions,0.8363,0.02838091959614585,0.8363,0.02838091959614585,0.0,
sft_lora_7b_tooluse_s1_acq50_seed42,sft_acq50,7b,mmlu_other,0.765,0.007294262943936957,0.7631,0.007303596262411529,0.0019,
sft_lora_7b_tooluse_s1_acq50_seed42,sft_acq50,7b,mmlu_business_ethics,0.78,0.041633319989322654,0.76,0.04292346959909278,0.02,
sft_lora_7b_tooluse_s1_acq50_seed42,sft_acq50,7b,mmlu_clinical_knowledge,0.7774,0.025604233470899053,0.7849,0.02528839450289141,-0.0075,
sft_lora_7b_tooluse_s1_acq50_seed42,sft_acq50,7b,mmlu_college_medicine,0.6705,0.03583901754736415,0.6763,0.03567603799639168,-0.0058,
sft_lora_7b_tooluse_s1_acq50_seed42,sft_acq50,7b,mmlu_global_facts,0.46,0.05009082659620332,0.48,0.05021167315686783,-0.02,
sft_lora_7b_tooluse_s1_acq50_seed42,sft_acq50,7b,mmlu_human_aging,0.7803,0.027790177064383567,0.7668,0.02838039114709467,0.0135,
sft_lora_7b_tooluse_s1_acq50_seed42,sft_acq50,7b,mmlu_management,0.8835,0.03176683948640407,0.8738,0.03288180278808631,0.0097,
sft_lora_7b_tooluse_s1_acq50_seed42,sft_acq50,7b,mmlu_marketing,0.9231,0.017456987872436165,0.9188,0.017893784904018484,0.0043,
sft_lora_7b_tooluse_s1_acq50_seed42,sft_acq50,7b,mmlu_medical_genetics,0.84,0.03684529491774706,0.85,0.03588702812826367,-0.01,
sft_lora_7b_tooluse_s1_acq50_seed42,sft_acq50,7b,mmlu_miscellaneous,0.8531,0.012658201736147321,0.8557,0.012566417503320994,-0.0026,
sft_lora_7b_tooluse_s1_acq50_seed42,sft_acq50,7b,mmlu_nutrition,0.7876,0.023420375478296097,0.8007,0.022875816993464054,-0.0131,
sft_lora_7b_tooluse_s1_acq50_seed42,sft_acq50,7b,mmlu_professional_accounting,0.5567,0.029634838473765947,0.5355,0.02975238965742713,0.0213,
sft_lora_7b_tooluse_s1_acq50_seed42,sft_acq50,7b,mmlu_professional_medicine,0.7831,0.025035845227711254,0.7684,0.025626533803777565,0.0147,
sft_lora_7b_tooluse_s1_acq50_seed42,sft_acq50,7b,mmlu_virology,0.5241,0.03887971849597267,0.5181,0.03889951252827222,0.006,
sft_lora_7b_tooluse_s1_acq50_seed42,sft_acq50,7b,mmlu_social_sciences,0.8271,0.00670442058942076,0.8268,0.006700969280182072,0.0003,
sft_lora_7b_tooluse_s1_acq50_seed42,sft_acq50,7b,mmlu_econometrics,0.6667,0.04434600701584929,0.6404,0.04514496132873635,0.0263,
sft_lora_7b_tooluse_s1_acq50_seed42,sft_acq50,7b,mmlu_high_school_geography,0.8737,0.023664359402880177,0.8788,0.02325315795194205,-0.0051,
sft_lora_7b_tooluse_s1_acq50_seed42,sft_acq50,7b,mmlu_high_school_government_and_politics,0.943,0.01673108529360757,0.9326,0.01808839383907894,0.0104,
sft_lora_7b_tooluse_s1_acq50_seed42,sft_acq50,7b,mmlu_high_school_macroeconomics,0.7897,0.020660597485026883,0.7949,0.02047323317355194,-0.0051,
sft_lora_7b_tooluse_s1_acq50_seed42,sft_acq50,7b,mmlu_high_school_microeconomics,0.8655,0.02215937307274442,0.8782,0.021248144538411968,-0.0126,
sft_lora_7b_tooluse_s1_acq50_seed42,sft_acq50,7b,mmlu_high_school_psychology,0.9064,0.012486841824602017,0.9064,0.012486841824602017,0.0,
sft_lora_7b_tooluse_s1_acq50_seed42,sft_acq50,7b,mmlu_human_sexuality,0.8092,0.03446513350752599,0.7939,0.035477710041594654,0.0153,
sft_lora_7b_tooluse_s1_acq50_seed42,sft_acq50,7b,mmlu_professional_psychology,0.7598,0.017282760695167303,0.7647,0.01716058723504642,-0.0049,
sft_lora_7b_tooluse_s1_acq50_seed42,sft_acq50,7b,mmlu_public_relations,0.7182,0.043091187099464606,0.7273,0.04265792110940591,-0.0091,
sft_lora_7b_tooluse_s1_acq50_seed42,sft_acq50,7b,mmlu_security_studies,0.7755,0.02671143055553837,0.7551,0.02752963744017492,0.0204,
sft_lora_7b_tooluse_s1_acq50_seed42,sft_acq50,7b,mmlu_sociology,0.8955,0.021628920516700654,0.9005,0.02116621630465935,-0.005,
sft_lora_7b_tooluse_s1_acq50_seed42,sft_acq50,7b,mmlu_us_foreign_policy,0.86,0.0348735088019777,0.86,0.0348735088019777,0.0,
sft_lora_7b_tooluse_s1_acq50_seed42,sft_acq50,7b,mmlu_stem,0.6835,0.007999256219179365,0.6825,0.008025046639145796,0.001,
sft_lora_7b_tooluse_s1_acq50_seed42,sft_acq50,7b,mmlu_abstract_algebra,0.58,0.04960449637488582,0.57,0.049756985195624305,0.01,
sft_lora_7b_tooluse_s1_acq50_seed42,sft_acq50,7b,mmlu_anatomy,0.7407,0.037857144650666516,0.7333,0.038201699145179034,0.0074,
sft_lora_7b_tooluse_s1_acq50_seed42,sft_acq50,7b,mmlu_astronomy,0.8618,0.028081042939576566,0.8618,0.028081042939576566,0.0,
sft_lora_7b_tooluse_s1_acq50_seed42,sft_acq50,7b,mmlu_college_biology,0.8681,0.02830096838204442,0.8542,0.029514245964291804,0.0139,
sft_lora_7b_tooluse_s1_acq50_seed42,sft_acq50,7b,mmlu_college_chemistry,0.53,0.05016135580465919,0.53,0.05016135580465919,0.0,
sft_lora_7b_tooluse_s1_acq50_seed42,sft_acq50,7b,mmlu_college_computer_science,0.66,0.04760952285695234,0.7,0.04605661864718383,-0.04,
sft_lora_7b_tooluse_s1_acq50_seed42,sft_acq50,7b,mmlu_college_mathematics,0.41,0.04943110704237104,0.44,0.049888765156985884,-0.03,
sft_lora_7b_tooluse_s1_acq50_seed42,sft_acq50,7b,mmlu_college_physics,0.5098,0.04974229460422813,0.5098,0.04974229460422813,0.0,
sft_lora_7b_tooluse_s1_acq50_seed42,sft_acq50,7b,mmlu_computer_security,0.78,0.041633319989322654,0.76,0.04292346959909278,0.02,
sft_lora_7b_tooluse_s1_acq50_seed42,sft_acq50,7b,mmlu_conceptual_physics,0.766,0.02767845257821238,0.7617,0.02785125297388981,0.0043,
sft_lora_7b_tooluse_s1_acq50_seed42,sft_acq50,7b,mmlu_electrical_engineering,0.7103,0.03780019230438011,0.6966,0.03831226048850335,0.0138,
sft_lora_7b_tooluse_s1_acq50_seed42,sft_acq50,7b,mmlu_elementary_mathematics,0.6667,0.02427856802430766,0.6481,0.024594975128920938,0.0185,
sft_lora_7b_tooluse_s1_acq50_seed42,sft_acq50,7b,mmlu_high_school_biology,0.8677,0.019272015434846444,0.871,0.01907088925479277,-0.0032,
sft_lora_7b_tooluse_s1_acq50_seed42,sft_acq50,7b,mmlu_high_school_chemistry,0.6404,0.0337645824650957,0.6453,0.03366124489051447,-0.0049,
sft_lora_7b_tooluse_s1_acq50_seed42,sft_acq50,7b,mmlu_high_school_computer_science,0.81,0.039427724440366255,0.82,0.03861229196653691,-0.01,
sft_lora_7b_tooluse_s1_acq50_seed42,sft_acq50,7b,mmlu_high_school_mathematics,0.5407,0.030384169232350797,0.5593,0.030270671157284088,-0.0185,
sft_lora_7b_tooluse_s1_acq50_seed42,sft_acq50,7b,mmlu_high_school_physics,0.5762,0.040348466786033946,0.5828,0.040261414976346124,-0.0066,
sft_lora_7b_tooluse_s1_acq50_seed42,sft_acq50,7b,mmlu_high_school_statistics,0.6713,0.03203614084670054,0.662,0.03225941352631297,0.0093,
sft_lora_7b_tooluse_s1_acq50_seed42,sft_acq50,7b,mmlu_machine_learning,0.5179,0.047427623612430116,0.5089,0.04745033255489126,0.0089,
sft_lora_7b_tooluse_s1_acq50_seed42,sft_acq50,7b,truthfulqa_mc2,0.647,0.015472640501818584,0.5737,0.015507465269998444,0.0733,
sft_lora_7b_tooluse_s1_acq50_seed42,sft_acq50,7b,winogrande,0.7088,0.012769029305370742,0.7174,0.012654062850971258,-0.0087,
sft_lora_7b_tooluse_s1_seed1234,sft,7b,hellaswag,0.8053,0.0039514673865973515,0.7914,0.004054944548370126,0.0139,
sft_lora_7b_tooluse_s1_seed1234,sft,7b,humaneval,0.6402,0.0375909243573624,0.5671,0.03880904879683739,0.0732,
sft_lora_7b_tooluse_s1_seed1234,sft,7b,ifeval,0.5619,0.021350931135490865,0.4529,0.02142075394952955,0.1091,
sft_lora_7b_tooluse_s1_seed1234,sft,7b,mmlu,0.7173,0.0035813264797393586,0.7153,0.003590207015225602,0.0021,
sft_lora_7b_tooluse_s1_seed1234,sft,7b,mmlu_humanities,0.6368,0.006563529300788007,0.6323,0.006592362106919092,0.0045,
sft_lora_7b_tooluse_s1_seed1234,sft,7b,mmlu_formal_logic,0.5635,0.044359328928514664,0.5952,0.043902592653775656,-0.0317,
sft_lora_7b_tooluse_s1_seed1234,sft,7b,mmlu_high_school_european_history,0.8485,0.027998073798781685,0.8364,0.028887872395487978,0.0121,
sft_lora_7b_tooluse_s1_seed1234,sft,7b,mmlu_high_school_us_history,0.902,0.02087111845555211,0.8725,0.02340553048084634,0.0294,
sft_lora_7b_tooluse_s1_seed1234,sft,7b,mmlu_high_school_world_history,0.8776,0.02133174182974682,0.8608,0.022535526352692684,0.0169,
sft_lora_7b_tooluse_s1_seed1234,sft,7b,mmlu_international_law,0.8099,0.03581796951709283,0.8182,0.03520893951097652,-0.0083,
sft_lora_7b_tooluse_s1_seed1234,sft,7b,mmlu_jurisprudence,0.787,0.03957835471980979,0.7778,0.04019107472557348,0.0093,
sft_lora_7b_tooluse_s1_seed1234,sft,7b,mmlu_logical_fallacies,0.8221,0.03004735765580667,0.816,0.030446777687971775,0.0061,
sft_lora_7b_tooluse_s1_seed1234,sft,7b,mmlu_moral_disputes,0.7659,0.022797110278071155,0.763,0.02289408248992599,0.0029,
sft_lora_7b_tooluse_s1_seed1234,sft,7b,mmlu_moral_scenarios,0.4212,0.016513676031179602,0.4156,0.016482782187500572,0.0056,
sft_lora_7b_tooluse_s1_seed1234,sft,7b,mmlu_philosophy,0.7395,0.0249267232248456,0.7428,0.0248261712892509,-0.0032,
sft_lora_7b_tooluse_s1_seed1234,sft,7b,mmlu_prehistory,0.8179,0.02147349183480832,0.8179,0.02147349183480832,0.0,
sft_lora_7b_tooluse_s1_seed1234,sft,7b,mmlu_professional_law,0.5189,0.012761104871472523,0.5143,0.012764981829524309,0.0046,
sft_lora_7b_tooluse_s1_seed1234,sft,7b,mmlu_world_religions,0.8363,0.02838091959614585,0.8363,0.02838091959614585,0.0,
sft_lora_7b_tooluse_s1_seed1234,sft,7b,mmlu_other,0.765,0.007294262943936957,0.7602,0.00732764646525741,0.0048,
sft_lora_7b_tooluse_s1_seed1234,sft,7b,mmlu_business_ethics,0.78,0.041633319989322654,0.77,0.042295258468165065,0.01,
sft_lora_7b_tooluse_s1_seed1234,sft,7b,mmlu_clinical_knowledge,0.7774,0.025604233470899053,0.7849,0.02528839450289141,-0.0075,
sft_lora_7b_tooluse_s1_seed1234,sft,7b,mmlu_college_medicine,0.6705,0.03583901754736415,0.6763,0.03567603799639168,-0.0058,
sft_lora_7b_tooluse_s1_seed1234,sft,7b,mmlu_global_facts,0.46,0.05009082659620332,0.44,0.049888765156985884,0.02,
sft_lora_7b_tooluse_s1_seed1234,sft,7b,mmlu_human_aging,0.7803,0.027790177064383567,0.7623,0.02856807946471428,0.0179,
sft_lora_7b_tooluse_s1_seed1234,sft,7b,mmlu_management,0.8835,0.03176683948640407,0.8738,0.03288180278808631,0.0097,
sft_lora_7b_tooluse_s1_seed1234,sft,7b,mmlu_marketing,0.9231,0.017456987872436165,0.9145,0.018315891685625852,0.0085,
sft_lora_7b_tooluse_s1_seed1234,sft,7b,mmlu_medical_genetics,0.84,0.03684529491774706,0.84,0.03684529491774706,0.0,
sft_lora_7b_tooluse_s1_seed1234,sft,7b,mmlu_miscellaneous,0.8531,0.012658201736147321,0.8519,0.0127035988994451,0.0013,
sft_lora_7b_tooluse_s1_seed1234,sft,7b,mmlu_nutrition,0.7876,0.023420375478296097,0.7974,0.023015446877985634,-0.0098,
sft_lora_7b_tooluse_s1_seed1234,sft,7b,mmlu_professional_accounting,0.5567,0.029634838473765947,0.5355,0.02975238965742713,0.0213,
sft_lora_7b_tooluse_s1_seed1234,sft,7b,mmlu_professional_medicine,0.7831,0.025035845227711254,0.7721,0.02548308146802982,0.011,
sft_lora_7b_tooluse_s1_seed1234,sft,7b,mmlu_virology,0.5241,0.03887971849597267,0.5181,0.03889951252827222,0.006,
sft_lora_7b_tooluse_s1_seed1234,sft,7b,mmlu_social_sciences,0.8271,0.00670442058942076,0.8258,0.006727565290053299,0.0013,
sft_lora_7b_tooluse_s1_seed1234,sft,7b,mmlu_econometrics,0.6667,0.04434600701584929,0.6579,0.044629175353369355,0.0088,
sft_lora_7b_tooluse_s1_seed1234,sft,7b,mmlu_high_school_geography,0.8737,0.023664359402880177,0.8788,0.02325315795194205,-0.0051,
sft_lora_7b_tooluse_s1_seed1234,sft,7b,mmlu_high_school_government_and_politics,0.943,0.01673108529360757,0.9378,0.01742697415424056,0.0052,
sft_lora_7b_tooluse_s1_seed1234,sft,7b,mmlu_high_school_macroeconomics,0.7897,0.020660597485026883,0.7872,0.020752423722128037,0.0026,
sft_lora_7b_tooluse_s1_seed1234,sft,7b,mmlu_high_school_microeconomics,0.8655,0.02215937307274442,0.8782,0.021248144538411968,-0.0126,
sft_lora_7b_tooluse_s1_seed1234,sft,7b,mmlu_high_school_psychology,0.9064,0.012486841824602017,0.8991,0.012914673545364463,0.0073,
sft_lora_7b_tooluse_s1_seed1234,sft,7b,mmlu_human_sexuality,0.8092,0.03446513350752599,0.8092,0.03446513350752599,0.0,
sft_lora_7b_tooluse_s1_seed1234,sft,7b,mmlu_professional_psychology,0.7598,0.017282760695167303,0.7631,0.017201662169789703,-0.0033,
sft_lora_7b_tooluse_s1_seed1234,sft,7b,mmlu_public_relations,0.7182,0.043091187099464606,0.7273,0.04265792110940591,-0.0091,
sft_lora_7b_tooluse_s1_seed1234,sft,7b,mmlu_security_studies,0.7755,0.02671143055553837,0.7633,0.027212835884073104,0.0122,
sft_lora_7b_tooluse_s1_seed1234,sft,7b,mmlu_sociology,0.8955,0.021628920516700654,0.8905,0.022076326101824667,0.005,
sft_lora_7b_tooluse_s1_seed1234,sft,7b,mmlu_us_foreign_policy,0.86,0.0348735088019777,0.86,0.0348735088019777,0.0,
sft_lora_7b_tooluse_s1_seed1234,sft,7b,mmlu_stem,0.6835,0.007999256219179365,0.687,0.007977140156383724,-0.0035,
sft_lora_7b_tooluse_s1_seed1234,sft,7b,mmlu_abstract_algebra,0.58,0.04960449637488582,0.56,0.049888765156985884,0.02,
sft_lora_7b_tooluse_s1_seed1234,sft,7b,mmlu_anatomy,0.7407,0.037857144650666516,0.7407,0.037857144650666516,0.0,
sft_lora_7b_tooluse_s1_seed1234,sft,7b,mmlu_astronomy,0.8618,0.028081042939576566,0.8487,0.029162631596844006,0.0132,
sft_lora_7b_tooluse_s1_seed1234,sft,7b,mmlu_college_biology,0.8681,0.02830096838204442,0.875,0.02765610492929436,-0.0069,
sft_lora_7b_tooluse_s1_seed1234,sft,7b,mmlu_college_chemistry,0.53,0.05016135580465919,0.54,0.05009082659620331,-0.01,
sft_lora_7b_tooluse_s1_seed1234,sft,7b,mmlu_college_computer_science,0.66,0.04760952285695234,0.68,0.046882617226215076,-0.02,
sft_lora_7b_tooluse_s1_seed1234,sft,7b,mmlu_college_mathematics,0.41,0.04943110704237104,0.42,0.04960449637488583,-0.01,
sft_lora_7b_tooluse_s1_seed1234,sft,7b,mmlu_college_physics,0.5098,0.04974229460422813,0.5098,0.04974229460422813,0.0,
sft_lora_7b_tooluse_s1_seed1234,sft,7b,mmlu_computer_security,0.78,0.041633319989322654,0.79,0.040936018074033236,-0.01,
sft_lora_7b_tooluse_s1_seed1234,sft,7b,mmlu_conceptual_physics,0.766,0.02767845257821238,0.7574,0.02802022627120023,0.0085,
sft_lora_7b_tooluse_s1_seed1234,sft,7b,mmlu_electrical_engineering,0.7103,0.03780019230438011,0.6966,0.03831226048850335,0.0138,
sft_lora_7b_tooluse_s1_seed1234,sft,7b,mmlu_elementary_mathematics,0.6667,0.02427856802430766,0.6561,0.0244644266255964,0.0106,
sft_lora_7b_tooluse_s1_seed1234,sft,7b,mmlu_high_school_biology,0.8677,0.019272015434846444,0.8774,0.018656720991789427,-0.0097,
sft_lora_7b_tooluse_s1_seed1234,sft,7b,mmlu_high_school_chemistry,0.6404,0.0337645824650957,0.6601,0.03332769068410796,-0.0197,
sft_lora_7b_tooluse_s1_seed1234,sft,7b,mmlu_high_school_computer_science,0.81,0.039427724440366255,0.84,0.03684529491774706,-0.03,
sft_lora_7b_tooluse_s1_seed1234,sft,7b,mmlu_high_school_mathematics,0.5407,0.030384169232350797,0.5704,0.030182099804387304,-0.0296,
sft_lora_7b_tooluse_s1_seed1234,sft,7b,mmlu_high_school_physics,0.5762,0.040348466786033946,0.5695,0.04042809961395634,0.0066,
sft_lora_7b_tooluse_s1_seed1234,sft,7b,mmlu_high_school_statistics,0.6713,0.03203614084670054,0.6759,0.031919234456861886,-0.0046,
sft_lora_7b_tooluse_s1_seed1234,sft,7b,mmlu_machine_learning,0.5179,0.047427623612430116,0.5089,0.04745033255489126,0.0089,
sft_lora_7b_tooluse_s1_seed1234,sft,7b,truthfulqa_mc2,0.647,0.015472640501818584,0.5695,0.015546312708175972,0.0775,
sft_lora_7b_tooluse_s1_seed1234,sft,7b,winogrande,0.7088,0.012769029305370742,0.7151,0.012685986125141154,-0.0063,
sft_lora_7b_tooluse_s1_seed2024,sft,7b,hellaswag,0.8053,0.0039514673865973515,0.7917,0.0040528049590054255,0.0136,
sft_lora_7b_tooluse_s1_seed2024,sft,7b,humaneval,0.6402,0.0375909243573624,0.5854,0.03858801357403451,0.0549,
sft_lora_7b_tooluse_s1_seed2024,sft,7b,ifeval,0.5619,0.021350931135490865,0.4584,0.021442010560476468,0.1035,
sft_lora_7b_tooluse_s1_seed2024,sft,7b,mmlu,0.7173,0.0035813264797393586,0.7149,0.0035893371015241903,0.0024,
sft_lora_7b_tooluse_s1_seed2024,sft,7b,mmlu_humanities,0.6368,0.006563529300788007,0.6302,0.006579185435762618,0.0066,
sft_lora_7b_tooluse_s1_seed2024,sft,7b,mmlu_formal_logic,0.5635,0.044359328928514664,0.5714,0.04426266681379905,-0.0079,
sft_lora_7b_tooluse_s1_seed2024,sft,7b,mmlu_high_school_european_history,0.8485,0.027998073798781685,0.8364,0.028887872395487978,0.0121,
sft_lora_7b_tooluse_s1_seed2024,sft,7b,mmlu_high_school_us_history,0.902,0.02087111845555211,0.8824,0.022613286601132043,0.0196,
sft_lora_7b_tooluse_s1_seed2024,sft,7b,mmlu_high_school_world_history,0.8776,0.02133174182974682,0.8608,0.022535526352692684,0.0169,
sft_lora_7b_tooluse_s1_seed2024,sft,7b,mmlu_international_law,0.8099,0.03581796951709283,0.8182,0.03520893951097652,-0.0083,
sft_lora_7b_tooluse_s1_seed2024,sft,7b,mmlu_jurisprudence,0.787,0.03957835471980979,0.787,0.03957835471980979,0.0,
sft_lora_7b_tooluse_s1_seed2024,sft,7b,mmlu_logical_fallacies,0.8221,0.03004735765580667,0.8221,0.03004735765580667,0.0,
sft_lora_7b_tooluse_s1_seed2024,sft,7b,mmlu_moral_disputes,0.7659,0.022797110278071155,0.7717,0.022598703804321583,-0.0058,
sft_lora_7b_tooluse_s1_seed2024,sft,7b,mmlu_moral_scenarios,0.4212,0.016513676031179602,0.4123,0.016463200238114522,0.0089,
sft_lora_7b_tooluse_s1_seed2024,sft,7b,mmlu_philosophy,0.7395,0.0249267232248456,0.7363,0.02502553850053229,0.0032,
sft_lora_7b_tooluse_s1_seed2024,sft,7b,mmlu_prehistory,0.8179,0.02147349183480832,0.8179,0.02147349183480832,0.0,
sft_lora_7b_tooluse_s1_seed2024,sft,7b,mmlu_professional_law,0.5189,0.012761104871472523,0.5078,0.012768673076111898,0.0111,
sft_lora_7b_tooluse_s1_seed2024,sft,7b,mmlu_world_religions,0.8363,0.02838091959614585,0.8421,0.027966785859160903,-0.0058,
sft_lora_7b_tooluse_s1_seed2024,sft,7b,mmlu_other,0.765,0.007294262943936957,0.7628,0.007312611702673272,0.0023,
sft_lora_7b_tooluse_s1_seed2024,sft,7b,mmlu_business_ethics,0.78,0.041633319989322654,0.78,0.041633319989322654,0.0,
sft_lora_7b_tooluse_s1_seed2024,sft,7b,mmlu_clinical_knowledge,0.7774,0.025604233470899053,0.7811,0.025447863825108594,-0.0038,
sft_lora_7b_tooluse_s1_seed2024,sft,7b,mmlu_college_medicine,0.6705,0.03583901754736415,0.6821,0.0355068398916558,-0.0116,
sft_lora_7b_tooluse_s1_seed2024,sft,7b,mmlu_global_facts,0.46,0.05009082659620332,0.46,0.05009082659620332,0.0,
sft_lora_7b_tooluse_s1_seed2024,sft,7b,mmlu_human_aging,0.7803,0.027790177064383567,0.7578,0.028751392398694772,0.0224,
sft_lora_7b_tooluse_s1_seed2024,sft,7b,mmlu_management,0.8835,0.03176683948640407,0.8835,0.03176683948640407,0.0,
sft_lora_7b_tooluse_s1_seed2024,sft,7b,mmlu_marketing,0.9231,0.017456987872436165,0.9188,0.017893784904018484,0.0043,
sft_lora_7b_tooluse_s1_seed2024,sft,7b,mmlu_medical_genetics,0.84,0.03684529491774706,0.84,0.03684529491774706,0.0,
sft_lora_7b_tooluse_s1_seed2024,sft,7b,mmlu_miscellaneous,0.8531,0.012658201736147321,0.8531,0.012658201736147321,0.0,
sft_lora_7b_tooluse_s1_seed2024,sft,7b,mmlu_nutrition,0.7876,0.023420375478296097,0.7974,0.023015446877985634,-0.0098,
sft_lora_7b_tooluse_s1_seed2024,sft,7b,mmlu_professional_accounting,0.5567,0.029634838473765947,0.5426,0.029719281272236824,0.0142,
sft_lora_7b_tooluse_s1_seed2024,sft,7b,mmlu_professional_medicine,0.7831,0.025035845227711254,0.7721,0.02548308146802982,0.011,
sft_lora_7b_tooluse_s1_seed2024,sft,7b,mmlu_virology,0.5241,0.03887971849597267,0.5241,0.03887971849597267,0.0,
sft_lora_7b_tooluse_s1_seed2024,sft,7b,mmlu_social_sciences,0.8271,0.00670442058942076,0.8252,0.006739207134319789,0.0019,
sft_lora_7b_tooluse_s1_seed2024,sft,7b,mmlu_econometrics,0.6667,0.04434600701584929,0.6579,0.044629175353369355,0.0088,
sft_lora_7b_tooluse_s1_seed2024,sft,7b,mmlu_high_school_geography,0.8737,0.023664359402880177,0.8788,0.02325315795194205,-0.0051,
sft_lora_7b_tooluse_s1_seed2024,sft,7b,mmlu_high_school_government_and_politics,0.943,0.01673108529360757,0.9326,0.01808839383907894,0.0104,
sft_lora_7b_tooluse_s1_seed2024,sft,7b,mmlu_high_school_macroeconomics,0.7897,0.020660597485026883,0.7872,0.020752423722128037,0.0026,
sft_lora_7b_tooluse_s1_seed2024,sft,7b,mmlu_high_school_microeconomics,0.8655,0.02215937307274442,0.8739,0.021559623121213883,-0.0084,
sft_lora_7b_tooluse_s1_seed2024,sft,7b,mmlu_high_school_psychology,0.9064,0.012486841824602017,0.9009,0.012809780081878839,0.0055,
sft_lora_7b_tooluse_s1_seed2024,sft,7b,mmlu_human_sexuality,0.8092,0.03446513350752599,0.8015,0.034981493854624734,0.0076,
sft_lora_7b_tooluse_s1_seed2024,sft,7b,mmlu_professional_psychology,0.7598,0.017282760695167303,0.7647,0.01716058723504642,-0.0049,
sft_lora_7b_tooluse_s1_seed2024,sft,7b,mmlu_public_relations,0.7182,0.043091187099464606,0.7364,0.04220224692971989,-0.0182,
sft_lora_7b_tooluse_s1_seed2024,sft,7b,mmlu_security_studies,0.7755,0.02671143055553837,0.7551,0.02752963744017492,0.0204,
sft_lora_7b_tooluse_s1_seed2024,sft,7b,mmlu_sociology,0.8955,0.021628920516700654,0.8905,0.022076326101824667,0.005,
sft_lora_7b_tooluse_s1_seed2024,sft,7b,mmlu_us_foreign_policy,0.86,0.0348735088019777,0.86,0.0348735088019777,0.0,
sft_lora_7b_tooluse_s1_seed2024,sft,7b,mmlu_stem,0.6835,0.007999256219179365,0.6866,0.007997679955658435,-0.0032,
sft_lora_7b_tooluse_s1_seed2024,sft,7b,mmlu_abstract_algebra,0.58,0.04960449637488582,0.54,0.05009082659620331,0.04,
sft_lora_7b_tooluse_s1_seed2024,sft,7b,mmlu_anatomy,0.7407,0.037857144650666516,0.7333,0.038201699145179034,0.0074,
sft_lora_7b_tooluse_s1_seed2024,sft,7b,mmlu_astronomy,0.8618,0.028081042939576566,0.8487,0.029162631596844006,0.0132,
sft_lora_7b_tooluse_s1_seed2024,sft,7b,mmlu_college_biology,0.8681,0.02830096838204442,0.8611,0.028919802956134912,0.0069,
sft_lora_7b_tooluse_s1_seed2024,sft,7b,mmlu_college_chemistry,0.53,0.05016135580465919,0.56,0.049888765156985884,-0.03,
sft_lora_7b_tooluse_s1_seed2024,sft,7b,mmlu_college_computer_science,0.66,0.04760952285695234,0.66,0.04760952285695234,0.0,
sft_lora_7b_tooluse_s1_seed2024,sft,7b,mmlu_college_mathematics,0.41,0.04943110704237104,0.45,0.05,-0.04,
sft_lora_7b_tooluse_s1_seed2024,sft,7b,mmlu_college_physics,0.5098,0.04974229460422813,0.5098,0.04974229460422813,0.0,
sft_lora_7b_tooluse_s1_seed2024,sft,7b,mmlu_computer_security,0.78,0.041633319989322654,0.8,0.04020151261036849,-0.02,
sft_lora_7b_tooluse_s1_seed2024,sft,7b,mmlu_conceptual_physics,0.766,0.02767845257821238,0.7532,0.02818544130123409,0.0128,
sft_lora_7b_tooluse_s1_seed2024,sft,7b,mmlu_electrical_engineering,0.7103,0.03780019230438011,0.7034,0.03806142687309988,0.0069,
sft_lora_7b_tooluse_s1_seed2024,sft,7b,mmlu_elementary_mathematics,0.6667,0.02427856802430766,0.6534,0.024508777521028414,0.0132,
sft_lora_7b_tooluse_s1_seed2024,sft,7b,mmlu_high_school_biology,0.8677,0.019272015434846444,0.8806,0.01844341132531537,-0.0129,
sft_lora_7b_tooluse_s1_seed2024,sft,7b,mmlu_high_school_chemistry,0.6404,0.0337645824650957,0.6404,0.0337645824650957,0.0,
sft_lora_7b_tooluse_s1_seed2024,sft,7b,mmlu_high_school_computer_science,0.81,0.039427724440366255,0.83,0.03775251680686369,-0.02,
sft_lora_7b_tooluse_s1_seed2024,sft,7b,mmlu_high_school_mathematics,0.5407,0.030384169232350797,0.5741,0.0301491356013659,-0.0333,
sft_lora_7b_tooluse_s1_seed2024,sft,7b,mmlu_high_school_physics,0.5762,0.040348466786033946,0.5762,0.040348466786033946,0.0,
sft_lora_7b_tooluse_s1_seed2024,sft,7b,mmlu_high_school_statistics,0.6713,0.03203614084670054,0.6806,0.03179876342176851,-0.0093,
sft_lora_7b_tooluse_s1_seed2024,sft,7b,mmlu_machine_learning,0.5179,0.047427623612430116,0.5268,0.047389751192741525,-0.0089,
sft_lora_7b_tooluse_s1_seed2024,sft,7b,truthfulqa_mc2,0.647,0.015472640501818584,0.5724,0.015490274345629189,0.0746,
sft_lora_7b_tooluse_s1_seed2024,sft,7b,winogrande,0.7088,0.012769029305370742,0.7206,0.012610826539404754,-0.0118,
sft_lora_7b_tooluse_s1_seed42,sft,7b,hellaswag,0.8053,0.0039514673865973515,0.7909,0.004058503157230256,0.0144,
sft_lora_7b_tooluse_s1_seed42,sft,7b,humaneval,0.6402,0.0375909243573624,0.5732,0.03874139873044738,0.0671,
sft_lora_7b_tooluse_s1_seed42,sft,7b,ifeval,0.5619,0.021350931135490865,0.464,0.02146059282373674,0.098,
sft_lora_7b_tooluse_s1_seed42,sft,7b,mmlu,0.7173,0.0035813264797393586,0.7144,0.003595229317743419,0.003,
sft_lora_7b_tooluse_s1_seed42,sft,7b,mmlu_humanities,0.6368,0.006563529300788007,0.6323,0.006577447449961068,0.0045,
sft_lora_7b_tooluse_s1_seed42,sft,7b,mmlu_formal_logic,0.5635,0.044359328928514664,0.5714,0.04426266681379905,-0.0079,
sft_lora_7b_tooluse_s1_seed42,sft,7b,mmlu_high_school_european_history,0.8485,0.027998073798781685,0.8424,0.02845038880528439,0.0061,
sft_lora_7b_tooluse_s1_seed42,sft,7b,mmlu_high_school_us_history,0.902,0.02087111845555211,0.8824,0.022613286601132043,0.0196,
sft_lora_7b_tooluse_s1_seed42,sft,7b,mmlu_high_school_world_history,0.8776,0.02133174182974682,0.865,0.022245776632003705,0.0127,
sft_lora_7b_tooluse_s1_seed42,sft,7b,mmlu_international_law,0.8099,0.03581796951709283,0.8182,0.03520893951097652,-0.0083,
sft_lora_7b_tooluse_s1_seed42,sft,7b,mmlu_jurisprudence,0.787,0.03957835471980979,0.787,0.03957835471980979,0.0,
sft_lora_7b_tooluse_s1_seed42,sft,7b,mmlu_logical_fallacies,0.8221,0.03004735765580667,0.8221,0.03004735765580667,0.0,
sft_lora_7b_tooluse_s1_seed42,sft,7b,mmlu_moral_disputes,0.7659,0.022797110278071155,0.7746,0.02249723019096748,-0.0087,
sft_lora_7b_tooluse_s1_seed42,sft,7b,mmlu_moral_scenarios,0.4212,0.016513676031179602,0.4168,0.016489134962438902,0.0045,
sft_lora_7b_tooluse_s1_seed42,sft,7b,mmlu_philosophy,0.7395,0.0249267232248456,0.7395,0.0249267232248456,0.0,
sft_lora_7b_tooluse_s1_seed42,sft,7b,mmlu_prehistory,0.8179,0.02147349183480832,0.8148,0.0216138093952248,0.0031,
sft_lora_7b_tooluse_s1_seed42,sft,7b,mmlu_professional_law,0.5189,0.012761104871472523,0.5104,0.012767457253930452,0.0085,
sft_lora_7b_tooluse_s1_seed42,sft,7b,mmlu_world_religions,0.8363,0.02838091959614585,0.8363,0.02838091959614585,0.0,
sft_lora_7b_tooluse_s1_seed42,sft,7b,mmlu_other,0.765,0.007294262943936957,0.7602,0.0073460271490127325,0.0048,
sft_lora_7b_tooluse_s1_seed42,sft,7b,mmlu_business_ethics,0.78,0.041633319989322654,0.77,0.042295258468165065,0.01,
sft_lora_7b_tooluse_s1_seed42,sft,7b,mmlu_clinical_knowledge,0.7774,0.025604233470899053,0.7811,0.025447863825108594,-0.0038,
sft_lora_7b_tooluse_s1_seed42,sft,7b,mmlu_college_medicine,0.6705,0.03583901754736415,0.6821,0.0355068398916558,-0.0116,
sft_lora_7b_tooluse_s1_seed42,sft,7b,mmlu_global_facts,0.46,0.05009082659620332,0.45,0.05,0.01,
sft_lora_7b_tooluse_s1_seed42,sft,7b,mmlu_human_aging,0.7803,0.027790177064383567,0.7623,0.02856807946471428,0.0179,
sft_lora_7b_tooluse_s1_seed42,sft,7b,mmlu_management,0.8835,0.03176683948640407,0.8738,0.03288180278808631,0.0097,
sft_lora_7b_tooluse_s1_seed42,sft,7b,mmlu_marketing,0.9231,0.017456987872436165,0.9145,0.018315891685625852,0.0085,
sft_lora_7b_tooluse_s1_seed42,sft,7b,mmlu_medical_genetics,0.84,0.03684529491774706,0.83,0.03775251680686369,0.01,
sft_lora_7b_tooluse_s1_seed42,sft,7b,mmlu_miscellaneous,0.8531,0.012658201736147321,0.8506,0.012748670802527031,0.0026,
sft_lora_7b_tooluse_s1_seed42,sft,7b,mmlu_nutrition,0.7876,0.023420375478296097,0.7974,0.023015446877985634,-0.0098,
sft_lora_7b_tooluse_s1_seed42,sft,7b,mmlu_professional_accounting,0.5567,0.029634838473765947,0.539,0.029736592526424455,0.0177,
sft_lora_7b_tooluse_s1_seed42,sft,7b,mmlu_professional_medicine,0.7831,0.025035845227711254,0.7647,0.025767252010855998,0.0184,
sft_lora_7b_tooluse_s1_seed42,sft,7b,mmlu_virology,0.5241,0.03887971849597267,0.5301,0.03885425420866771,-0.006,
sft_lora_7b_tooluse_s1_seed42,sft,7b,mmlu_social_sciences,0.8271,0.00670442058942076,0.8235,0.006765546019572232,0.0036,
sft_lora_7b_tooluse_s1_seed42,sft,7b,mmlu_econometrics,0.6667,0.04434600701584929,0.6579,0.044629175353369355,0.0088,
sft_lora_7b_tooluse_s1_seed42,sft,7b,mmlu_high_school_geography,0.8737,0.023664359402880177,0.8737,0.023664359402880177,0.0,
sft_lora_7b_tooluse_s1_seed42,sft,7b,mmlu_high_school_government_and_politics,0.943,0.01673108529360757,0.9378,0.01742697415424056,0.0052,
sft_lora_7b_tooluse_s1_seed42,sft,7b,mmlu_high_school_macroeconomics,0.7897,0.020660597485026883,0.7821,0.020932445774463234,0.0077,
sft_lora_7b_tooluse_s1_seed42,sft,7b,mmlu_high_school_microeconomics,0.8655,0.02215937307274442,0.8739,0.021559623121213883,-0.0084,
sft_lora_7b_tooluse_s1_seed42,sft,7b,mmlu_high_school_psychology,0.9064,0.012486841824602017,0.8954,0.013120530245265665,0.011,
sft_lora_7b_tooluse_s1_seed42,sft,7b,mmlu_human_sexuality,0.8092,0.03446513350752599,0.7786,0.036412970813137276,0.0305,
sft_lora_7b_tooluse_s1_seed42,sft,7b,mmlu_professional_psychology,0.7598,0.017282760695167303,0.768,0.017077373377857006,-0.0082,
sft_lora_7b_tooluse_s1_seed42,sft,7b,mmlu_public_relations,0.7182,0.043091187099464606,0.7364,0.04220224692971989,-0.0182,
sft_lora_7b_tooluse_s1_seed42,sft,7b,mmlu_security_studies,0.7755,0.02671143055553837,0.7551,0.02752963744017492,0.0204,
sft_lora_7b_tooluse_s1_seed42,sft,7b,mmlu_sociology,0.8955,0.021628920516700654,0.8905,0.022076326101824667,0.005,
sft_lora_7b_tooluse_s1_seed42,sft,7b,mmlu_us_foreign_policy,0.86,0.0348735088019777,0.87,0.033799766898963114,-0.01,
sft_lora_7b_tooluse_s1_seed42,sft,7b,mmlu_stem,0.6835,0.007999256219179365,0.6851,0.008002453411036645,-0.0016,
sft_lora_7b_tooluse_s1_seed42,sft,7b,mmlu_abstract_algebra,0.58,0.04960449637488582,0.56,0.049888765156985884,0.02,
sft_lora_7b_tooluse_s1_seed42,sft,7b,mmlu_anatomy,0.7407,0.037857144650666516,0.7259,0.03853254836552005,0.0148,
sft_lora_7b_tooluse_s1_seed42,sft,7b,mmlu_astronomy,0.8618,0.028081042939576566,0.8553,0.0286319518459304,0.0066,
sft_lora_7b_tooluse_s1_seed42,sft,7b,mmlu_college_biology,0.8681,0.02830096838204442,0.8681,0.02830096838204442,0.0,
sft_lora_7b_tooluse_s1_seed42,sft,7b,mmlu_college_chemistry,0.53,0.05016135580465919,0.56,0.049888765156985884,-0.03,
sft_lora_7b_tooluse_s1_seed42,sft,7b,mmlu_college_computer_science,0.66,0.04760952285695234,0.67,0.04725815626252609,-0.01,
sft_lora_7b_tooluse_s1_seed42,sft,7b,mmlu_college_mathematics,0.41,0.04943110704237104,0.43,0.049756985195624305,-0.02,
sft_lora_7b_tooluse_s1_seed42,sft,7b,mmlu_college_physics,0.5098,0.04974229460422813,0.5098,0.04974229460422813,0.0,
sft_lora_7b_tooluse_s1_seed42,sft,7b,mmlu_computer_security,0.78,0.041633319989322654,0.79,0.040936018074033236,-0.01,
sft_lora_7b_tooluse_s1_seed42,sft,7b,mmlu_conceptual_physics,0.766,0.02767845257821238,0.7617,0.02785125297388981,0.0043,
sft_lora_7b_tooluse_s1_seed42,sft,7b,mmlu_electrical_engineering,0.7103,0.03780019230438011,0.6966,0.03831226048850335,0.0138,
sft_lora_7b_tooluse_s1_seed42,sft,7b,mmlu_elementary_mathematics,0.6667,0.02427856802430766,0.6481,0.024594975128920938,0.0185,
sft_lora_7b_tooluse_s1_seed42,sft,7b,mmlu_high_school_biology,0.8677,0.019272015434846444,0.871,0.01907088925479277,-0.0032,
sft_lora_7b_tooluse_s1_seed42,sft,7b,mmlu_high_school_chemistry,0.6404,0.0337645824650957,0.6552,0.03344283744280457,-0.0148,
sft_lora_7b_tooluse_s1_seed42,sft,7b,mmlu_high_school_computer_science,0.81,0.039427724440366255,0.84,0.03684529491774706,-0.03,
sft_lora_7b_tooluse_s1_seed42,sft,7b,mmlu_high_school_mathematics,0.5407,0.030384169232350797,0.5593,0.030270671157284088,-0.0185,
sft_lora_7b_tooluse_s1_seed42,sft,7b,mmlu_high_school_physics,0.5762,0.040348466786033946,0.5762,0.040348466786033946,0.0,
sft_lora_7b_tooluse_s1_seed42,sft,7b,mmlu_high_school_statistics,0.6713,0.03203614084670054,0.6713,0.03203614084670054,0.0,
sft_lora_7b_tooluse_s1_seed42,sft,7b,mmlu_machine_learning,0.5179,0.047427623612430116,0.5268,0.047389751192741525,-0.0089,
sft_lora_7b_tooluse_s1_seed42,sft,7b,truthfulqa_mc2,0.647,0.015472640501818584,0.566,0.015526910958039226,0.081,
sft_lora_7b_tooluse_s1_seed42,sft,7b,winogrande,0.7088,0.012769029305370742,0.7174,0.012654062850971258,-0.0087,
