run,objective,tuning,teacher,scale,dataset,stage,seed,checkpoint,eval_dataset,eval_set,metric,value,ci_lo,ci_hi,n,git_sha
online_sft_lora_7b_tooluse_s1_seed42,online_sft,lora,frozen,7b,tooluse,1,42,final,tooluse,eval_data,accuracy,0.5773195876288659,0.4779127957568308,0.6708353399332019,97,bc810cbe
online_sft_lora_7b_tooluse_s1_seed42,online_sft,lora,frozen,7b,tooluse,1,42,final,tooluse,holdout,accuracy,0.33,0.24562983793895452,0.4269483966028862,100,bc810cbe
online_sft_lora_7b_tooluse_s1_seed42,online_sft,lora,frozen,7b,tooluse,1,42,step100,tooluse,eval_data,accuracy,0.6082474226804123,0.5087587667538369,0.6994886232122088,97,bc810cbe
online_sft_lora_7b_tooluse_s1_seed42,online_sft,lora,frozen,7b,tooluse,1,42,step100,tooluse,holdout,accuracy,0.32,0.2366901081545688,0.4166280225367919,100,bc810cbe
online_sft_lora_7b_tooluse_s1_seed42,online_sft,lora,frozen,7b,tooluse,1,42,step150,tooluse,eval_data,accuracy,0.6185567010309279,0.5191255982790657,0.708954876445651,97,bc810cbe
online_sft_lora_7b_tooluse_s1_seed42,online_sft,lora,frozen,7b,tooluse,1,42,step150,tooluse,holdout,accuracy,0.33,0.24562983793895452,0.4269483966028862,100,bc810cbe
online_sft_lora_7b_tooluse_s1_seed42,online_sft,lora,frozen,7b,tooluse,1,42,step200,tooluse,eval_data,accuracy,0.6082474226804123,0.5087587667538369,0.6994886232122088,97,bc810cbe
online_sft_lora_7b_tooluse_s1_seed42,online_sft,lora,frozen,7b,tooluse,1,42,step200,tooluse,holdout,accuracy,0.32,0.2366901081545688,0.4166280225367919,100,bc810cbe
online_sft_lora_7b_tooluse_s1_seed42,online_sft,lora,frozen,7b,tooluse,1,42,step246,tooluse,eval_data,accuracy,0.5773195876288659,0.4779127957568308,0.6708353399332019,97,bc810cbe
online_sft_lora_7b_tooluse_s1_seed42,online_sft,lora,frozen,7b,tooluse,1,42,step246,tooluse,holdout,accuracy,0.33,0.24562983793895452,0.4269483966028862,100,bc810cbe
online_sft_lora_7b_tooluse_s1_seed42,online_sft,lora,frozen,7b,tooluse,1,42,step50,tooluse,eval_data,accuracy,0.5876288659793815,0.488152877328067,0.6804283431206368,97,bc810cbe
online_sft_lora_7b_tooluse_s1_seed42,online_sft,lora,frozen,7b,tooluse,1,42,step50,tooluse,holdout,accuracy,0.31,0.22779563206132375,0.406262394779557,100,bc810cbe
sdft_ema_lora_7b_science_s2_seed1234,sdft,lora,ema,7b,science,2,1234,final,science,eval_data,accuracy,0.5700197238658777,0.5265578348703973,0.6124284967047916,507,bc810cbe
sdft_ema_lora_7b_science_s2_seed1234,sdft,lora,ema,7b,science,2,1234,final,tooluse,eval_data,accuracy,0.5979381443298969,0.4984347077450554,0.6899795974623194,97,bc810cbe
sdft_ema_lora_7b_science_s2_seed1234,sdft,lora,ema,7b,science,2,1234,final,tooluse,holdout,accuracy,0.32,0.2366901081545688,0.4166280225367919,100,bc810cbe
sdft_ema_lora_7b_science_s2_seed1234,sdft,lora,ema,7b,science,2,1234,step100,science,eval_data,accuracy,0.5207100591715976,0.4772318784884074,0.5638767547943949,507,bc810cbe
sdft_ema_lora_7b_science_s2_seed1234,sdft,lora,ema,7b,science,2,1234,step100,tooluse,holdout,accuracy,0.31,0.22779563206132375,0.406262394779557,100,bc810cbe
sdft_ema_lora_7b_science_s2_seed1234,sdft,lora,ema,7b,science,2,1234,step150,science,eval_data,accuracy,0.5581854043392505,0.5146808413128855,0.6008148426721306,507,bc810cbe
sdft_ema_lora_7b_science_s2_seed1234,sdft,lora,ema,7b,science,2,1234,step150,tooluse,holdout,accuracy,0.31,0.22779563206132375,0.406262394779557,100,bc810cbe
sdft_ema_lora_7b_science_s2_seed1234,sdft,lora,ema,7b,science,2,1234,step166,science,eval_data,accuracy,0.5700197238658777,0.5265578348703973,0.6124284967047916,507,bc810cbe
sdft_ema_lora_7b_science_s2_seed1234,sdft,lora,ema,7b,science,2,1234,step166,tooluse,holdout,accuracy,0.32,0.2366901081545688,0.4166280225367919,100,bc810cbe
sdft_ema_lora_7b_science_s2_seed1234,sdft,lora,ema,7b,science,2,1234,step50,science,eval_data,accuracy,0.47731755424063116,0.4341730643108789,0.5208031944746233,507,bc810cbe
sdft_ema_lora_7b_science_s2_seed1234,sdft,lora,ema,7b,science,2,1234,step50,tooluse,holdout,accuracy,0.3,0.21894753866228117,0.39585038432811953,100,bc810cbe
sdft_ema_lora_7b_science_s2_seed2024,sdft,lora,ema,7b,science,2,2024,final,science,eval_data,accuracy,0.5404339250493096,0.4969114274346339,0.5833482851651229,507,bc810cbe
sdft_ema_lora_7b_science_s2_seed2024,sdft,lora,ema,7b,science,2,2024,final,tooluse,eval_data,accuracy,0.6082474226804123,0.5087587667538369,0.6994886232122088,97,bc810cbe
sdft_ema_lora_7b_science_s2_seed2024,sdft,lora,ema,7b,science,2,2024,final,tooluse,holdout,accuracy,0.3,0.21894753866228117,0.39585038432811953,100,bc810cbe
sdft_ema_lora_7b_science_s2_seed2024,sdft,lora,ema,7b,science,2,2024,step100,science,eval_data,accuracy,0.5522682445759369,0.5087515840243587,0.5949987761655712,507,bc810cbe
sdft_ema_lora_7b_science_s2_seed2024,sdft,lora,ema,7b,science,2,2024,step100,tooluse,holdout,accuracy,0.28,0.2013955916759837,0.37488212361345724,100,bc810cbe
sdft_ema_lora_7b_science_s2_seed2024,sdft,lora,ema,7b,science,2,2024,step150,science,eval_data,accuracy,0.5621301775147929,0.5186370949381787,0.6046888049102284,507,bc810cbe
sdft_ema_lora_7b_science_s2_seed2024,sdft,lora,ema,7b,science,2,2024,step150,tooluse,holdout,accuracy,0.3,0.21894753866228117,0.39585038432811953,100,bc810cbe
sdft_ema_lora_7b_science_s2_seed2024,sdft,lora,ema,7b,science,2,2024,step166,science,eval_data,accuracy,0.5404339250493096,0.4969114274346339,0.5833482851651229,507,bc810cbe
sdft_ema_lora_7b_science_s2_seed2024,sdft,lora,ema,7b,science,2,2024,step166,tooluse,holdout,accuracy,0.3,0.21894753866228117,0.39585038432811953,100,bc810cbe
sdft_ema_lora_7b_science_s2_seed2024,sdft,lora,ema,7b,science,2,2024,step50,science,eval_data,accuracy,0.46942800788954636,0.4263790617424096,0.5129367653163108,507,bc810cbe
sdft_ema_lora_7b_science_s2_seed2024,sdft,lora,ema,7b,science,2,2024,step50,tooluse,holdout,accuracy,0.32,0.2366901081545688,0.4166280225367919,100,bc810cbe
sdft_ema_lora_7b_science_s2_seed42,sdft,lora,ema,7b,science,2,42,final,science,eval_data,accuracy,0.5443786982248521,0.5008554339377241,0.5872344945254236,507,bc810cbe
sdft_ema_lora_7b_science_s2_seed42,sdft,lora,ema,7b,science,2,42,final,tooluse,eval_data,accuracy,0.6391752577319587,0.5399900990872682,0.7277565451547904,97,bc810cbe
sdft_ema_lora_7b_science_s2_seed42,sdft,lora,ema,7b,science,2,42,final,tooluse,holdout,accuracy,0.3,0.21894753866228117,0.39585038432811953,100,bc810cbe
sdft_ema_lora_7b_science_s2_seed42,sdft,lora,ema,7b,science,2,42,step100,science,eval_data,accuracy,0.5542406311637081,0.5107273212622347,0.5969381468593906,507,bc810cbe
sdft_ema_lora_7b_science_s2_seed42,sdft,lora,ema,7b,science,2,42,step100,tooluse,eval_data,accuracy,0.6185567010309279,0.5191255982790657,0.708954876445651,97,bc810cbe
sdft_ema_lora_7b_science_s2_seed42,sdft,lora,ema,7b,science,2,42,step100,tooluse,holdout,accuracy,0.32,0.2366901081545688,0.4166280225367919,100,bc810cbe
sdft_ema_lora_7b_science_s2_seed42,sdft,lora,ema,7b,science,2,42,step150,science,eval_data,accuracy,0.5542406311637081,0.5107273212622347,0.5969381468593906,507,bc810cbe
sdft_ema_lora_7b_science_s2_seed42,sdft,lora,ema,7b,science,2,42,step150,tooluse,eval_data,accuracy,0.6391752577319587,0.5399900990872682,0.7277565451547904,97,bc810cbe
sdft_ema_lora_7b_science_s2_seed42,sdft,lora,ema,7b,science,2,42,step150,tooluse,holdout,accuracy,0.3,0.21894753866228117,0.39585038432811953,100,bc810cbe
sdft_ema_lora_7b_science_s2_seed42,sdft,lora,ema,7b,science,2,42,step166,science,eval_data,accuracy,0.5443786982248521,0.5008554339377241,0.5872344945254236,507,bc810cbe
sdft_ema_lora_7b_science_s2_seed42,sdft,lora,ema,7b,science,2,42,step166,tooluse,eval_data,accuracy,0.6391752577319587,0.5399900990872682,0.7277565451547904,97,bc810cbe
sdft_ema_lora_7b_science_s2_seed42,sdft,lora,ema,7b,science,2,42,step166,tooluse,holdout,accuracy,0.3,0.21894753866228117,0.39585038432811953,100,bc810cbe
sdft_ema_lora_7b_science_s2_seed42,sdft,lora,ema,7b,science,2,42,step50,science,eval_data,accuracy,0.46548323471400394,0.42248609908205714,0.5089995121132723,507,bc810cbe
sdft_ema_lora_7b_science_s2_seed42,sdft,lora,ema,7b,science,2,42,step50,tooluse,eval_data,accuracy,0.6082474226804123,0.5087587667538369,0.6994886232122088,97,bc810cbe
sdft_ema_lora_7b_science_s2_seed42,sdft,lora,ema,7b,science,2,42,step50,tooluse,holdout,accuracy,0.31,0.22779563206132375,0.406262394779557,100,bc810cbe
sdft_ema_lora_7b_tooluse_s1_seed1234,sdft,lora,ema,7b,tooluse,1,1234,final,tooluse,eval_data,accuracy,0.6701030927835051,0.571625410672298,0.7556204878457737,97,bc810cbe
sdft_ema_lora_7b_tooluse_s1_seed1234,sdft,lora,ema,7b,tooluse,1,1234,final,tooluse,holdout,accuracy,0.32,0.2366901081545688,0.4166280225367919,100,bc810cbe
sdft_ema_lora_7b_tooluse_s1_seed1234,sdft,lora,ema,7b,tooluse,1,1234,step100,tooluse,eval_data,accuracy,0.6597938144329897,0.561034006679396,0.7463788070800048,97,bc810cbe
sdft_ema_lora_7b_tooluse_s1_seed1234,sdft,lora,ema,7b,tooluse,1,1234,step100,tooluse,holdout,accuracy,0.31,0.22779563206132375,0.406262394779557,100,bc810cbe
sdft_ema_lora_7b_tooluse_s1_seed1234,sdft,lora,ema,7b,tooluse,1,1234,step150,tooluse,eval_data,accuracy,0.711340206185567,0.614479497470417,0.792098740082339,97,bc810cbe
sdft_ema_lora_7b_tooluse_s1_seed1234,sdft,lora,ema,7b,tooluse,1,1234,step150,tooluse,holdout,accuracy,0.33,0.24562983793895452,0.4269483966028862,100,bc810cbe
sdft_ema_lora_7b_tooluse_s1_seed1234,sdft,lora,ema,7b,tooluse,1,1234,step200,tooluse,eval_data,accuracy,0.6804123711340206,0.5822644606203154,0.7648145226564275,97,bc810cbe
sdft_ema_lora_7b_tooluse_s1_seed1234,sdft,lora,ema,7b,tooluse,1,1234,step200,tooluse,holdout,accuracy,0.31,0.22779563206132375,0.406262394779557,100,bc810cbe
sdft_ema_lora_7b_tooluse_s1_seed1234,sdft,lora,ema,7b,tooluse,1,1234,step246,tooluse,eval_data,accuracy,0.6701030927835051,0.571625410672298,0.7556204878457737,97,bc810cbe
sdft_ema_lora_7b_tooluse_s1_seed1234,sdft,lora,ema,7b,tooluse,1,1234,step246,tooluse,holdout,accuracy,0.32,0.2366901081545688,0.4166280225367919,100,bc810cbe
sdft_ema_lora_7b_tooluse_s1_seed1234,sdft,lora,ema,7b,tooluse,1,1234,step50,tooluse,eval_data,accuracy,0.6185567010309279,0.5191255982790657,0.708954876445651,97,bc810cbe
sdft_ema_lora_7b_tooluse_s1_seed1234,sdft,lora,ema,7b,tooluse,1,1234,step50,tooluse,holdout,accuracy,0.3,0.21894753866228117,0.39585038432811953,100,bc810cbe
sdft_ema_lora_7b_tooluse_s1_seed2024,sdft,lora,ema,7b,tooluse,1,2024,final,tooluse,eval_data,accuracy,0.711340206185567,0.614479497470417,0.792098740082339,97,bc810cbe
sdft_ema_lora_7b_tooluse_s1_seed2024,sdft,lora,ema,7b,tooluse,1,2024,final,tooluse,holdout,accuracy,0.32,0.2366901081545688,0.4166280225367919,100,bc810cbe
sdft_ema_lora_7b_tooluse_s1_seed2024,sdft,lora,ema,7b,tooluse,1,2024,step100,tooluse,eval_data,accuracy,0.6701030927835051,0.571625410672298,0.7556204878457737,97,bc810cbe
sdft_ema_lora_7b_tooluse_s1_seed2024,sdft,lora,ema,7b,tooluse,1,2024,step100,tooluse,holdout,accuracy,0.31,0.22779563206132375,0.406262394779557,100,bc810cbe
sdft_ema_lora_7b_tooluse_s1_seed2024,sdft,lora,ema,7b,tooluse,1,2024,step150,tooluse,eval_data,accuracy,0.6701030927835051,0.571625410672298,0.7556204878457737,97,bc810cbe
sdft_ema_lora_7b_tooluse_s1_seed2024,sdft,lora,ema,7b,tooluse,1,2024,step150,tooluse,holdout,accuracy,0.32,0.2366901081545688,0.4166280225367919,100,bc810cbe
sdft_ema_lora_7b_tooluse_s1_seed2024,sdft,lora,ema,7b,tooluse,1,2024,step200,tooluse,eval_data,accuracy,0.6804123711340206,0.5822644606203154,0.7648145226564275,97,bc810cbe
sdft_ema_lora_7b_tooluse_s1_seed2024,sdft,lora,ema,7b,tooluse,1,2024,step200,tooluse,holdout,accuracy,0.31,0.22779563206132375,0.406262394779557,100,bc810cbe
sdft_ema_lora_7b_tooluse_s1_seed2024,sdft,lora,ema,7b,tooluse,1,2024,step246,tooluse,eval_data,accuracy,0.711340206185567,0.614479497470417,0.792098740082339,97,bc810cbe
sdft_ema_lora_7b_tooluse_s1_seed2024,sdft,lora,ema,7b,tooluse,1,2024,step246,tooluse,holdout,accuracy,0.32,0.2366901081545688,0.4166280225367919,100,bc810cbe
sdft_ema_lora_7b_tooluse_s1_seed2024,sdft,lora,ema,7b,tooluse,1,2024,step50,tooluse,eval_data,accuracy,0.6597938144329897,0.561034006679396,0.7463788070800048,97,bc810cbe
sdft_ema_lora_7b_tooluse_s1_seed2024,sdft,lora,ema,7b,tooluse,1,2024,step50,tooluse,holdout,accuracy,0.31,0.22779563206132375,0.406262394779557,100,bc810cbe
sdft_ema_lora_7b_tooluse_s1_seed42,sdft,lora,ema,7b,tooluse,1,42,final,tooluse,eval_data,accuracy,0.6701030927835051,0.571625410672298,0.7556204878457737,97,bc810cbe
sdft_ema_lora_7b_tooluse_s1_seed42,sdft,lora,ema,7b,tooluse,1,42,final,tooluse,holdout,accuracy,0.31,0.22779563206132375,0.406262394779557,100,bc810cbe
sdft_ema_lora_7b_tooluse_s1_seed42,sdft,lora,ema,7b,tooluse,1,42,step100,tooluse,eval_data,accuracy,0.6391752577319587,0.5399900990872682,0.7277565451547904,97,bc810cbe
sdft_ema_lora_7b_tooluse_s1_seed42,sdft,lora,ema,7b,tooluse,1,42,step100,tooluse,holdout,accuracy,0.31,0.22779563206132375,0.406262394779557,100,bc810cbe
sdft_ema_lora_7b_tooluse_s1_seed42,sdft,lora,ema,7b,tooluse,1,42,step150,tooluse,eval_data,accuracy,0.6494845360824743,0.5504892147387033,0.7370905142620265,97,bc810cbe
sdft_ema_lora_7b_tooluse_s1_seed42,sdft,lora,ema,7b,tooluse,1,42,step150,tooluse,holdout,accuracy,0.31,0.22779563206132375,0.406262394779557,100,bc810cbe
sdft_ema_lora_7b_tooluse_s1_seed42,sdft,lora,ema,7b,tooluse,1,42,step200,tooluse,eval_data,accuracy,0.6701030927835051,0.571625410672298,0.7556204878457737,97,bc810cbe
sdft_ema_lora_7b_tooluse_s1_seed42,sdft,lora,ema,7b,tooluse,1,42,step200,tooluse,holdout,accuracy,0.3,0.21894753866228117,0.39585038432811953,100,bc810cbe
sdft_ema_lora_7b_tooluse_s1_seed42,sdft,lora,ema,7b,tooluse,1,42,step246,tooluse,eval_data,accuracy,0.6701030927835051,0.571625410672298,0.7556204878457737,97,bc810cbe
sdft_ema_lora_7b_tooluse_s1_seed42,sdft,lora,ema,7b,tooluse,1,42,step246,tooluse,holdout,accuracy,0.31,0.22779563206132375,0.406262394779557,100,bc810cbe
sdft_ema_lora_7b_tooluse_s1_seed42,sdft,lora,ema,7b,tooluse,1,42,step50,tooluse,eval_data,accuracy,0.5567010309278351,0.45755626177249387,0.6515257044001969,97,bc810cbe
sdft_ema_lora_7b_tooluse_s1_seed42,sdft,lora,ema,7b,tooluse,1,42,step50,tooluse,holdout,accuracy,0.28,0.2013955916759837,0.37488212361345724,100,bc810cbe
sdft_frozen_lora_7b_tooluse_s1_seed42,sdft,lora,frozen,7b,tooluse,1,42,final,tooluse,eval_data,accuracy,0.6804123711340206,0.5822644606203154,0.7648145226564275,97,bc810cbe
sdft_frozen_lora_7b_tooluse_s1_seed42,sdft,lora,frozen,7b,tooluse,1,42,final,tooluse,holdout,accuracy,0.32,0.2366901081545688,0.4166280225367919,100,bc810cbe
sdft_frozen_lora_7b_tooluse_s1_seed42,sdft,lora,frozen,7b,tooluse,1,42,step100,tooluse,eval_data,accuracy,0.6391752577319587,0.5399900990872682,0.7277565451547904,97,bc810cbe
sdft_frozen_lora_7b_tooluse_s1_seed42,sdft,lora,frozen,7b,tooluse,1,42,step100,tooluse,holdout,accuracy,0.3,0.21894753866228117,0.39585038432811953,100,bc810cbe
sdft_frozen_lora_7b_tooluse_s1_seed42,sdft,lora,frozen,7b,tooluse,1,42,step150,tooluse,eval_data,accuracy,0.6494845360824743,0.5504892147387033,0.7370905142620265,97,bc810cbe
sdft_frozen_lora_7b_tooluse_s1_seed42,sdft,lora,frozen,7b,tooluse,1,42,step150,tooluse,holdout,accuracy,0.32,0.2366901081545688,0.4166280225367919,100,bc810cbe
sdft_frozen_lora_7b_tooluse_s1_seed42,sdft,lora,frozen,7b,tooluse,1,42,step200,tooluse,eval_data,accuracy,0.6185567010309279,0.5191255982790657,0.708954876445651,97,bc810cbe
sdft_frozen_lora_7b_tooluse_s1_seed42,sdft,lora,frozen,7b,tooluse,1,42,step200,tooluse,holdout,accuracy,0.31,0.22779563206132375,0.406262394779557,100,bc810cbe
sdft_frozen_lora_7b_tooluse_s1_seed42,sdft,lora,frozen,7b,tooluse,1,42,step246,tooluse,eval_data,accuracy,0.6804123711340206,0.5822644606203154,0.7648145226564275,97,bc810cbe
sdft_frozen_lora_7b_tooluse_s1_seed42,sdft,lora,frozen,7b,tooluse,1,42,step246,tooluse,holdout,accuracy,0.32,0.2366901081545688,0.4166280225367919,100,bc810cbe
sdft_frozen_lora_7b_tooluse_s1_seed42,sdft,lora,frozen,7b,tooluse,1,42,step50,tooluse,eval_data,accuracy,0.6494845360824743,0.5504892147387033,0.7370905142620265,97,bc810cbe
sdft_frozen_lora_7b_tooluse_s1_seed42,sdft,lora,frozen,7b,tooluse,1,42,step50,tooluse,holdout,accuracy,0.29,0.21014706973984149,0.3853907494000793,100,bc810cbe
sft_lora_7b_science_s2_acq50_seed1234,sft,lora,none,7b,science,2,1234,final,science,eval_data,accuracy,0.5857988165680473,0.5424325007916182,0.6278746942371343,507,fac3fbd8
sft_lora_7b_science_s2_acq50_seed1234,sft,lora,none,7b,science,2,1234,final,tooluse,eval_data,accuracy,0.6185567010309279,0.5191255982790657,0.708954876445651,97,fac3fbd8
sft_lora_7b_science_s2_acq50_seed1234,sft,lora,none,7b,science,2,1234,final,tooluse,holdout,accuracy,0.32,0.2366901081545688,0.4166280225367919,100,fac3fbd8
sft_lora_7b_science_s2_acq50_seed1234,sft,lora,none,7b,science,2,1234,step100,tooluse,holdout,accuracy,0.3,0.21894753866228117,0.39585038432811953,100,fac3fbd8
sft_lora_7b_science_s2_acq50_seed1234,sft,lora,none,7b,science,2,1234,step150,tooluse,holdout,accuracy,0.32,0.2366901081545688,0.4166280225367919,100,fac3fbd8
sft_lora_7b_science_s2_acq50_seed1234,sft,lora,none,7b,science,2,1234,step168,tooluse,holdout,accuracy,0.32,0.2366901081545688,0.4166280225367919,100,fac3fbd8
sft_lora_7b_science_s2_acq50_seed1234,sft,lora,none,7b,science,2,1234,step50,tooluse,holdout,accuracy,0.31,0.22779563206132375,0.406262394779557,100,fac3fbd8
sft_lora_7b_science_s2_acq50_seed2024,sft,lora,none,7b,science,2,2024,final,science,eval_data,accuracy,0.5483234714003945,0.5048021508143031,0.5911179935122358,507,fac3fbd8
sft_lora_7b_science_s2_acq50_seed2024,sft,lora,none,7b,science,2,2024,final,tooluse,eval_data,accuracy,0.6391752577319587,0.5399900990872682,0.7277565451547904,97,fac3fbd8
sft_lora_7b_science_s2_acq50_seed2024,sft,lora,none,7b,science,2,2024,final,tooluse,holdout,accuracy,0.33,0.24562983793895452,0.4269483966028862,100,fac3fbd8
sft_lora_7b_science_s2_acq50_seed2024,sft,lora,none,7b,science,2,2024,step100,tooluse,holdout,accuracy,0.33,0.24562983793895452,0.4269483966028862,100,fac3fbd8
sft_lora_7b_science_s2_acq50_seed2024,sft,lora,none,7b,science,2,2024,step150,tooluse,holdout,accuracy,0.33,0.24562983793895452,0.4269483966028862,100,fac3fbd8
sft_lora_7b_science_s2_acq50_seed2024,sft,lora,none,7b,science,2,2024,step168,tooluse,holdout,accuracy,0.33,0.24562983793895452,0.4269483966028862,100,fac3fbd8
sft_lora_7b_science_s2_acq50_seed2024,sft,lora,none,7b,science,2,2024,step50,tooluse,holdout,accuracy,0.34,0.25461379497543,0.43722454341689065,100,fac3fbd8
sft_lora_7b_science_s2_acq50_seed42,sft,lora,none,7b,science,2,42,final,science,eval_data,accuracy,0.5739644970414202,0.5305223385549476,0.6162942088836323,507,fac3fbd8
sft_lora_7b_science_s2_acq50_seed42,sft,lora,none,7b,science,2,42,final,tooluse,eval_data,accuracy,0.5567010309278351,0.45755626177249387,0.6515257044001969,97,fac3fbd8
sft_lora_7b_science_s2_acq50_seed42,sft,lora,none,7b,science,2,42,final,tooluse,holdout,accuracy,0.32,0.2366901081545688,0.4166280225367919,100,fac3fbd8
sft_lora_7b_science_s2_acq50_seed42,sft,lora,none,7b,science,2,42,step100,tooluse,holdout,accuracy,0.33,0.24562983793895452,0.4269483966028862,100,fac3fbd8
sft_lora_7b_science_s2_acq50_seed42,sft,lora,none,7b,science,2,42,step150,tooluse,holdout,accuracy,0.32,0.2366901081545688,0.4166280225367919,100,fac3fbd8
sft_lora_7b_science_s2_acq50_seed42,sft,lora,none,7b,science,2,42,step168,tooluse,holdout,accuracy,0.32,0.2366901081545688,0.4166280225367919,100,fac3fbd8
sft_lora_7b_science_s2_acq50_seed42,sft,lora,none,7b,science,2,42,step50,tooluse,holdout,accuracy,0.31,0.22779563206132375,0.406262394779557,100,fac3fbd8
sft_lora_7b_science_s2_seed1234,sft,lora,none,7b,science,2,1234,final,science,eval_data,accuracy,0.5483234714003945,0.5048021508143031,0.5911179935122358,507,bc810cbe
sft_lora_7b_science_s2_seed1234,sft,lora,none,7b,science,2,1234,final,tooluse,eval_data,accuracy,0.6391752577319587,0.5399900990872682,0.7277565451547904,97,bc810cbe
sft_lora_7b_science_s2_seed1234,sft,lora,none,7b,science,2,1234,final,tooluse,holdout,accuracy,0.34,0.25461379497543,0.43722454341689065,100,bc810cbe
sft_lora_7b_science_s2_seed1234,sft,lora,none,7b,science,2,1234,step100,science,eval_data,accuracy,0.5443786982248521,0.5008554339377241,0.5872344945254236,507,bc810cbe
sft_lora_7b_science_s2_seed1234,sft,lora,none,7b,science,2,1234,step100,tooluse,eval_data,accuracy,0.6288659793814433,0.52953581425912,0.7183777452242677,97,bc810cbe
sft_lora_7b_science_s2_seed1234,sft,lora,none,7b,science,2,1234,step100,tooluse,holdout,accuracy,0.34,0.25461379497543,0.43722454341689065,100,bc810cbe
sft_lora_7b_science_s2_seed1234,sft,lora,none,7b,science,2,1234,step150,science,eval_data,accuracy,0.5325443786982249,0.4890315243353099,0.5755677565376653,507,bc810cbe
sft_lora_7b_science_s2_seed1234,sft,lora,none,7b,science,2,1234,step150,tooluse,eval_data,accuracy,0.6494845360824743,0.5504892147387033,0.7370905142620265,97,bc810cbe
sft_lora_7b_science_s2_seed1234,sft,lora,none,7b,science,2,1234,step150,tooluse,holdout,accuracy,0.34,0.25461379497543,0.43722454341689065,100,bc810cbe
sft_lora_7b_science_s2_seed1234,sft,lora,none,7b,science,2,1234,step168,science,eval_data,accuracy,0.5483234714003945,0.5048021508143031,0.5911179935122358,507,bc810cbe
sft_lora_7b_science_s2_seed1234,sft,lora,none,7b,science,2,1234,step168,tooluse,eval_data,accuracy,0.6391752577319587,0.5399900990872682,0.7277565451547904,97,bc810cbe
sft_lora_7b_science_s2_seed1234,sft,lora,none,7b,science,2,1234,step168,tooluse,holdout,accuracy,0.34,0.25461379497543,0.43722454341689065,100,bc810cbe
sft_lora_7b_science_s2_seed1234,sft,lora,none,7b,science,2,1234,step50,science,eval_data,accuracy,0.4832347140039448,0.4400256207873525,0.5266959617932361,507,bc810cbe
sft_lora_7b_science_s2_seed1234,sft,lora,none,7b,science,2,1234,step50,tooluse,eval_data,accuracy,0.6288659793814433,0.52953581425912,0.7183777452242677,97,bc810cbe
sft_lora_7b_science_s2_seed1234,sft,lora,none,7b,science,2,1234,step50,tooluse,holdout,accuracy,0.35,0.2636410465347802,0.4474573957080203,100,bc810cbe
sft_lora_7b_science_s2_seed2024,sft,lora,none,7b,science,2,2024,final,science,eval_data,accuracy,0.591715976331361,0.5483970150183075,0.6336555038055314,507,bc810cbe
sft_lora_7b_science_s2_seed2024,sft,lora,none,7b,science,2,2024,final,tooluse,eval_data,accuracy,0.6391752577319587,0.5399900990872682,0.7277565451547904,97,bc810cbe
sft_lora_7b_science_s2_seed2024,sft,lora,none,7b,science,2,2024,final,tooluse,holdout,accuracy,0.35,0.2636410465347802,0.4474573957080203,100,bc810cbe
sft_lora_7b_science_s2_seed2024,sft,lora,none,7b,science,2,2024,step100,science,eval_data,accuracy,0.5680473372781065,0.5245766181531313,0.6104946054903622,507,bc810cbe
sft_lora_7b_science_s2_seed2024,sft,lora,none,7b,science,2,2024,step100,tooluse,eval_data,accuracy,0.6185567010309279,0.5191255982790657,0.708954876445651,97,bc810cbe
sft_lora_7b_science_s2_seed2024,sft,lora,none,7b,science,2,2024,step100,tooluse,holdout,accuracy,0.35,0.2636410465347802,0.4474573957080203,100,bc810cbe
sft_lora_7b_science_s2_seed2024,sft,lora,none,7b,science,2,2024,step150,science,eval_data,accuracy,0.6015779092702169,0.5583519873070508,0.6432760711752654,507,bc810cbe
sft_lora_7b_science_s2_seed2024,sft,lora,none,7b,science,2,2024,step150,tooluse,eval_data,accuracy,0.6288659793814433,0.52953581425912,0.7183777452242677,97,bc810cbe
sft_lora_7b_science_s2_seed2024,sft,lora,none,7b,science,2,2024,step150,tooluse,holdout,accuracy,0.35,0.2636410465347802,0.4474573957080203,100,bc810cbe
sft_lora_7b_science_s2_seed2024,sft,lora,none,7b,science,2,2024,step168,science,eval_data,accuracy,0.591715976331361,0.5483970150183075,0.6336555038055314,507,bc810cbe
sft_lora_7b_science_s2_seed2024,sft,lora,none,7b,science,2,2024,step168,tooluse,eval_data,accuracy,0.6391752577319587,0.5399900990872682,0.7277565451547904,97,bc810cbe
sft_lora_7b_science_s2_seed2024,sft,lora,none,7b,science,2,2024,step168,tooluse,holdout,accuracy,0.35,0.2636410465347802,0.4474573957080203,100,bc810cbe
sft_lora_7b_science_s2_seed2024,sft,lora,none,7b,science,2,2024,step50,science,eval_data,accuracy,0.4714003944773176,0.4283265534208985,0.5149043815695175,507,bc810cbe
sft_lora_7b_science_s2_seed2024,sft,lora,none,7b,science,2,2024,step50,tooluse,eval_data,accuracy,0.6494845360824743,0.5504892147387033,0.7370905142620265,97,bc810cbe
sft_lora_7b_science_s2_seed2024,sft,lora,none,7b,science,2,2024,step50,tooluse,holdout,accuracy,0.35,0.2636410465347802,0.4474573957080203,100,bc810cbe
sft_lora_7b_science_s2_seed42,sft,lora,none,7b,science,2,42,final,science,eval_data,accuracy,0.5779092702169625,0.53448961058646,0.6201571527155105,507,bc810cbe
sft_lora_7b_science_s2_seed42,sft,lora,none,7b,science,2,42,final,tooluse,eval_data,accuracy,0.6494845360824743,0.5504892147387033,0.7370905142620265,97,bc810cbe
sft_lora_7b_science_s2_seed42,sft,lora,none,7b,science,2,42,final,tooluse,holdout,accuracy,0.36,0.2727107459049014,0.45764780018837914,100,bc810cbe
sft_lora_7b_science_s2_seed42,sft,lora,none,7b,science,2,42,step100,science,eval_data,accuracy,0.5601577909270217,0.5166586259509975,0.602752165965714,507,bc810cbe
sft_lora_7b_science_s2_seed42,sft,lora,none,7b,science,2,42,step100,tooluse,eval_data,accuracy,0.6391752577319587,0.5399900990872682,0.7277565451547904,97,bc810cbe
sft_lora_7b_science_s2_seed42,sft,lora,none,7b,science,2,42,step100,tooluse,holdout,accuracy,0.37,0.28182212569509163,0.46779652424866885,100,bc810cbe
sft_lora_7b_science_s2_seed42,sft,lora,none,7b,science,2,42,step150,science,eval_data,accuracy,0.5562130177514792,0.5127037400598635,0.5988768359934571,507,bc810cbe
sft_lora_7b_science_s2_seed42,sft,lora,none,7b,science,2,42,step150,tooluse,eval_data,accuracy,0.6494845360824743,0.5504892147387033,0.7370905142620265,97,bc810cbe
sft_lora_7b_science_s2_seed42,sft,lora,none,7b,science,2,42,step150,tooluse,holdout,accuracy,0.36,0.2727107459049014,0.45764780018837914,100,bc810cbe
sft_lora_7b_science_s2_seed42,sft,lora,none,7b,science,2,42,step168,science,eval_data,accuracy,0.5779092702169625,0.53448961058646,0.6201571527155105,507,bc810cbe
sft_lora_7b_science_s2_seed42,sft,lora,none,7b,science,2,42,step168,tooluse,eval_data,accuracy,0.6494845360824743,0.5504892147387033,0.7370905142620265,97,bc810cbe
sft_lora_7b_science_s2_seed42,sft,lora,none,7b,science,2,42,step168,tooluse,holdout,accuracy,0.36,0.2727107459049014,0.45764780018837914,100,bc810cbe
sft_lora_7b_science_s2_seed42,sft,lora,none,7b,science,2,42,step50,science,eval_data,accuracy,0.46942800788954636,0.4263790617424096,0.5129367653163108,507,bc810cbe
sft_lora_7b_science_s2_seed42,sft,lora,none,7b,science,2,42,step50,tooluse,eval_data,accuracy,0.6288659793814433,0.52953581425912,0.7183777452242677,97,bc810cbe
sft_lora_7b_science_s2_seed42,sft,lora,none,7b,science,2,42,step50,tooluse,holdout,accuracy,0.35,0.2636410465347802,0.4474573957080203,100,bc810cbe
sft_lora_7b_tooluse_s1,sft,lora,none,7b,tooluse,1,42,base_anchor,tooluse,eval_data,accuracy,0.3917525773195876,0.30051137678779105,0.4912412332461631,97,fac3fbd8
sft_lora_7b_tooluse_s1,sft,lora,none,7b,tooluse,1,42,base_anchor,tooluse,holdout,accuracy,0.27,0.1926946091766482,0.3643230022623127,100,fac3fbd8
sft_lora_7b_tooluse_s1,sft,lora,none,7b,tooluse,1,42,ceiling,tooluse,holdout,accuracy,0.52,0.4231640509017654,0.6153561567991945,100,fac3fbd8
sft_lora_7b_tooluse_s1_acq50_seed1234,sft,lora,none,7b,tooluse,1,1234,final,tooluse,eval_data,accuracy,0.5876288659793815,0.488152877328067,0.6804283431206368,97,bc810cbe
sft_lora_7b_tooluse_s1_acq50_seed1234,sft,lora,none,7b,tooluse,1,1234,final,tooluse,holdout,accuracy,0.34,0.25461379497543,0.43722454341689065,100,bc810cbe
sft_lora_7b_tooluse_s1_acq50_seed2024,sft,lora,none,7b,tooluse,1,2024,final,tooluse,eval_data,accuracy,0.6082474226804123,0.5087587667538369,0.6994886232122088,97,bc810cbe
sft_lora_7b_tooluse_s1_acq50_seed2024,sft,lora,none,7b,tooluse,1,2024,final,tooluse,holdout,accuracy,0.34,0.25461379497543,0.43722454341689065,100,bc810cbe
sft_lora_7b_tooluse_s1_acq50_seed42,sft,lora,none,7b,tooluse,1,42,final,tooluse,eval_data,accuracy,0.5876288659793815,0.488152877328067,0.6804283431206368,97,bc810cbe
sft_lora_7b_tooluse_s1_acq50_seed42,sft,lora,none,7b,tooluse,1,42,final,tooluse,holdout,accuracy,0.33,0.24562983793895452,0.4269483966028862,100,bc810cbe
sft_lora_7b_tooluse_s1_seed1234,sft,lora,none,7b,tooluse,1,1234,final,tooluse,eval_data,accuracy,0.6391752577319587,0.5399900990872682,0.7277565451547904,97,bc810cbe
sft_lora_7b_tooluse_s1_seed1234,sft,lora,none,7b,tooluse,1,1234,final,tooluse,holdout,accuracy,0.37,0.28182212569509163,0.46779652424866885,100,bc810cbe
sft_lora_7b_tooluse_s1_seed1234,sft,lora,none,7b,tooluse,1,1234,step100,tooluse,eval_data,accuracy,0.5979381443298969,0.4984347077450554,0.6899795974623194,97,bc810cbe
sft_lora_7b_tooluse_s1_seed1234,sft,lora,none,7b,tooluse,1,1234,step100,tooluse,holdout,accuracy,0.38,0.2909744920013438,0.47790426179289663,100,bc810cbe
sft_lora_7b_tooluse_s1_seed1234,sft,lora,none,7b,tooluse,1,1234,step150,tooluse,eval_data,accuracy,0.6082474226804123,0.5087587667538369,0.6994886232122088,97,bc810cbe
sft_lora_7b_tooluse_s1_seed1234,sft,lora,none,7b,tooluse,1,1234,step150,tooluse,holdout,accuracy,0.36,0.2727107459049014,0.45764780018837914,100,bc810cbe
sft_lora_7b_tooluse_s1_seed1234,sft,lora,none,7b,tooluse,1,1234,step200,tooluse,eval_data,accuracy,0.6185567010309279,0.5191255982790657,0.708954876445651,97,bc810cbe
sft_lora_7b_tooluse_s1_seed1234,sft,lora,none,7b,tooluse,1,1234,step200,tooluse,holdout,accuracy,0.35,0.2636410465347802,0.4474573957080203,100,bc810cbe
sft_lora_7b_tooluse_s1_seed1234,sft,lora,none,7b,tooluse,1,1234,step248,tooluse,eval_data,accuracy,0.6391752577319587,0.5399900990872682,0.7277565451547904,97,bc810cbe
sft_lora_7b_tooluse_s1_seed1234,sft,lora,none,7b,tooluse,1,1234,step248,tooluse,holdout,accuracy,0.37,0.28182212569509163,0.46779652424866885,100,bc810cbe
sft_lora_7b_tooluse_s1_seed1234,sft,lora,none,7b,tooluse,1,1234,step50,tooluse,eval_data,accuracy,0.5876288659793815,0.488152877328067,0.6804283431206368,97,bc810cbe
sft_lora_7b_tooluse_s1_seed1234,sft,lora,none,7b,tooluse,1,1234,step50,tooluse,holdout,accuracy,0.34,0.25461379497543,0.43722454341689065,100,bc810cbe
sft_lora_7b_tooluse_s1_seed2024,sft,lora,none,7b,tooluse,1,2024,final,tooluse,eval_data,accuracy,0.6185567010309279,0.5191255982790657,0.708954876445651,97,bc810cbe
sft_lora_7b_tooluse_s1_seed2024,sft,lora,none,7b,tooluse,1,2024,final,tooluse,holdout,accuracy,0.39,0.300167219319702,0.48797163832501844,100,bc810cbe
sft_lora_7b_tooluse_s1_seed2024,sft,lora,none,7b,tooluse,1,2024,step100,tooluse,eval_data,accuracy,0.6082474226804123,0.5087587667538369,0.6994886232122088,97,bc810cbe
sft_lora_7b_tooluse_s1_seed2024,sft,lora,none,7b,tooluse,1,2024,step100,tooluse,holdout,accuracy,0.35,0.2636410465347802,0.4474573957080203,100,bc810cbe
sft_lora_7b_tooluse_s1_seed2024,sft,lora,none,7b,tooluse,1,2024,step150,tooluse,eval_data,accuracy,0.5979381443298969,0.4984347077450554,0.6899795974623194,97,bc810cbe
sft_lora_7b_tooluse_s1_seed2024,sft,lora,none,7b,tooluse,1,2024,step150,tooluse,holdout,accuracy,0.4,0.3093997461136028,0.4979992153815976,100,bc810cbe
sft_lora_7b_tooluse_s1_seed2024,sft,lora,none,7b,tooluse,1,2024,step200,tooluse,eval_data,accuracy,0.6391752577319587,0.5399900990872682,0.7277565451547904,97,bc810cbe
sft_lora_7b_tooluse_s1_seed2024,sft,lora,none,7b,tooluse,1,2024,step200,tooluse,holdout,accuracy,0.4,0.3093997461136028,0.4979992153815976,100,bc810cbe
sft_lora_7b_tooluse_s1_seed2024,sft,lora,none,7b,tooluse,1,2024,step248,tooluse,eval_data,accuracy,0.6185567010309279,0.5191255982790657,0.708954876445651,97,bc810cbe
sft_lora_7b_tooluse_s1_seed2024,sft,lora,none,7b,tooluse,1,2024,step248,tooluse,holdout,accuracy,0.39,0.300167219319702,0.48797163832501844,100,bc810cbe
sft_lora_7b_tooluse_s1_seed2024,sft,lora,none,7b,tooluse,1,2024,step50,tooluse,eval_data,accuracy,0.6082474226804123,0.5087587667538369,0.6994886232122088,97,bc810cbe
sft_lora_7b_tooluse_s1_seed2024,sft,lora,none,7b,tooluse,1,2024,step50,tooluse,holdout,accuracy,0.34,0.25461379497543,0.43722454341689065,100,bc810cbe
sft_lora_7b_tooluse_s1_seed42,sft,lora,none,7b,tooluse,1,42,final,tooluse,eval_data,accuracy,0.5876288659793815,0.488152877328067,0.6804283431206368,97,bc810cbe
sft_lora_7b_tooluse_s1_seed42,sft,lora,none,7b,tooluse,1,42,final,tooluse,holdout,accuracy,0.39,0.300167219319702,0.48797163832501844,100,bc810cbe
sft_lora_7b_tooluse_s1_seed42,sft,lora,none,7b,tooluse,1,42,step100,tooluse,eval_data,accuracy,0.6185567010309279,0.5191255982790657,0.708954876445651,97,bc810cbe
sft_lora_7b_tooluse_s1_seed42,sft,lora,none,7b,tooluse,1,42,step100,tooluse,holdout,accuracy,0.36,0.2727107459049014,0.45764780018837914,100,bc810cbe
sft_lora_7b_tooluse_s1_seed42,sft,lora,none,7b,tooluse,1,42,step150,tooluse,eval_data,accuracy,0.6185567010309279,0.5191255982790657,0.708954876445651,97,bc810cbe
sft_lora_7b_tooluse_s1_seed42,sft,lora,none,7b,tooluse,1,42,step150,tooluse,holdout,accuracy,0.39,0.300167219319702,0.48797163832501844,100,bc810cbe
sft_lora_7b_tooluse_s1_seed42,sft,lora,none,7b,tooluse,1,42,step200,tooluse,eval_data,accuracy,0.5979381443298969,0.4984347077450554,0.6899795974623194,97,bc810cbe
sft_lora_7b_tooluse_s1_seed42,sft,lora,none,7b,tooluse,1,42,step200,tooluse,holdout,accuracy,0.39,0.300167219319702,0.48797163832501844,100,bc810cbe
sft_lora_7b_tooluse_s1_seed42,sft,lora,none,7b,tooluse,1,42,step248,tooluse,eval_data,accuracy,0.5876288659793815,0.488152877328067,0.6804283431206368,97,bc810cbe
sft_lora_7b_tooluse_s1_seed42,sft,lora,none,7b,tooluse,1,42,step248,tooluse,holdout,accuracy,0.39,0.300167219319702,0.48797163832501844,100,bc810cbe
sft_lora_7b_tooluse_s1_seed42,sft,lora,none,7b,tooluse,1,42,step50,tooluse,eval_data,accuracy,0.5876288659793815,0.488152877328067,0.6804283431206368,97,bc810cbe
sft_lora_7b_tooluse_s1_seed42,sft,lora,none,7b,tooluse,1,42,step50,tooluse,holdout,accuracy,0.33,0.24562983793895452,0.4269483966028862,100,bc810cbe
online_sft_lora_7b_tooluse_s1_seed42,online_sft,lora,frozen,7b,tooluse,1,42,forgetting,,,lmeval:hellaswag,0.8020314678350926,,,,bc810cbe
online_sft_lora_7b_tooluse_s1_seed42,online_sft,lora,frozen,7b,tooluse,1,42,forgetting,,,lmeval:humaneval,0.6219512195121951,,,,bc810cbe
online_sft_lora_7b_tooluse_s1_seed42,online_sft,lora,frozen,7b,tooluse,1,42,forgetting,,,lmeval:ifeval,0.5415896487985212,,,,bc810cbe
online_sft_lora_7b_tooluse_s1_seed42,online_sft,lora,frozen,7b,tooluse,1,42,forgetting,,,lmeval:mmlu,0.7164933770118217,,,,bc810cbe
online_sft_lora_7b_tooluse_s1_seed42,online_sft,lora,frozen,7b,tooluse,1,42,forgetting,,,lmeval:mmlu_humanities,0.6333687566418703,,,,bc810cbe
online_sft_lora_7b_tooluse_s1_seed42,online_sft,lora,frozen,7b,tooluse,1,42,forgetting,,,lmeval:mmlu_formal_logic,0.5793650793650794,,,,bc810cbe
online_sft_lora_7b_tooluse_s1_seed42,online_sft,lora,frozen,7b,tooluse,1,42,forgetting,,,lmeval:mmlu_high_school_european_history,0.8545454545454545,,,,bc810cbe
online_sft_lora_7b_tooluse_s1_seed42,online_sft,lora,frozen,7b,tooluse,1,42,forgetting,,,lmeval:mmlu_high_school_us_history,0.8970588235294118,,,,bc810cbe
online_sft_lora_7b_tooluse_s1_seed42,online_sft,lora,frozen,7b,tooluse,1,42,forgetting,,,lmeval:mmlu_high_school_world_history,0.8649789029535865,,,,bc810cbe
online_sft_lora_7b_tooluse_s1_seed42,online_sft,lora,frozen,7b,tooluse,1,42,forgetting,,,lmeval:mmlu_international_law,0.8099173553719008,,,,bc810cbe
online_sft_lora_7b_tooluse_s1_seed42,online_sft,lora,frozen,7b,tooluse,1,42,forgetting,,,lmeval:mmlu_jurisprudence,0.7962962962962963,,,,bc810cbe
online_sft_lora_7b_tooluse_s1_seed42,online_sft,lora,frozen,7b,tooluse,1,42,forgetting,,,lmeval:mmlu_logical_fallacies,0.8220858895705522,,,,bc810cbe
online_sft_lora_7b_tooluse_s1_seed42,online_sft,lora,frozen,7b,tooluse,1,42,forgetting,,,lmeval:mmlu_moral_disputes,0.7687861271676301,,,,bc810cbe
online_sft_lora_7b_tooluse_s1_seed42,online_sft,lora,frozen,7b,tooluse,1,42,forgetting,,,lmeval:mmlu_moral_scenarios,0.4111731843575419,,,,bc810cbe
online_sft_lora_7b_tooluse_s1_seed42,online_sft,lora,frozen,7b,tooluse,1,42,forgetting,,,lmeval:mmlu_philosophy,0.729903536977492,,,,bc810cbe
online_sft_lora_7b_tooluse_s1_seed42,online_sft,lora,frozen,7b,tooluse,1,42,forgetting,,,lmeval:mmlu_prehistory,0.8209876543209876,,,,bc810cbe
online_sft_lora_7b_tooluse_s1_seed42,online_sft,lora,frozen,7b,tooluse,1,42,forgetting,,,lmeval:mmlu_professional_law,0.515645371577575,,,,bc810cbe
online_sft_lora_7b_tooluse_s1_seed42,online_sft,lora,frozen,7b,tooluse,1,42,forgetting,,,lmeval:mmlu_world_religions,0.8304093567251462,,,,bc810cbe
online_sft_lora_7b_tooluse_s1_seed42,online_sft,lora,frozen,7b,tooluse,1,42,forgetting,,,lmeval:mmlu_other,0.7637592532990023,,,,bc810cbe
online_sft_lora_7b_tooluse_s1_seed42,online_sft,lora,frozen,7b,tooluse,1,42,forgetting,,,lmeval:mmlu_business_ethics,0.79,,,,bc810cbe
online_sft_lora_7b_tooluse_s1_seed42,online_sft,lora,frozen,7b,tooluse,1,42,forgetting,,,lmeval:mmlu_clinical_knowledge,0.7811320754716982,,,,bc810cbe
online_sft_lora_7b_tooluse_s1_seed42,online_sft,lora,frozen,7b,tooluse,1,42,forgetting,,,lmeval:mmlu_college_medicine,0.6763005780346821,,,,bc810cbe
online_sft_lora_7b_tooluse_s1_seed42,online_sft,lora,frozen,7b,tooluse,1,42,forgetting,,,lmeval:mmlu_global_facts,0.47,,,,bc810cbe
online_sft_lora_7b_tooluse_s1_seed42,online_sft,lora,frozen,7b,tooluse,1,42,forgetting,,,lmeval:mmlu_human_aging,0.7668161434977578,,,,bc810cbe
online_sft_lora_7b_tooluse_s1_seed42,online_sft,lora,frozen,7b,tooluse,1,42,forgetting,,,lmeval:mmlu_management,0.8737864077669902,,,,bc810cbe
online_sft_lora_7b_tooluse_s1_seed42,online_sft,lora,frozen,7b,tooluse,1,42,forgetting,,,lmeval:mmlu_marketing,0.9188034188034188,,,,bc810cbe
online_sft_lora_7b_tooluse_s1_seed42,online_sft,lora,frozen,7b,tooluse,1,42,forgetting,,,lmeval:mmlu_medical_genetics,0.83,,,,bc810cbe
online_sft_lora_7b_tooluse_s1_seed42,online_sft,lora,frozen,7b,tooluse,1,42,forgetting,,,lmeval:mmlu_miscellaneous,0.8544061302681992,,,,bc810cbe
online_sft_lora_7b_tooluse_s1_seed42,online_sft,lora,frozen,7b,tooluse,1,42,forgetting,,,lmeval:mmlu_nutrition,0.7843137254901961,,,,bc810cbe
online_sft_lora_7b_tooluse_s1_seed42,online_sft,lora,frozen,7b,tooluse,1,42,forgetting,,,lmeval:mmlu_professional_accounting,0.549645390070922,,,,bc810cbe
online_sft_lora_7b_tooluse_s1_seed42,online_sft,lora,frozen,7b,tooluse,1,42,forgetting,,,lmeval:mmlu_professional_medicine,0.7867647058823529,,,,bc810cbe
online_sft_lora_7b_tooluse_s1_seed42,online_sft,lora,frozen,7b,tooluse,1,42,forgetting,,,lmeval:mmlu_virology,0.5180722891566265,,,,bc810cbe
online_sft_lora_7b_tooluse_s1_seed42,online_sft,lora,frozen,7b,tooluse,1,42,forgetting,,,lmeval:mmlu_social_sciences,0.829379265518362,,,,bc810cbe
online_sft_lora_7b_tooluse_s1_seed42,online_sft,lora,frozen,7b,tooluse,1,42,forgetting,,,lmeval:mmlu_econometrics,0.6666666666666666,,,,bc810cbe
online_sft_lora_7b_tooluse_s1_seed42,online_sft,lora,frozen,7b,tooluse,1,42,forgetting,,,lmeval:mmlu_high_school_geography,0.8787878787878788,,,,bc810cbe
online_sft_lora_7b_tooluse_s1_seed42,online_sft,lora,frozen,7b,tooluse,1,42,forgetting,,,lmeval:mmlu_high_school_government_and_politics,0.9430051813471503,,,,bc810cbe
online_sft_lora_7b_tooluse_s1_seed42,online_sft,lora,frozen,7b,tooluse,1,42,forgetting,,,lmeval:mmlu_high_school_macroeconomics,0.7948717948717948,,,,bc810cbe
online_sft_lora_7b_tooluse_s1_seed42,online_sft,lora,frozen,7b,tooluse,1,42,forgetting,,,lmeval:mmlu_high_school_microeconomics,0.8739495798319328,,,,bc810cbe
online_sft_lora_7b_tooluse_s1_seed42,online_sft,lora,frozen,7b,tooluse,1,42,forgetting,,,lmeval:mmlu_high_school_psychology,0.9045871559633027,,,,bc810cbe
online_sft_lora_7b_tooluse_s1_seed42,online_sft,lora,frozen,7b,tooluse,1,42,forgetting,,,lmeval:mmlu_human_sexuality,0.8091603053435115,,,,bc810cbe
online_sft_lora_7b_tooluse_s1_seed42,online_sft,lora,frozen,7b,tooluse,1,42,forgetting,,,lmeval:mmlu_professional_psychology,0.7712418300653595,,,,bc810cbe
online_sft_lora_7b_tooluse_s1_seed42,online_sft,lora,frozen,7b,tooluse,1,42,forgetting,,,lmeval:mmlu_public_relations,0.7090909090909091,,,,bc810cbe
online_sft_lora_7b_tooluse_s1_seed42,online_sft,lora,frozen,7b,tooluse,1,42,forgetting,,,lmeval:mmlu_security_studies,0.7714285714285715,,,,bc810cbe
online_sft_lora_7b_tooluse_s1_seed42,online_sft,lora,frozen,7b,tooluse,1,42,forgetting,,,lmeval:mmlu_sociology,0.8905472636815921,,,,bc810cbe
online_sft_lora_7b_tooluse_s1_seed42,online_sft,lora,frozen,7b,tooluse,1,42,forgetting,,,lmeval:mmlu_us_foreign_policy,0.85,,,,bc810cbe
online_sft_lora_7b_tooluse_s1_seed42,online_sft,lora,frozen,7b,tooluse,1,42,forgetting,,,lmeval:mmlu_stem,0.6837932128131938,,,,bc810cbe
online_sft_lora_7b_tooluse_s1_seed42,online_sft,lora,frozen,7b,tooluse,1,42,forgetting,,,lmeval:mmlu_abstract_algebra,0.57,,,,bc810cbe
online_sft_lora_7b_tooluse_s1_seed42,online_sft,lora,frozen,7b,tooluse,1,42,forgetting,,,lmeval:mmlu_anatomy,0.7481481481481481,,,,bc810cbe
online_sft_lora_7b_tooluse_s1_seed42,online_sft,lora,frozen,7b,tooluse,1,42,forgetting,,,lmeval:mmlu_astronomy,0.8618421052631579,,,,bc810cbe
online_sft_lora_7b_tooluse_s1_seed42,online_sft,lora,frozen,7b,tooluse,1,42,forgetting,,,lmeval:mmlu_college_biology,0.8680555555555556,,,,bc810cbe
online_sft_lora_7b_tooluse_s1_seed42,online_sft,lora,frozen,7b,tooluse,1,42,forgetting,,,lmeval:mmlu_college_chemistry,0.5,,,,bc810cbe
online_sft_lora_7b_tooluse_s1_seed42,online_sft,lora,frozen,7b,tooluse,1,42,forgetting,,,lmeval:mmlu_college_computer_science,0.67,,,,bc810cbe
online_sft_lora_7b_tooluse_s1_seed42,online_sft,lora,frozen,7b,tooluse,1,42,forgetting,,,lmeval:mmlu_college_mathematics,0.41,,,,bc810cbe
online_sft_lora_7b_tooluse_s1_seed42,online_sft,lora,frozen,7b,tooluse,1,42,forgetting,,,lmeval:mmlu_college_physics,0.5098039215686274,,,,bc810cbe
online_sft_lora_7b_tooluse_s1_seed42,online_sft,lora,frozen,7b,tooluse,1,42,forgetting,,,lmeval:mmlu_computer_security,0.77,,,,bc810cbe
online_sft_lora_7b_tooluse_s1_seed42,online_sft,lora,frozen,7b,tooluse,1,42,forgetting,,,lmeval:mmlu_conceptual_physics,0.7659574468085106,,,,bc810cbe
online_sft_lora_7b_tooluse_s1_seed42,online_sft,lora,frozen,7b,tooluse,1,42,forgetting,,,lmeval:mmlu_electrical_engineering,0.7103448275862069,,,,bc810cbe
online_sft_lora_7b_tooluse_s1_seed42,online_sft,lora,frozen,7b,tooluse,1,42,forgetting,,,lmeval:mmlu_elementary_mathematics,0.6693121693121693,,,,bc810cbe
online_sft_lora_7b_tooluse_s1_seed42,online_sft,lora,frozen,7b,tooluse,1,42,forgetting,,,lmeval:mmlu_high_school_biology,0.864516129032258,,,,bc810cbe
online_sft_lora_7b_tooluse_s1_seed42,online_sft,lora,frozen,7b,tooluse,1,42,forgetting,,,lmeval:mmlu_high_school_chemistry,0.625615763546798,,,,bc810cbe
online_sft_lora_7b_tooluse_s1_seed42,online_sft,lora,frozen,7b,tooluse,1,42,forgetting,,,lmeval:mmlu_high_school_computer_science,0.83,,,,bc810cbe
online_sft_lora_7b_tooluse_s1_seed42,online_sft,lora,frozen,7b,tooluse,1,42,forgetting,,,lmeval:mmlu_high_school_mathematics,0.5444444444444444,,,,bc810cbe
online_sft_lora_7b_tooluse_s1_seed42,online_sft,lora,frozen,7b,tooluse,1,42,forgetting,,,lmeval:mmlu_high_school_physics,0.5761589403973509,,,,bc810cbe
online_sft_lora_7b_tooluse_s1_seed42,online_sft,lora,frozen,7b,tooluse,1,42,forgetting,,,lmeval:mmlu_high_school_statistics,0.6805555555555556,,,,bc810cbe
online_sft_lora_7b_tooluse_s1_seed42,online_sft,lora,frozen,7b,tooluse,1,42,forgetting,,,lmeval:mmlu_machine_learning,0.5357142857142857,,,,bc810cbe
online_sft_lora_7b_tooluse_s1_seed42,online_sft,lora,frozen,7b,tooluse,1,42,forgetting,,,lmeval:truthfulqa_mc2,0.6269317748668871,,,,bc810cbe
online_sft_lora_7b_tooluse_s1_seed42,online_sft,lora,frozen,7b,tooluse,1,42,forgetting,,,lmeval:winogrande,0.7166535122336227,,,,bc810cbe
sdft_ema_lora_7b_tooluse_s1_seed1234,sdft,lora,ema,7b,tooluse,1,1234,forgetting,,,lmeval:hellaswag,0.8021310495917148,,,,bc810cbe
sdft_ema_lora_7b_tooluse_s1_seed1234,sdft,lora,ema,7b,tooluse,1,1234,forgetting,,,lmeval:humaneval,0.6646341463414634,,,,bc810cbe
sdft_ema_lora_7b_tooluse_s1_seed1234,sdft,lora,ema,7b,tooluse,1,1234,forgetting,,,lmeval:ifeval,0.4898336414048059,,,,bc810cbe
sdft_ema_lora_7b_tooluse_s1_seed1234,sdft,lora,ema,7b,tooluse,1,1234,forgetting,,,lmeval:mmlu,0.7162085173052272,,,,bc810cbe
sdft_ema_lora_7b_tooluse_s1_seed1234,sdft,lora,ema,7b,tooluse,1,1234,forgetting,,,lmeval:mmlu_humanities,0.6352816153028693,,,,bc810cbe
sdft_ema_lora_7b_tooluse_s1_seed1234,sdft,lora,ema,7b,tooluse,1,1234,forgetting,,,lmeval:mmlu_formal_logic,0.5793650793650794,,,,bc810cbe
sdft_ema_lora_7b_tooluse_s1_seed1234,sdft,lora,ema,7b,tooluse,1,1234,forgetting,,,lmeval:mmlu_high_school_european_history,0.8484848484848485,,,,bc810cbe
sdft_ema_lora_7b_tooluse_s1_seed1234,sdft,lora,ema,7b,tooluse,1,1234,forgetting,,,lmeval:mmlu_high_school_us_history,0.8970588235294118,,,,bc810cbe
sdft_ema_lora_7b_tooluse_s1_seed1234,sdft,lora,ema,7b,tooluse,1,1234,forgetting,,,lmeval:mmlu_high_school_world_history,0.8607594936708861,,,,bc810cbe
sdft_ema_lora_7b_tooluse_s1_seed1234,sdft,lora,ema,7b,tooluse,1,1234,forgetting,,,lmeval:mmlu_international_law,0.8181818181818182,,,,bc810cbe
sdft_ema_lora_7b_tooluse_s1_seed1234,sdft,lora,ema,7b,tooluse,1,1234,forgetting,,,lmeval:mmlu_jurisprudence,0.8055555555555556,,,,bc810cbe
sdft_ema_lora_7b_tooluse_s1_seed1234,sdft,lora,ema,7b,tooluse,1,1234,forgetting,,,lmeval:mmlu_logical_fallacies,0.8282208588957055,,,,bc810cbe
sdft_ema_lora_7b_tooluse_s1_seed1234,sdft,lora,ema,7b,tooluse,1,1234,forgetting,,,lmeval:mmlu_moral_disputes,0.7687861271676301,,,,bc810cbe
sdft_ema_lora_7b_tooluse_s1_seed1234,sdft,lora,ema,7b,tooluse,1,1234,forgetting,,,lmeval:mmlu_moral_scenarios,0.4201117318435754,,,,bc810cbe
sdft_ema_lora_7b_tooluse_s1_seed1234,sdft,lora,ema,7b,tooluse,1,1234,forgetting,,,lmeval:mmlu_philosophy,0.7331189710610932,,,,bc810cbe
sdft_ema_lora_7b_tooluse_s1_seed1234,sdft,lora,ema,7b,tooluse,1,1234,forgetting,,,lmeval:mmlu_prehistory,0.8179012345679012,,,,bc810cbe
sdft_ema_lora_7b_tooluse_s1_seed1234,sdft,lora,ema,7b,tooluse,1,1234,forgetting,,,lmeval:mmlu_professional_law,0.516297262059974,,,,bc810cbe
sdft_ema_lora_7b_tooluse_s1_seed1234,sdft,lora,ema,7b,tooluse,1,1234,forgetting,,,lmeval:mmlu_world_religions,0.8245614035087719,,,,bc810cbe
sdft_ema_lora_7b_tooluse_s1_seed1234,sdft,lora,ema,7b,tooluse,1,1234,forgetting,,,lmeval:mmlu_other,0.7631155455423237,,,,bc810cbe
sdft_ema_lora_7b_tooluse_s1_seed1234,sdft,lora,ema,7b,tooluse,1,1234,forgetting,,,lmeval:mmlu_business_ethics,0.8,,,,bc810cbe
sdft_ema_lora_7b_tooluse_s1_seed1234,sdft,lora,ema,7b,tooluse,1,1234,forgetting,,,lmeval:mmlu_clinical_knowledge,0.7773584905660378,,,,bc810cbe
sdft_ema_lora_7b_tooluse_s1_seed1234,sdft,lora,ema,7b,tooluse,1,1234,forgetting,,,lmeval:mmlu_college_medicine,0.6763005780346821,,,,bc810cbe
sdft_ema_lora_7b_tooluse_s1_seed1234,sdft,lora,ema,7b,tooluse,1,1234,forgetting,,,lmeval:mmlu_global_facts,0.44,,,,bc810cbe
sdft_ema_lora_7b_tooluse_s1_seed1234,sdft,lora,ema,7b,tooluse,1,1234,forgetting,,,lmeval:mmlu_human_aging,0.7668161434977578,,,,bc810cbe
sdft_ema_lora_7b_tooluse_s1_seed1234,sdft,lora,ema,7b,tooluse,1,1234,forgetting,,,lmeval:mmlu_management,0.883495145631068,,,,bc810cbe
sdft_ema_lora_7b_tooluse_s1_seed1234,sdft,lora,ema,7b,tooluse,1,1234,forgetting,,,lmeval:mmlu_marketing,0.9145299145299145,,,,bc810cbe
sdft_ema_lora_7b_tooluse_s1_seed1234,sdft,lora,ema,7b,tooluse,1,1234,forgetting,,,lmeval:mmlu_medical_genetics,0.84,,,,bc810cbe
sdft_ema_lora_7b_tooluse_s1_seed1234,sdft,lora,ema,7b,tooluse,1,1234,forgetting,,,lmeval:mmlu_miscellaneous,0.855683269476373,,,,bc810cbe
sdft_ema_lora_7b_tooluse_s1_seed1234,sdft,lora,ema,7b,tooluse,1,1234,forgetting,,,lmeval:mmlu_nutrition,0.7843137254901961,,,,bc810cbe
sdft_ema_lora_7b_tooluse_s1_seed1234,sdft,lora,ema,7b,tooluse,1,1234,forgetting,,,lmeval:mmlu_professional_accounting,0.5425531914893617,,,,bc810cbe
sdft_ema_lora_7b_tooluse_s1_seed1234,sdft,lora,ema,7b,tooluse,1,1234,forgetting,,,lmeval:mmlu_professional_medicine,0.7830882352941176,,,,bc810cbe
sdft_ema_lora_7b_tooluse_s1_seed1234,sdft,lora,ema,7b,tooluse,1,1234,forgetting,,,lmeval:mmlu_virology,0.5301204819277109,,,,bc810cbe
sdft_ema_lora_7b_tooluse_s1_seed1234,sdft,lora,ema,7b,tooluse,1,1234,forgetting,,,lmeval:mmlu_social_sciences,0.8258043548911277,,,,bc810cbe
sdft_ema_lora_7b_tooluse_s1_seed1234,sdft,lora,ema,7b,tooluse,1,1234,forgetting,,,lmeval:mmlu_econometrics,0.6578947368421053,,,,bc810cbe
sdft_ema_lora_7b_tooluse_s1_seed1234,sdft,lora,ema,7b,tooluse,1,1234,forgetting,,,lmeval:mmlu_high_school_geography,0.8838383838383839,,,,bc810cbe
sdft_ema_lora_7b_tooluse_s1_seed1234,sdft,lora,ema,7b,tooluse,1,1234,forgetting,,,lmeval:mmlu_high_school_government_and_politics,0.9430051813471503,,,,bc810cbe
sdft_ema_lora_7b_tooluse_s1_seed1234,sdft,lora,ema,7b,tooluse,1,1234,forgetting,,,lmeval:mmlu_high_school_macroeconomics,0.7923076923076923,,,,bc810cbe
sdft_ema_lora_7b_tooluse_s1_seed1234,sdft,lora,ema,7b,tooluse,1,1234,forgetting,,,lmeval:mmlu_high_school_microeconomics,0.8697478991596639,,,,bc810cbe
sdft_ema_lora_7b_tooluse_s1_seed1234,sdft,lora,ema,7b,tooluse,1,1234,forgetting,,,lmeval:mmlu_high_school_psychology,0.9045871559633027,,,,bc810cbe
sdft_ema_lora_7b_tooluse_s1_seed1234,sdft,lora,ema,7b,tooluse,1,1234,forgetting,,,lmeval:mmlu_human_sexuality,0.8091603053435115,,,,bc810cbe
sdft_ema_lora_7b_tooluse_s1_seed1234,sdft,lora,ema,7b,tooluse,1,1234,forgetting,,,lmeval:mmlu_professional_psychology,0.7565359477124183,,,,bc810cbe
sdft_ema_lora_7b_tooluse_s1_seed1234,sdft,lora,ema,7b,tooluse,1,1234,forgetting,,,lmeval:mmlu_public_relations,0.7,,,,bc810cbe
sdft_ema_lora_7b_tooluse_s1_seed1234,sdft,lora,ema,7b,tooluse,1,1234,forgetting,,,lmeval:mmlu_security_studies,0.7714285714285715,,,,bc810cbe
sdft_ema_lora_7b_tooluse_s1_seed1234,sdft,lora,ema,7b,tooluse,1,1234,forgetting,,,lmeval:mmlu_sociology,0.8905472636815921,,,,bc810cbe
sdft_ema_lora_7b_tooluse_s1_seed1234,sdft,lora,ema,7b,tooluse,1,1234,forgetting,,,lmeval:mmlu_us_foreign_policy,0.86,,,,bc810cbe
sdft_ema_lora_7b_tooluse_s1_seed1234,sdft,lora,ema,7b,tooluse,1,1234,forgetting,,,lmeval:mmlu_stem,0.6837932128131938,,,,bc810cbe
sdft_ema_lora_7b_tooluse_s1_seed1234,sdft,lora,ema,7b,tooluse,1,1234,forgetting,,,lmeval:mmlu_abstract_algebra,0.59,,,,bc810cbe
sdft_ema_lora_7b_tooluse_s1_seed1234,sdft,lora,ema,7b,tooluse,1,1234,forgetting,,,lmeval:mmlu_anatomy,0.7333333333333333,,,,bc810cbe
sdft_ema_lora_7b_tooluse_s1_seed1234,sdft,lora,ema,7b,tooluse,1,1234,forgetting,,,lmeval:mmlu_astronomy,0.8552631578947368,,,,bc810cbe
sdft_ema_lora_7b_tooluse_s1_seed1234,sdft,lora,ema,7b,tooluse,1,1234,forgetting,,,lmeval:mmlu_college_biology,0.8819444444444444,,,,bc810cbe
sdft_ema_lora_7b_tooluse_s1_seed1234,sdft,lora,ema,7b,tooluse,1,1234,forgetting,,,lmeval:mmlu_college_chemistry,0.51,,,,bc810cbe
sdft_ema_lora_7b_tooluse_s1_seed1234,sdft,lora,ema,7b,tooluse,1,1234,forgetting,,,lmeval:mmlu_college_computer_science,0.66,,,,bc810cbe
sdft_ema_lora_7b_tooluse_s1_seed1234,sdft,lora,ema,7b,tooluse,1,1234,forgetting,,,lmeval:mmlu_college_mathematics,0.4,,,,bc810cbe
sdft_ema_lora_7b_tooluse_s1_seed1234,sdft,lora,ema,7b,tooluse,1,1234,forgetting,,,lmeval:mmlu_college_physics,0.5098039215686274,,,,bc810cbe
sdft_ema_lora_7b_tooluse_s1_seed1234,sdft,lora,ema,7b,tooluse,1,1234,forgetting,,,lmeval:mmlu_computer_security,0.78,,,,bc810cbe
sdft_ema_lora_7b_tooluse_s1_seed1234,sdft,lora,ema,7b,tooluse,1,1234,forgetting,,,lmeval:mmlu_conceptual_physics,0.7574468085106383,,,,bc810cbe
sdft_ema_lora_7b_tooluse_s1_seed1234,sdft,lora,ema,7b,tooluse,1,1234,forgetting,,,lmeval:mmlu_electrical_engineering,0.7034482758620689,,,,bc810cbe
sdft_ema_lora_7b_tooluse_s1_seed1234,sdft,lora,ema,7b,tooluse,1,1234,forgetting,,,lmeval:mmlu_elementary_mathematics,0.671957671957672,,,,bc810cbe
sdft_ema_lora_7b_tooluse_s1_seed1234,sdft,lora,ema,7b,tooluse,1,1234,forgetting,,,lmeval:mmlu_high_school_biology,0.8612903225806452,,,,bc810cbe
sdft_ema_lora_7b_tooluse_s1_seed1234,sdft,lora,ema,7b,tooluse,1,1234,forgetting,,,lmeval:mmlu_high_school_chemistry,0.6305418719211823,,,,bc810cbe
sdft_ema_lora_7b_tooluse_s1_seed1234,sdft,lora,ema,7b,tooluse,1,1234,forgetting,,,lmeval:mmlu_high_school_computer_science,0.83,,,,bc810cbe
sdft_ema_lora_7b_tooluse_s1_seed1234,sdft,lora,ema,7b,tooluse,1,1234,forgetting,,,lmeval:mmlu_high_school_mathematics,0.5444444444444444,,,,bc810cbe
sdft_ema_lora_7b_tooluse_s1_seed1234,sdft,lora,ema,7b,tooluse,1,1234,forgetting,,,lmeval:mmlu_high_school_physics,0.5695364238410596,,,,bc810cbe
sdft_ema_lora_7b_tooluse_s1_seed1234,sdft,lora,ema,7b,tooluse,1,1234,forgetting,,,lmeval:mmlu_high_school_statistics,0.6805555555555556,,,,bc810cbe
sdft_ema_lora_7b_tooluse_s1_seed1234,sdft,lora,ema,7b,tooluse,1,1234,forgetting,,,lmeval:mmlu_machine_learning,0.5535714285714286,,,,bc810cbe
sdft_ema_lora_7b_tooluse_s1_seed1234,sdft,lora,ema,7b,tooluse,1,1234,forgetting,,,lmeval:truthfulqa_mc2,0.631871832536068,,,,bc810cbe
sdft_ema_lora_7b_tooluse_s1_seed1234,sdft,lora,ema,7b,tooluse,1,1234,forgetting,,,lmeval:winogrande,0.7158642462509865,,,,bc810cbe
sdft_ema_lora_7b_tooluse_s1_seed2024,sdft,lora,ema,7b,tooluse,1,2024,forgetting,,,lmeval:hellaswag,0.8009360685122485,,,,bc810cbe
sdft_ema_lora_7b_tooluse_s1_seed2024,sdft,lora,ema,7b,tooluse,1,2024,forgetting,,,lmeval:humaneval,0.6524390243902439,,,,bc810cbe
sdft_ema_lora_7b_tooluse_s1_seed2024,sdft,lora,ema,7b,tooluse,1,2024,forgetting,,,lmeval:ifeval,0.4898336414048059,,,,bc810cbe
sdft_ema_lora_7b_tooluse_s1_seed2024,sdft,lora,ema,7b,tooluse,1,2024,forgetting,,,lmeval:mmlu,0.715282723258795,,,,bc810cbe
sdft_ema_lora_7b_tooluse_s1_seed2024,sdft,lora,ema,7b,tooluse,1,2024,forgetting,,,lmeval:mmlu_humanities,0.6331562167906483,,,,bc810cbe
sdft_ema_lora_7b_tooluse_s1_seed2024,sdft,lora,ema,7b,tooluse,1,2024,forgetting,,,lmeval:mmlu_formal_logic,0.5873015873015873,,,,bc810cbe
sdft_ema_lora_7b_tooluse_s1_seed2024,sdft,lora,ema,7b,tooluse,1,2024,forgetting,,,lmeval:mmlu_high_school_european_history,0.8484848484848485,,,,bc810cbe
sdft_ema_lora_7b_tooluse_s1_seed2024,sdft,lora,ema,7b,tooluse,1,2024,forgetting,,,lmeval:mmlu_high_school_us_history,0.8970588235294118,,,,bc810cbe
sdft_ema_lora_7b_tooluse_s1_seed2024,sdft,lora,ema,7b,tooluse,1,2024,forgetting,,,lmeval:mmlu_high_school_world_history,0.8607594936708861,,,,bc810cbe
sdft_ema_lora_7b_tooluse_s1_seed2024,sdft,lora,ema,7b,tooluse,1,2024,forgetting,,,lmeval:mmlu_international_law,0.8099173553719008,,,,bc810cbe
sdft_ema_lora_7b_tooluse_s1_seed2024,sdft,lora,ema,7b,tooluse,1,2024,forgetting,,,lmeval:mmlu_jurisprudence,0.7962962962962963,,,,bc810cbe
sdft_ema_lora_7b_tooluse_s1_seed2024,sdft,lora,ema,7b,tooluse,1,2024,forgetting,,,lmeval:mmlu_logical_fallacies,0.8282208588957055,,,,bc810cbe
sdft_ema_lora_7b_tooluse_s1_seed2024,sdft,lora,ema,7b,tooluse,1,2024,forgetting,,,lmeval:mmlu_moral_disputes,0.7716763005780347,,,,bc810cbe
sdft_ema_lora_7b_tooluse_s1_seed2024,sdft,lora,ema,7b,tooluse,1,2024,forgetting,,,lmeval:mmlu_moral_scenarios,0.41675977653631285,,,,bc810cbe
sdft_ema_lora_7b_tooluse_s1_seed2024,sdft,lora,ema,7b,tooluse,1,2024,forgetting,,,lmeval:mmlu_philosophy,0.7331189710610932,,,,bc810cbe
sdft_ema_lora_7b_tooluse_s1_seed2024,sdft,lora,ema,7b,tooluse,1,2024,forgetting,,,lmeval:mmlu_prehistory,0.8148148148148148,,,,bc810cbe
sdft_ema_lora_7b_tooluse_s1_seed2024,sdft,lora,ema,7b,tooluse,1,2024,forgetting,,,lmeval:mmlu_professional_law,0.5117340286831812,,,,bc810cbe
sdft_ema_lora_7b_tooluse_s1_seed2024,sdft,lora,ema,7b,tooluse,1,2024,forgetting,,,lmeval:mmlu_world_religions,0.8304093567251462,,,,bc810cbe
sdft_ema_lora_7b_tooluse_s1_seed2024,sdft,lora,ema,7b,tooluse,1,2024,forgetting,,,lmeval:mmlu_other,0.7631155455423237,,,,bc810cbe
sdft_ema_lora_7b_tooluse_s1_seed2024,sdft,lora,ema,7b,tooluse,1,2024,forgetting,,,lmeval:mmlu_business_ethics,0.79,,,,bc810cbe
sdft_ema_lora_7b_tooluse_s1_seed2024,sdft,lora,ema,7b,tooluse,1,2024,forgetting,,,lmeval:mmlu_clinical_knowledge,0.7811320754716982,,,,bc810cbe
sdft_ema_lora_7b_tooluse_s1_seed2024,sdft,lora,ema,7b,tooluse,1,2024,forgetting,,,lmeval:mmlu_college_medicine,0.6820809248554913,,,,bc810cbe
sdft_ema_lora_7b_tooluse_s1_seed2024,sdft,lora,ema,7b,tooluse,1,2024,forgetting,,,lmeval:mmlu_global_facts,0.44,,,,bc810cbe
sdft_ema_lora_7b_tooluse_s1_seed2024,sdft,lora,ema,7b,tooluse,1,2024,forgetting,,,lmeval:mmlu_human_aging,0.757847533632287,,,,bc810cbe
sdft_ema_lora_7b_tooluse_s1_seed2024,sdft,lora,ema,7b,tooluse,1,2024,forgetting,,,lmeval:mmlu_management,0.883495145631068,,,,bc810cbe
sdft_ema_lora_7b_tooluse_s1_seed2024,sdft,lora,ema,7b,tooluse,1,2024,forgetting,,,lmeval:mmlu_marketing,0.9188034188034188,,,,bc810cbe
sdft_ema_lora_7b_tooluse_s1_seed2024,sdft,lora,ema,7b,tooluse,1,2024,forgetting,,,lmeval:mmlu_medical_genetics,0.82,,,,bc810cbe
sdft_ema_lora_7b_tooluse_s1_seed2024,sdft,lora,ema,7b,tooluse,1,2024,forgetting,,,lmeval:mmlu_miscellaneous,0.8582375478927203,,,,bc810cbe
sdft_ema_lora_7b_tooluse_s1_seed2024,sdft,lora,ema,7b,tooluse,1,2024,forgetting,,,lmeval:mmlu_nutrition,0.7843137254901961,,,,bc810cbe
sdft_ema_lora_7b_tooluse_s1_seed2024,sdft,lora,ema,7b,tooluse,1,2024,forgetting,,,lmeval:mmlu_professional_accounting,0.5390070921985816,,,,bc810cbe
sdft_ema_lora_7b_tooluse_s1_seed2024,sdft,lora,ema,7b,tooluse,1,2024,forgetting,,,lmeval:mmlu_professional_medicine,0.7867647058823529,,,,bc810cbe
sdft_ema_lora_7b_tooluse_s1_seed2024,sdft,lora,ema,7b,tooluse,1,2024,forgetting,,,lmeval:mmlu_virology,0.5301204819277109,,,,bc810cbe
sdft_ema_lora_7b_tooluse_s1_seed2024,sdft,lora,ema,7b,tooluse,1,2024,forgetting,,,lmeval:mmlu_social_sciences,0.8267793305167371,,,,bc810cbe
sdft_ema_lora_7b_tooluse_s1_seed2024,sdft,lora,ema,7b,tooluse,1,2024,forgetting,,,lmeval:mmlu_econometrics,0.6666666666666666,,,,bc810cbe
sdft_ema_lora_7b_tooluse_s1_seed2024,sdft,lora,ema,7b,tooluse,1,2024,forgetting,,,lmeval:mmlu_high_school_geography,0.8737373737373737,,,,bc810cbe
sdft_ema_lora_7b_tooluse_s1_seed2024,sdft,lora,ema,7b,tooluse,1,2024,forgetting,,,lmeval:mmlu_high_school_government_and_politics,0.9430051813471503,,,,bc810cbe
sdft_ema_lora_7b_tooluse_s1_seed2024,sdft,lora,ema,7b,tooluse,1,2024,forgetting,,,lmeval:mmlu_high_school_macroeconomics,0.7923076923076923,,,,bc810cbe
sdft_ema_lora_7b_tooluse_s1_seed2024,sdft,lora,ema,7b,tooluse,1,2024,forgetting,,,lmeval:mmlu_high_school_microeconomics,0.8739495798319328,,,,bc810cbe
sdft_ema_lora_7b_tooluse_s1_seed2024,sdft,lora,ema,7b,tooluse,1,2024,forgetting,,,lmeval:mmlu_high_school_psychology,0.9045871559633027,,,,bc810cbe
sdft_ema_lora_7b_tooluse_s1_seed2024,sdft,lora,ema,7b,tooluse,1,2024,forgetting,,,lmeval:mmlu_human_sexuality,0.8091603053435115,,,,bc810cbe
sdft_ema_lora_7b_tooluse_s1_seed2024,sdft,lora,ema,7b,tooluse,1,2024,forgetting,,,lmeval:mmlu_professional_psychology,0.761437908496732,,,,bc810cbe
sdft_ema_lora_7b_tooluse_s1_seed2024,sdft,lora,ema,7b,tooluse,1,2024,forgetting,,,lmeval:mmlu_public_relations,0.7090909090909091,,,,bc810cbe
sdft_ema_lora_7b_tooluse_s1_seed2024,sdft,lora,ema,7b,tooluse,1,2024,forgetting,,,lmeval:mmlu_security_studies,0.7714285714285715,,,,bc810cbe
sdft_ema_lora_7b_tooluse_s1_seed2024,sdft,lora,ema,7b,tooluse,1,2024,forgetting,,,lmeval:mmlu_sociology,0.8905472636815921,,,,bc810cbe
sdft_ema_lora_7b_tooluse_s1_seed2024,sdft,lora,ema,7b,tooluse,1,2024,forgetting,,,lmeval:mmlu_us_foreign_policy,0.85,,,,bc810cbe
sdft_ema_lora_7b_tooluse_s1_seed2024,sdft,lora,ema,7b,tooluse,1,2024,forgetting,,,lmeval:mmlu_stem,0.6818902632413575,,,,bc810cbe
sdft_ema_lora_7b_tooluse_s1_seed2024,sdft,lora,ema,7b,tooluse,1,2024,forgetting,,,lmeval:mmlu_abstract_algebra,0.58,,,,bc810cbe
sdft_ema_lora_7b_tooluse_s1_seed2024,sdft,lora,ema,7b,tooluse,1,2024,forgetting,,,lmeval:mmlu_anatomy,0.7407407407407407,,,,bc810cbe
sdft_ema_lora_7b_tooluse_s1_seed2024,sdft,lora,ema,7b,tooluse,1,2024,forgetting,,,lmeval:mmlu_astronomy,0.8552631578947368,,,,bc810cbe
sdft_ema_lora_7b_tooluse_s1_seed2024,sdft,lora,ema,7b,tooluse,1,2024,forgetting,,,lmeval:mmlu_college_biology,0.8680555555555556,,,,bc810cbe
sdft_ema_lora_7b_tooluse_s1_seed2024,sdft,lora,ema,7b,tooluse,1,2024,forgetting,,,lmeval:mmlu_college_chemistry,0.54,,,,bc810cbe
sdft_ema_lora_7b_tooluse_s1_seed2024,sdft,lora,ema,7b,tooluse,1,2024,forgetting,,,lmeval:mmlu_college_computer_science,0.66,,,,bc810cbe
sdft_ema_lora_7b_tooluse_s1_seed2024,sdft,lora,ema,7b,tooluse,1,2024,forgetting,,,lmeval:mmlu_college_mathematics,0.43,,,,bc810cbe
sdft_ema_lora_7b_tooluse_s1_seed2024,sdft,lora,ema,7b,tooluse,1,2024,forgetting,,,lmeval:mmlu_college_physics,0.5098039215686274,,,,bc810cbe
sdft_ema_lora_7b_tooluse_s1_seed2024,sdft,lora,ema,7b,tooluse,1,2024,forgetting,,,lmeval:mmlu_computer_security,0.78,,,,bc810cbe
sdft_ema_lora_7b_tooluse_s1_seed2024,sdft,lora,ema,7b,tooluse,1,2024,forgetting,,,lmeval:mmlu_conceptual_physics,0.7574468085106383,,,,bc810cbe
sdft_ema_lora_7b_tooluse_s1_seed2024,sdft,lora,ema,7b,tooluse,1,2024,forgetting,,,lmeval:mmlu_electrical_engineering,0.696551724137931,,,,bc810cbe
sdft_ema_lora_7b_tooluse_s1_seed2024,sdft,lora,ema,7b,tooluse,1,2024,forgetting,,,lmeval:mmlu_elementary_mathematics,0.6666666666666666,,,,bc810cbe
sdft_ema_lora_7b_tooluse_s1_seed2024,sdft,lora,ema,7b,tooluse,1,2024,forgetting,,,lmeval:mmlu_high_school_biology,0.8580645161290322,,,,bc810cbe
sdft_ema_lora_7b_tooluse_s1_seed2024,sdft,lora,ema,7b,tooluse,1,2024,forgetting,,,lmeval:mmlu_high_school_chemistry,0.6305418719211823,,,,bc810cbe
sdft_ema_lora_7b_tooluse_s1_seed2024,sdft,lora,ema,7b,tooluse,1,2024,forgetting,,,lmeval:mmlu_high_school_computer_science,0.83,,,,bc810cbe
sdft_ema_lora_7b_tooluse_s1_seed2024,sdft,lora,ema,7b,tooluse,1,2024,forgetting,,,lmeval:mmlu_high_school_mathematics,0.5333333333333333,,,,bc810cbe
sdft_ema_lora_7b_tooluse_s1_seed2024,sdft,lora,ema,7b,tooluse,1,2024,forgetting,,,lmeval:mmlu_high_school_physics,0.5562913907284768,,,,bc810cbe
sdft_ema_lora_7b_tooluse_s1_seed2024,sdft,lora,ema,7b,tooluse,1,2024,forgetting,,,lmeval:mmlu_high_school_statistics,0.6805555555555556,,,,bc810cbe
sdft_ema_lora_7b_tooluse_s1_seed2024,sdft,lora,ema,7b,tooluse,1,2024,forgetting,,,lmeval:mmlu_machine_learning,0.5446428571428571,,,,bc810cbe
sdft_ema_lora_7b_tooluse_s1_seed2024,sdft,lora,ema,7b,tooluse,1,2024,forgetting,,,lmeval:truthfulqa_mc2,0.6318320755134086,,,,bc810cbe
sdft_ema_lora_7b_tooluse_s1_seed2024,sdft,lora,ema,7b,tooluse,1,2024,forgetting,,,lmeval:winogrande,0.7174427782162589,,,,bc810cbe
sdft_ema_lora_7b_tooluse_s1_seed42,sdft,lora,ema,7b,tooluse,1,42,forgetting,,,lmeval:hellaswag,0.8008364867556264,,,,bc810cbe
sdft_ema_lora_7b_tooluse_s1_seed42,sdft,lora,ema,7b,tooluse,1,42,forgetting,,,lmeval:humaneval,0.6707317073170732,,,,bc810cbe
sdft_ema_lora_7b_tooluse_s1_seed42,sdft,lora,ema,7b,tooluse,1,42,forgetting,,,lmeval:ifeval,0.5027726432532348,,,,bc810cbe
sdft_ema_lora_7b_tooluse_s1_seed42,sdft,lora,ema,7b,tooluse,1,42,forgetting,,,lmeval:mmlu,0.7157100128186868,,,,bc810cbe
sdft_ema_lora_7b_tooluse_s1_seed42,sdft,lora,ema,7b,tooluse,1,42,forgetting,,,lmeval:mmlu_humanities,0.6333687566418703,,,,bc810cbe
sdft_ema_lora_7b_tooluse_s1_seed42,sdft,lora,ema,7b,tooluse,1,42,forgetting,,,lmeval:mmlu_formal_logic,0.5873015873015873,,,,bc810cbe
sdft_ema_lora_7b_tooluse_s1_seed42,sdft,lora,ema,7b,tooluse,1,42,forgetting,,,lmeval:mmlu_high_school_european_history,0.8484848484848485,,,,bc810cbe
sdft_ema_lora_7b_tooluse_s1_seed42,sdft,lora,ema,7b,tooluse,1,42,forgetting,,,lmeval:mmlu_high_school_us_history,0.8921568627450981,,,,bc810cbe
sdft_ema_lora_7b_tooluse_s1_seed42,sdft,lora,ema,7b,tooluse,1,42,forgetting,,,lmeval:mmlu_high_school_world_history,0.8649789029535865,,,,bc810cbe
sdft_ema_lora_7b_tooluse_s1_seed42,sdft,lora,ema,7b,tooluse,1,42,forgetting,,,lmeval:mmlu_international_law,0.8099173553719008,,,,bc810cbe
sdft_ema_lora_7b_tooluse_s1_seed42,sdft,lora,ema,7b,tooluse,1,42,forgetting,,,lmeval:mmlu_jurisprudence,0.7962962962962963,,,,bc810cbe
sdft_ema_lora_7b_tooluse_s1_seed42,sdft,lora,ema,7b,tooluse,1,42,forgetting,,,lmeval:mmlu_logical_fallacies,0.8282208588957055,,,,bc810cbe
sdft_ema_lora_7b_tooluse_s1_seed42,sdft,lora,ema,7b,tooluse,1,42,forgetting,,,lmeval:mmlu_moral_disputes,0.7716763005780347,,,,bc810cbe
sdft_ema_lora_7b_tooluse_s1_seed42,sdft,lora,ema,7b,tooluse,1,42,forgetting,,,lmeval:mmlu_moral_scenarios,0.41787709497206704,,,,bc810cbe
sdft_ema_lora_7b_tooluse_s1_seed42,sdft,lora,ema,7b,tooluse,1,42,forgetting,,,lmeval:mmlu_philosophy,0.7266881028938906,,,,bc810cbe
sdft_ema_lora_7b_tooluse_s1_seed42,sdft,lora,ema,7b,tooluse,1,42,forgetting,,,lmeval:mmlu_prehistory,0.8209876543209876,,,,bc810cbe
sdft_ema_lora_7b_tooluse_s1_seed42,sdft,lora,ema,7b,tooluse,1,42,forgetting,,,lmeval:mmlu_professional_law,0.5123859191655802,,,,bc810cbe
sdft_ema_lora_7b_tooluse_s1_seed42,sdft,lora,ema,7b,tooluse,1,42,forgetting,,,lmeval:mmlu_world_religions,0.8245614035087719,,,,bc810cbe
sdft_ema_lora_7b_tooluse_s1_seed42,sdft,lora,ema,7b,tooluse,1,42,forgetting,,,lmeval:mmlu_other,0.7631155455423237,,,,bc810cbe
sdft_ema_lora_7b_tooluse_s1_seed42,sdft,lora,ema,7b,tooluse,1,42,forgetting,,,lmeval:mmlu_business_ethics,0.79,,,,bc810cbe
sdft_ema_lora_7b_tooluse_s1_seed42,sdft,lora,ema,7b,tooluse,1,42,forgetting,,,lmeval:mmlu_clinical_knowledge,0.7811320754716982,,,,bc810cbe
sdft_ema_lora_7b_tooluse_s1_seed42,sdft,lora,ema,7b,tooluse,1,42,forgetting,,,lmeval:mmlu_college_medicine,0.6763005780346821,,,,bc810cbe
sdft_ema_lora_7b_tooluse_s1_seed42,sdft,lora,ema,7b,tooluse,1,42,forgetting,,,lmeval:mmlu_global_facts,0.45,,,,bc810cbe
sdft_ema_lora_7b_tooluse_s1_seed42,sdft,lora,ema,7b,tooluse,1,42,forgetting,,,lmeval:mmlu_human_aging,0.7668161434977578,,,,bc810cbe
sdft_ema_lora_7b_tooluse_s1_seed42,sdft,lora,ema,7b,tooluse,1,42,forgetting,,,lmeval:mmlu_management,0.883495145631068,,,,bc810cbe
sdft_ema_lora_7b_tooluse_s1_seed42,sdft,lora,ema,7b,tooluse,1,42,forgetting,,,lmeval:mmlu_marketing,0.9102564102564102,,,,bc810cbe
sdft_ema_lora_7b_tooluse_s1_seed42,sdft,lora,ema,7b,tooluse,1,42,forgetting,,,lmeval:mmlu_medical_genetics,0.81,,,,bc810cbe
sdft_ema_lora_7b_tooluse_s1_seed42,sdft,lora,ema,7b,tooluse,1,42,forgetting,,,lmeval:mmlu_miscellaneous,0.8569604086845466,,,,bc810cbe
sdft_ema_lora_7b_tooluse_s1_seed42,sdft,lora,ema,7b,tooluse,1,42,forgetting,,,lmeval:mmlu_nutrition,0.7843137254901961,,,,bc810cbe
sdft_ema_lora_7b_tooluse_s1_seed42,sdft,lora,ema,7b,tooluse,1,42,forgetting,,,lmeval:mmlu_professional_accounting,0.5425531914893617,,,,bc810cbe
sdft_ema_lora_7b_tooluse_s1_seed42,sdft,lora,ema,7b,tooluse,1,42,forgetting,,,lmeval:mmlu_professional_medicine,0.7904411764705882,,,,bc810cbe
sdft_ema_lora_7b_tooluse_s1_seed42,sdft,lora,ema,7b,tooluse,1,42,forgetting,,,lmeval:mmlu_virology,0.5301204819277109,,,,bc810cbe
sdft_ema_lora_7b_tooluse_s1_seed42,sdft,lora,ema,7b,tooluse,1,42,forgetting,,,lmeval:mmlu_social_sciences,0.826454338641534,,,,bc810cbe
sdft_ema_lora_7b_tooluse_s1_seed42,sdft,lora,ema,7b,tooluse,1,42,forgetting,,,lmeval:mmlu_econometrics,0.6754385964912281,,,,bc810cbe
sdft_ema_lora_7b_tooluse_s1_seed42,sdft,lora,ema,7b,tooluse,1,42,forgetting,,,lmeval:mmlu_high_school_geography,0.8686868686868687,,,,bc810cbe
sdft_ema_lora_7b_tooluse_s1_seed42,sdft,lora,ema,7b,tooluse,1,42,forgetting,,,lmeval:mmlu_high_school_government_and_politics,0.9378238341968912,,,,bc810cbe
sdft_ema_lora_7b_tooluse_s1_seed42,sdft,lora,ema,7b,tooluse,1,42,forgetting,,,lmeval:mmlu_high_school_macroeconomics,0.7923076923076923,,,,bc810cbe
sdft_ema_lora_7b_tooluse_s1_seed42,sdft,lora,ema,7b,tooluse,1,42,forgetting,,,lmeval:mmlu_high_school_microeconomics,0.8739495798319328,,,,bc810cbe
sdft_ema_lora_7b_tooluse_s1_seed42,sdft,lora,ema,7b,tooluse,1,42,forgetting,,,lmeval:mmlu_high_school_psychology,0.9027522935779817,,,,bc810cbe
sdft_ema_lora_7b_tooluse_s1_seed42,sdft,lora,ema,7b,tooluse,1,42,forgetting,,,lmeval:mmlu_human_sexuality,0.8091603053435115,,,,bc810cbe
sdft_ema_lora_7b_tooluse_s1_seed42,sdft,lora,ema,7b,tooluse,1,42,forgetting,,,lmeval:mmlu_professional_psychology,0.761437908496732,,,,bc810cbe
sdft_ema_lora_7b_tooluse_s1_seed42,sdft,lora,ema,7b,tooluse,1,42,forgetting,,,lmeval:mmlu_public_relations,0.7090909090909091,,,,bc810cbe
sdft_ema_lora_7b_tooluse_s1_seed42,sdft,lora,ema,7b,tooluse,1,42,forgetting,,,lmeval:mmlu_security_studies,0.7714285714285715,,,,bc810cbe
sdft_ema_lora_7b_tooluse_s1_seed42,sdft,lora,ema,7b,tooluse,1,42,forgetting,,,lmeval:mmlu_sociology,0.8955223880597015,,,,bc810cbe
sdft_ema_lora_7b_tooluse_s1_seed42,sdft,lora,ema,7b,tooluse,1,42,forgetting,,,lmeval:mmlu_us_foreign_policy,0.85,,,,bc810cbe
sdft_ema_lora_7b_tooluse_s1_seed42,sdft,lora,ema,7b,tooluse,1,42,forgetting,,,lmeval:mmlu_stem,0.6837932128131938,,,,bc810cbe
sdft_ema_lora_7b_tooluse_s1_seed42,sdft,lora,ema,7b,tooluse,1,42,forgetting,,,lmeval:mmlu_abstract_algebra,0.59,,,,bc810cbe
sdft_ema_lora_7b_tooluse_s1_seed42,sdft,lora,ema,7b,tooluse,1,42,forgetting,,,lmeval:mmlu_anatomy,0.7407407407407407,,,,bc810cbe
sdft_ema_lora_7b_tooluse_s1_seed42,sdft,lora,ema,7b,tooluse,1,42,forgetting,,,lmeval:mmlu_astronomy,0.868421052631579,,,,bc810cbe
sdft_ema_lora_7b_tooluse_s1_seed42,sdft,lora,ema,7b,tooluse,1,42,forgetting,,,lmeval:mmlu_college_biology,0.8680555555555556,,,,bc810cbe
sdft_ema_lora_7b_tooluse_s1_seed42,sdft,lora,ema,7b,tooluse,1,42,forgetting,,,lmeval:mmlu_college_chemistry,0.52,,,,bc810cbe
sdft_ema_lora_7b_tooluse_s1_seed42,sdft,lora,ema,7b,tooluse,1,42,forgetting,,,lmeval:mmlu_college_computer_science,0.68,,,,bc810cbe
sdft_ema_lora_7b_tooluse_s1_seed42,sdft,lora,ema,7b,tooluse,1,42,forgetting,,,lmeval:mmlu_college_mathematics,0.41,,,,bc810cbe
sdft_ema_lora_7b_tooluse_s1_seed42,sdft,lora,ema,7b,tooluse,1,42,forgetting,,,lmeval:mmlu_college_physics,0.5098039215686274,,,,bc810cbe
sdft_ema_lora_7b_tooluse_s1_seed42,sdft,lora,ema,7b,tooluse,1,42,forgetting,,,lmeval:mmlu_computer_security,0.78,,,,bc810cbe
sdft_ema_lora_7b_tooluse_s1_seed42,sdft,lora,ema,7b,tooluse,1,42,forgetting,,,lmeval:mmlu_conceptual_physics,0.7574468085106383,,,,bc810cbe
sdft_ema_lora_7b_tooluse_s1_seed42,sdft,lora,ema,7b,tooluse,1,42,forgetting,,,lmeval:mmlu_electrical_engineering,0.6896551724137931,,,,bc810cbe
sdft_ema_lora_7b_tooluse_s1_seed42,sdft,lora,ema,7b,tooluse,1,42,forgetting,,,lmeval:mmlu_elementary_mathematics,0.6693121693121693,,,,bc810cbe
sdft_ema_lora_7b_tooluse_s1_seed42,sdft,lora,ema,7b,tooluse,1,42,forgetting,,,lmeval:mmlu_high_school_biology,0.864516129032258,,,,bc810cbe
sdft_ema_lora_7b_tooluse_s1_seed42,sdft,lora,ema,7b,tooluse,1,42,forgetting,,,lmeval:mmlu_high_school_chemistry,0.6305418719211823,,,,bc810cbe
sdft_ema_lora_7b_tooluse_s1_seed42,sdft,lora,ema,7b,tooluse,1,42,forgetting,,,lmeval:mmlu_high_school_computer_science,0.82,,,,bc810cbe
sdft_ema_lora_7b_tooluse_s1_seed42,sdft,lora,ema,7b,tooluse,1,42,forgetting,,,lmeval:mmlu_high_school_mathematics,0.5370370370370371,,,,bc810cbe
sdft_ema_lora_7b_tooluse_s1_seed42,sdft,lora,ema,7b,tooluse,1,42,forgetting,,,lmeval:mmlu_high_school_physics,0.5629139072847682,,,,bc810cbe
sdft_ema_lora_7b_tooluse_s1_seed42,sdft,lora,ema,7b,tooluse,1,42,forgetting,,,lmeval:mmlu_high_school_statistics,0.6851851851851852,,,,bc810cbe
sdft_ema_lora_7b_tooluse_s1_seed42,sdft,lora,ema,7b,tooluse,1,42,forgetting,,,lmeval:mmlu_machine_learning,0.5535714285714286,,,,bc810cbe
sdft_ema_lora_7b_tooluse_s1_seed42,sdft,lora,ema,7b,tooluse,1,42,forgetting,,,lmeval:truthfulqa_mc2,0.6335237756304819,,,,bc810cbe
sdft_ema_lora_7b_tooluse_s1_seed42,sdft,lora,ema,7b,tooluse,1,42,forgetting,,,lmeval:winogrande,0.7198105761641673,,,,bc810cbe
sdft_frozen_lora_7b_tooluse_s1_seed42,sdft,lora,frozen,7b,tooluse,1,42,forgetting,,,lmeval:hellaswag,0.8034256124278032,,,,bc810cbe
sdft_frozen_lora_7b_tooluse_s1_seed42,sdft,lora,frozen,7b,tooluse,1,42,forgetting,,,lmeval:humaneval,0.6524390243902439,,,,bc810cbe
sdft_frozen_lora_7b_tooluse_s1_seed42,sdft,lora,frozen,7b,tooluse,1,42,forgetting,,,lmeval:ifeval,0.5397412199630314,,,,bc810cbe
sdft_frozen_lora_7b_tooluse_s1_seed42,sdft,lora,frozen,7b,tooluse,1,42,forgetting,,,lmeval:mmlu,0.7165645919384703,,,,bc810cbe
sdft_frozen_lora_7b_tooluse_s1_seed42,sdft,lora,frozen,7b,tooluse,1,42,forgetting,,,lmeval:mmlu_humanities,0.6344314558979809,,,,bc810cbe
sdft_frozen_lora_7b_tooluse_s1_seed42,sdft,lora,frozen,7b,tooluse,1,42,forgetting,,,lmeval:mmlu_formal_logic,0.5793650793650794,,,,bc810cbe
sdft_frozen_lora_7b_tooluse_s1_seed42,sdft,lora,frozen,7b,tooluse,1,42,forgetting,,,lmeval:mmlu_high_school_european_history,0.8484848484848485,,,,bc810cbe
sdft_frozen_lora_7b_tooluse_s1_seed42,sdft,lora,frozen,7b,tooluse,1,42,forgetting,,,lmeval:mmlu_high_school_us_history,0.8970588235294118,,,,bc810cbe
sdft_frozen_lora_7b_tooluse_s1_seed42,sdft,lora,frozen,7b,tooluse,1,42,forgetting,,,lmeval:mmlu_high_school_world_history,0.8607594936708861,,,,bc810cbe
sdft_frozen_lora_7b_tooluse_s1_seed42,sdft,lora,frozen,7b,tooluse,1,42,forgetting,,,lmeval:mmlu_international_law,0.8099173553719008,,,,bc810cbe
sdft_frozen_lora_7b_tooluse_s1_seed42,sdft,lora,frozen,7b,tooluse,1,42,forgetting,,,lmeval:mmlu_jurisprudence,0.8055555555555556,,,,bc810cbe
sdft_frozen_lora_7b_tooluse_s1_seed42,sdft,lora,frozen,7b,tooluse,1,42,forgetting,,,lmeval:mmlu_logical_fallacies,0.8220858895705522,,,,bc810cbe
sdft_frozen_lora_7b_tooluse_s1_seed42,sdft,lora,frozen,7b,tooluse,1,42,forgetting,,,lmeval:mmlu_moral_disputes,0.7745664739884393,,,,bc810cbe
sdft_frozen_lora_7b_tooluse_s1_seed42,sdft,lora,frozen,7b,tooluse,1,42,forgetting,,,lmeval:mmlu_moral_scenarios,0.41564245810055866,,,,bc810cbe
sdft_frozen_lora_7b_tooluse_s1_seed42,sdft,lora,frozen,7b,tooluse,1,42,forgetting,,,lmeval:mmlu_philosophy,0.729903536977492,,,,bc810cbe
sdft_frozen_lora_7b_tooluse_s1_seed42,sdft,lora,frozen,7b,tooluse,1,42,forgetting,,,lmeval:mmlu_prehistory,0.8209876543209876,,,,bc810cbe
sdft_frozen_lora_7b_tooluse_s1_seed42,sdft,lora,frozen,7b,tooluse,1,42,forgetting,,,lmeval:mmlu_professional_law,0.515645371577575,,,,bc810cbe
sdft_frozen_lora_7b_tooluse_s1_seed42,sdft,lora,frozen,7b,tooluse,1,42,forgetting,,,lmeval:mmlu_world_religions,0.8304093567251462,,,,bc810cbe
sdft_frozen_lora_7b_tooluse_s1_seed42,sdft,lora,frozen,7b,tooluse,1,42,forgetting,,,lmeval:mmlu_other,0.7640811071773415,,,,bc810cbe
sdft_frozen_lora_7b_tooluse_s1_seed42,sdft,lora,frozen,7b,tooluse,1,42,forgetting,,,lmeval:mmlu_business_ethics,0.79,,,,bc810cbe
sdft_frozen_lora_7b_tooluse_s1_seed42,sdft,lora,frozen,7b,tooluse,1,42,forgetting,,,lmeval:mmlu_clinical_knowledge,0.7811320754716982,,,,bc810cbe
sdft_frozen_lora_7b_tooluse_s1_seed42,sdft,lora,frozen,7b,tooluse,1,42,forgetting,,,lmeval:mmlu_college_medicine,0.6763005780346821,,,,bc810cbe
sdft_frozen_lora_7b_tooluse_s1_seed42,sdft,lora,frozen,7b,tooluse,1,42,forgetting,,,lmeval:mmlu_global_facts,0.45,,,,bc810cbe
sdft_frozen_lora_7b_tooluse_s1_seed42,sdft,lora,frozen,7b,tooluse,1,42,forgetting,,,lmeval:mmlu_human_aging,0.7668161434977578,,,,bc810cbe
sdft_frozen_lora_7b_tooluse_s1_seed42,sdft,lora,frozen,7b,tooluse,1,42,forgetting,,,lmeval:mmlu_management,0.883495145631068,,,,bc810cbe
sdft_frozen_lora_7b_tooluse_s1_seed42,sdft,lora,frozen,7b,tooluse,1,42,forgetting,,,lmeval:mmlu_marketing,0.9230769230769231,,,,bc810cbe
sdft_frozen_lora_7b_tooluse_s1_seed42,sdft,lora,frozen,7b,tooluse,1,42,forgetting,,,lmeval:mmlu_medical_genetics,0.82,,,,bc810cbe
sdft_frozen_lora_7b_tooluse_s1_seed42,sdft,lora,frozen,7b,tooluse,1,42,forgetting,,,lmeval:mmlu_miscellaneous,0.8569604086845466,,,,bc810cbe
sdft_frozen_lora_7b_tooluse_s1_seed42,sdft,lora,frozen,7b,tooluse,1,42,forgetting,,,lmeval:mmlu_nutrition,0.7843137254901961,,,,bc810cbe
sdft_frozen_lora_7b_tooluse_s1_seed42,sdft,lora,frozen,7b,tooluse,1,42,forgetting,,,lmeval:mmlu_professional_accounting,0.5460992907801419,,,,bc810cbe
sdft_frozen_lora_7b_tooluse_s1_seed42,sdft,lora,frozen,7b,tooluse,1,42,forgetting,,,lmeval:mmlu_professional_medicine,0.7830882352941176,,,,bc810cbe
sdft_frozen_lora_7b_tooluse_s1_seed42,sdft,lora,frozen,7b,tooluse,1,42,forgetting,,,lmeval:mmlu_virology,0.5301204819277109,,,,bc810cbe
sdft_frozen_lora_7b_tooluse_s1_seed42,sdft,lora,frozen,7b,tooluse,1,42,forgetting,,,lmeval:mmlu_social_sciences,0.8274293142671433,,,,bc810cbe
sdft_frozen_lora_7b_tooluse_s1_seed42,sdft,lora,frozen,7b,tooluse,1,42,forgetting,,,lmeval:mmlu_econometrics,0.6754385964912281,,,,bc810cbe
sdft_frozen_lora_7b_tooluse_s1_seed42,sdft,lora,frozen,7b,tooluse,1,42,forgetting,,,lmeval:mmlu_high_school_geography,0.8787878787878788,,,,bc810cbe
sdft_frozen_lora_7b_tooluse_s1_seed42,sdft,lora,frozen,7b,tooluse,1,42,forgetting,,,lmeval:mmlu_high_school_government_and_politics,0.9378238341968912,,,,bc810cbe
sdft_frozen_lora_7b_tooluse_s1_seed42,sdft,lora,frozen,7b,tooluse,1,42,forgetting,,,lmeval:mmlu_high_school_macroeconomics,0.7948717948717948,,,,bc810cbe
sdft_frozen_lora_7b_tooluse_s1_seed42,sdft,lora,frozen,7b,tooluse,1,42,forgetting,,,lmeval:mmlu_high_school_microeconomics,0.8697478991596639,,,,bc810cbe
sdft_frozen_lora_7b_tooluse_s1_seed42,sdft,lora,frozen,7b,tooluse,1,42,forgetting,,,lmeval:mmlu_high_school_psychology,0.9045871559633027,,,,bc810cbe
sdft_frozen_lora_7b_tooluse_s1_seed42,sdft,lora,frozen,7b,tooluse,1,42,forgetting,,,lmeval:mmlu_human_sexuality,0.8091603053435115,,,,bc810cbe
sdft_frozen_lora_7b_tooluse_s1_seed42,sdft,lora,frozen,7b,tooluse,1,42,forgetting,,,lmeval:mmlu_professional_psychology,0.7630718954248366,,,,bc810cbe
sdft_frozen_lora_7b_tooluse_s1_seed42,sdft,lora,frozen,7b,tooluse,1,42,forgetting,,,lmeval:mmlu_public_relations,0.7090909090909091,,,,bc810cbe
sdft_frozen_lora_7b_tooluse_s1_seed42,sdft,lora,frozen,7b,tooluse,1,42,forgetting,,,lmeval:mmlu_security_studies,0.7714285714285715,,,,bc810cbe
sdft_frozen_lora_7b_tooluse_s1_seed42,sdft,lora,frozen,7b,tooluse,1,42,forgetting,,,lmeval:mmlu_sociology,0.8855721393034826,,,,bc810cbe
sdft_frozen_lora_7b_tooluse_s1_seed42,sdft,lora,frozen,7b,tooluse,1,42,forgetting,,,lmeval:mmlu_us_foreign_policy,0.86,,,,bc810cbe
sdft_frozen_lora_7b_tooluse_s1_seed42,sdft,lora,frozen,7b,tooluse,1,42,forgetting,,,lmeval:mmlu_stem,0.6841103710751665,,,,bc810cbe
sdft_frozen_lora_7b_tooluse_s1_seed42,sdft,lora,frozen,7b,tooluse,1,42,forgetting,,,lmeval:mmlu_abstract_algebra,0.59,,,,bc810cbe
sdft_frozen_lora_7b_tooluse_s1_seed42,sdft,lora,frozen,7b,tooluse,1,42,forgetting,,,lmeval:mmlu_anatomy,0.7333333333333333,,,,bc810cbe
sdft_frozen_lora_7b_tooluse_s1_seed42,sdft,lora,frozen,7b,tooluse,1,42,forgetting,,,lmeval:mmlu_astronomy,0.8552631578947368,,,,bc810cbe
sdft_frozen_lora_7b_tooluse_s1_seed42,sdft,lora,frozen,7b,tooluse,1,42,forgetting,,,lmeval:mmlu_college_biology,0.8680555555555556,,,,bc810cbe
sdft_frozen_lora_7b_tooluse_s1_seed42,sdft,lora,frozen,7b,tooluse,1,42,forgetting,,,lmeval:mmlu_college_chemistry,0.54,,,,bc810cbe
sdft_frozen_lora_7b_tooluse_s1_seed42,sdft,lora,frozen,7b,tooluse,1,42,forgetting,,,lmeval:mmlu_college_computer_science,0.67,,,,bc810cbe
sdft_frozen_lora_7b_tooluse_s1_seed42,sdft,lora,frozen,7b,tooluse,1,42,forgetting,,,lmeval:mmlu_college_mathematics,0.42,,,,bc810cbe
sdft_frozen_lora_7b_tooluse_s1_seed42,sdft,lora,frozen,7b,tooluse,1,42,forgetting,,,lmeval:mmlu_college_physics,0.5196078431372549,,,,bc810cbe
sdft_frozen_lora_7b_tooluse_s1_seed42,sdft,lora,frozen,7b,tooluse,1,42,forgetting,,,lmeval:mmlu_computer_security,0.78,,,,bc810cbe
sdft_frozen_lora_7b_tooluse_s1_seed42,sdft,lora,frozen,7b,tooluse,1,42,forgetting,,,lmeval:mmlu_conceptual_physics,0.7617021276595745,,,,bc810cbe
sdft_frozen_lora_7b_tooluse_s1_seed42,sdft,lora,frozen,7b,tooluse,1,42,forgetting,,,lmeval:mmlu_electrical_engineering,0.696551724137931,,,,bc810cbe
sdft_frozen_lora_7b_tooluse_s1_seed42,sdft,lora,frozen,7b,tooluse,1,42,forgetting,,,lmeval:mmlu_elementary_mathematics,0.6640211640211641,,,,bc810cbe
sdft_frozen_lora_7b_tooluse_s1_seed42,sdft,lora,frozen,7b,tooluse,1,42,forgetting,,,lmeval:mmlu_high_school_biology,0.864516129032258,,,,bc810cbe
sdft_frozen_lora_7b_tooluse_s1_seed42,sdft,lora,frozen,7b,tooluse,1,42,forgetting,,,lmeval:mmlu_high_school_chemistry,0.6354679802955665,,,,bc810cbe
sdft_frozen_lora_7b_tooluse_s1_seed42,sdft,lora,frozen,7b,tooluse,1,42,forgetting,,,lmeval:mmlu_high_school_computer_science,0.82,,,,bc810cbe
sdft_frozen_lora_7b_tooluse_s1_seed42,sdft,lora,frozen,7b,tooluse,1,42,forgetting,,,lmeval:mmlu_high_school_mathematics,0.5370370370370371,,,,bc810cbe
sdft_frozen_lora_7b_tooluse_s1_seed42,sdft,lora,frozen,7b,tooluse,1,42,forgetting,,,lmeval:mmlu_high_school_physics,0.5761589403973509,,,,bc810cbe
sdft_frozen_lora_7b_tooluse_s1_seed42,sdft,lora,frozen,7b,tooluse,1,42,forgetting,,,lmeval:mmlu_high_school_statistics,0.6805555555555556,,,,bc810cbe
sdft_frozen_lora_7b_tooluse_s1_seed42,sdft,lora,frozen,7b,tooluse,1,42,forgetting,,,lmeval:mmlu_machine_learning,0.5446428571428571,,,,bc810cbe
sdft_frozen_lora_7b_tooluse_s1_seed42,sdft,lora,frozen,7b,tooluse,1,42,forgetting,,,lmeval:truthfulqa_mc2,0.6382333040928518,,,,bc810cbe
sdft_frozen_lora_7b_tooluse_s1_seed42,sdft,lora,frozen,7b,tooluse,1,42,forgetting,,,lmeval:winogrande,0.7174427782162589,,,,bc810cbe
sft_lora_7b_tooluse_s1,sft,lora,none,7b,tooluse,1,42,forgetting_base,,,lmeval:hellaswag,0.8053176658036247,,,,fac3fbd8
sft_lora_7b_tooluse_s1,sft,lora,none,7b,tooluse,1,42,forgetting_base,,,lmeval:humaneval,0.6402439024390244,,,,fac3fbd8
sft_lora_7b_tooluse_s1,sft,lora,none,7b,tooluse,1,42,forgetting_base,,,lmeval:ifeval,0.5619223659889094,,,,fac3fbd8
sft_lora_7b_tooluse_s1,sft,lora,none,7b,tooluse,1,42,forgetting_base,,,lmeval:mmlu,0.7173479561316052,,,,fac3fbd8
sft_lora_7b_tooluse_s1,sft,lora,none,7b,tooluse,1,42,forgetting_base,,,lmeval:mmlu_humanities,0.636769394261424,,,,fac3fbd8
sft_lora_7b_tooluse_s1,sft,lora,none,7b,tooluse,1,42,forgetting_base,,,lmeval:mmlu_formal_logic,0.5634920634920635,,,,fac3fbd8
sft_lora_7b_tooluse_s1,sft,lora,none,7b,tooluse,1,42,forgetting_base,,,lmeval:mmlu_high_school_european_history,0.8484848484848485,,,,fac3fbd8
sft_lora_7b_tooluse_s1,sft,lora,none,7b,tooluse,1,42,forgetting_base,,,lmeval:mmlu_high_school_us_history,0.9019607843137255,,,,fac3fbd8
sft_lora_7b_tooluse_s1,sft,lora,none,7b,tooluse,1,42,forgetting_base,,,lmeval:mmlu_high_school_world_history,0.8776371308016878,,,,fac3fbd8
sft_lora_7b_tooluse_s1,sft,lora,none,7b,tooluse,1,42,forgetting_base,,,lmeval:mmlu_international_law,0.8099173553719008,,,,fac3fbd8
sft_lora_7b_tooluse_s1,sft,lora,none,7b,tooluse,1,42,forgetting_base,,,lmeval:mmlu_jurisprudence,0.7870370370370371,,,,fac3fbd8
sft_lora_7b_tooluse_s1,sft,lora,none,7b,tooluse,1,42,forgetting_base,,,lmeval:mmlu_logical_fallacies,0.8220858895705522,,,,fac3fbd8
sft_lora_7b_tooluse_s1,sft,lora,none,7b,tooluse,1,42,forgetting_base,,,lmeval:mmlu_moral_disputes,0.7658959537572254,,,,fac3fbd8
sft_lora_7b_tooluse_s1,sft,lora,none,7b,tooluse,1,42,forgetting_base,,,lmeval:mmlu_moral_scenarios,0.4212290502793296,,,,fac3fbd8
sft_lora_7b_tooluse_s1,sft,lora,none,7b,tooluse,1,42,forgetting_base,,,lmeval:mmlu_philosophy,0.7395498392282959,,,,fac3fbd8
sft_lora_7b_tooluse_s1,sft,lora,none,7b,tooluse,1,42,forgetting_base,,,lmeval:mmlu_prehistory,0.8179012345679012,,,,fac3fbd8
sft_lora_7b_tooluse_s1,sft,lora,none,7b,tooluse,1,42,forgetting_base,,,lmeval:mmlu_professional_law,0.5189048239895697,,,,fac3fbd8
sft_lora_7b_tooluse_s1,sft,lora,none,7b,tooluse,1,42,forgetting_base,,,lmeval:mmlu_world_religions,0.8362573099415205,,,,fac3fbd8
sft_lora_7b_tooluse_s1,sft,lora,none,7b,tooluse,1,42,forgetting_base,,,lmeval:mmlu_other,0.7650466688123592,,,,fac3fbd8
sft_lora_7b_tooluse_s1,sft,lora,none,7b,tooluse,1,42,forgetting_base,,,lmeval:mmlu_business_ethics,0.78,,,,fac3fbd8
sft_lora_7b_tooluse_s1,sft,lora,none,7b,tooluse,1,42,forgetting_base,,,lmeval:mmlu_clinical_knowledge,0.7773584905660378,,,,fac3fbd8
sft_lora_7b_tooluse_s1,sft,lora,none,7b,tooluse,1,42,forgetting_base,,,lmeval:mmlu_college_medicine,0.6705202312138728,,,,fac3fbd8
sft_lora_7b_tooluse_s1,sft,lora,none,7b,tooluse,1,42,forgetting_base,,,lmeval:mmlu_global_facts,0.46,,,,fac3fbd8
sft_lora_7b_tooluse_s1,sft,lora,none,7b,tooluse,1,42,forgetting_base,,,lmeval:mmlu_human_aging,0.7802690582959642,,,,fac3fbd8
sft_lora_7b_tooluse_s1,sft,lora,none,7b,tooluse,1,42,forgetting_base,,,lmeval:mmlu_management,0.883495145631068,,,,fac3fbd8
sft_lora_7b_tooluse_s1,sft,lora,none,7b,tooluse,1,42,forgetting_base,,,lmeval:mmlu_marketing,0.9230769230769231,,,,fac3fbd8
sft_lora_7b_tooluse_s1,sft,lora,none,7b,tooluse,1,42,forgetting_base,,,lmeval:mmlu_medical_genetics,0.84,,,,fac3fbd8
sft_lora_7b_tooluse_s1,sft,lora,none,7b,tooluse,1,42,forgetting_base,,,lmeval:mmlu_miscellaneous,0.8531289910600255,,,,fac3fbd8
sft_lora_7b_tooluse_s1,sft,lora,none,7b,tooluse,1,42,forgetting_base,,,lmeval:mmlu_nutrition,0.7875816993464052,,,,fac3fbd8
sft_lora_7b_tooluse_s1,sft,lora,none,7b,tooluse,1,42,forgetting_base,,,lmeval:mmlu_professional_accounting,0.5567375886524822,,,,fac3fbd8
sft_lora_7b_tooluse_s1,sft,lora,none,7b,tooluse,1,42,forgetting_base,,,lmeval:mmlu_professional_medicine,0.7830882352941176,,,,fac3fbd8
sft_lora_7b_tooluse_s1,sft,lora,none,7b,tooluse,1,42,forgetting_base,,,lmeval:mmlu_virology,0.5240963855421686,,,,fac3fbd8
sft_lora_7b_tooluse_s1,sft,lora,none,7b,tooluse,1,42,forgetting_base,,,lmeval:mmlu_social_sciences,0.8271043223919402,,,,fac3fbd8
sft_lora_7b_tooluse_s1,sft,lora,none,7b,tooluse,1,42,forgetting_base,,,lmeval:mmlu_econometrics,0.6666666666666666,,,,fac3fbd8
sft_lora_7b_tooluse_s1,sft,lora,none,7b,tooluse,1,42,forgetting_base,,,lmeval:mmlu_high_school_geography,0.8737373737373737,,,,fac3fbd8
sft_lora_7b_tooluse_s1,sft,lora,none,7b,tooluse,1,42,forgetting_base,,,lmeval:mmlu_high_school_government_and_politics,0.9430051813471503,,,,fac3fbd8
sft_lora_7b_tooluse_s1,sft,lora,none,7b,tooluse,1,42,forgetting_base,,,lmeval:mmlu_high_school_macroeconomics,0.7897435897435897,,,,fac3fbd8
sft_lora_7b_tooluse_s1,sft,lora,none,7b,tooluse,1,42,forgetting_base,,,lmeval:mmlu_high_school_microeconomics,0.865546218487395,,,,fac3fbd8
sft_lora_7b_tooluse_s1,sft,lora,none,7b,tooluse,1,42,forgetting_base,,,lmeval:mmlu_high_school_psychology,0.9064220183486239,,,,fac3fbd8
sft_lora_7b_tooluse_s1,sft,lora,none,7b,tooluse,1,42,forgetting_base,,,lmeval:mmlu_human_sexuality,0.8091603053435115,,,,fac3fbd8
sft_lora_7b_tooluse_s1,sft,lora,none,7b,tooluse,1,42,forgetting_base,,,lmeval:mmlu_professional_psychology,0.7598039215686274,,,,fac3fbd8
sft_lora_7b_tooluse_s1,sft,lora,none,7b,tooluse,1,42,forgetting_base,,,lmeval:mmlu_public_relations,0.7181818181818181,,,,fac3fbd8
sft_lora_7b_tooluse_s1,sft,lora,none,7b,tooluse,1,42,forgetting_base,,,lmeval:mmlu_security_studies,0.7755102040816326,,,,fac3fbd8
sft_lora_7b_tooluse_s1,sft,lora,none,7b,tooluse,1,42,forgetting_base,,,lmeval:mmlu_sociology,0.8955223880597015,,,,fac3fbd8
sft_lora_7b_tooluse_s1,sft,lora,none,7b,tooluse,1,42,forgetting_base,,,lmeval:mmlu_us_foreign_policy,0.86,,,,fac3fbd8
sft_lora_7b_tooluse_s1,sft,lora,none,7b,tooluse,1,42,forgetting_base,,,lmeval:mmlu_stem,0.6834760545512211,,,,fac3fbd8
sft_lora_7b_tooluse_s1,sft,lora,none,7b,tooluse,1,42,forgetting_base,,,lmeval:mmlu_abstract_algebra,0.58,,,,fac3fbd8
sft_lora_7b_tooluse_s1,sft,lora,none,7b,tooluse,1,42,forgetting_base,,,lmeval:mmlu_anatomy,0.7407407407407407,,,,fac3fbd8
sft_lora_7b_tooluse_s1,sft,lora,none,7b,tooluse,1,42,forgetting_base,,,lmeval:mmlu_astronomy,0.8618421052631579,,,,fac3fbd8
sft_lora_7b_tooluse_s1,sft,lora,none,7b,tooluse,1,42,forgetting_base,,,lmeval:mmlu_college_biology,0.8680555555555556,,,,fac3fbd8
sft_lora_7b_tooluse_s1,sft,lora,none,7b,tooluse,1,42,forgetting_base,,,lmeval:mmlu_college_chemistry,0.53,,,,fac3fbd8
sft_lora_7b_tooluse_s1,sft,lora,none,7b,tooluse,1,42,forgetting_base,,,lmeval:mmlu_college_computer_science,0.66,,,,fac3fbd8
sft_lora_7b_tooluse_s1,sft,lora,none,7b,tooluse,1,42,forgetting_base,,,lmeval:mmlu_college_mathematics,0.41,,,,fac3fbd8
sft_lora_7b_tooluse_s1,sft,lora,none,7b,tooluse,1,42,forgetting_base,,,lmeval:mmlu_college_physics,0.5098039215686274,,,,fac3fbd8
sft_lora_7b_tooluse_s1,sft,lora,none,7b,tooluse,1,42,forgetting_base,,,lmeval:mmlu_computer_security,0.78,,,,fac3fbd8
sft_lora_7b_tooluse_s1,sft,lora,none,7b,tooluse,1,42,forgetting_base,,,lmeval:mmlu_conceptual_physics,0.7659574468085106,,,,fac3fbd8
sft_lora_7b_tooluse_s1,sft,lora,none,7b,tooluse,1,42,forgetting_base,,,lmeval:mmlu_electrical_engineering,0.7103448275862069,,,,fac3fbd8
sft_lora_7b_tooluse_s1,sft,lora,none,7b,tooluse,1,42,forgetting_base,,,lmeval:mmlu_elementary_mathematics,0.6666666666666666,,,,fac3fbd8
sft_lora_7b_tooluse_s1,sft,lora,none,7b,tooluse,1,42,forgetting_base,,,lmeval:mmlu_high_school_biology,0.867741935483871,,,,fac3fbd8
sft_lora_7b_tooluse_s1,sft,lora,none,7b,tooluse,1,42,forgetting_base,,,lmeval:mmlu_high_school_chemistry,0.6403940886699507,,,,fac3fbd8
sft_lora_7b_tooluse_s1,sft,lora,none,7b,tooluse,1,42,forgetting_base,,,lmeval:mmlu_high_school_computer_science,0.81,,,,fac3fbd8
sft_lora_7b_tooluse_s1,sft,lora,none,7b,tooluse,1,42,forgetting_base,,,lmeval:mmlu_high_school_mathematics,0.5407407407407407,,,,fac3fbd8
sft_lora_7b_tooluse_s1,sft,lora,none,7b,tooluse,1,42,forgetting_base,,,lmeval:mmlu_high_school_physics,0.5761589403973509,,,,fac3fbd8
sft_lora_7b_tooluse_s1,sft,lora,none,7b,tooluse,1,42,forgetting_base,,,lmeval:mmlu_high_school_statistics,0.6712962962962963,,,,fac3fbd8
sft_lora_7b_tooluse_s1,sft,lora,none,7b,tooluse,1,42,forgetting_base,,,lmeval:mmlu_machine_learning,0.5178571428571429,,,,fac3fbd8
sft_lora_7b_tooluse_s1,sft,lora,none,7b,tooluse,1,42,forgetting_base,,,lmeval:truthfulqa_mc2,0.6469936773153737,,,,fac3fbd8
sft_lora_7b_tooluse_s1,sft,lora,none,7b,tooluse,1,42,forgetting_base,,,lmeval:winogrande,0.7087608524072613,,,,fac3fbd8
sft_lora_7b_tooluse_s1_acq50_seed1234,sft,lora,none,7b,tooluse,1,1234,forgetting,,,lmeval:hellaswag,0.7920732921728739,,,,bc810cbe
sft_lora_7b_tooluse_s1_acq50_seed1234,sft,lora,none,7b,tooluse,1,1234,forgetting,,,lmeval:humaneval,0.5182926829268293,,,,bc810cbe
sft_lora_7b_tooluse_s1_acq50_seed1234,sft,lora,none,7b,tooluse,1,1234,forgetting,,,lmeval:ifeval,0.45471349353049906,,,,bc810cbe
sft_lora_7b_tooluse_s1_acq50_seed1234,sft,lora,none,7b,tooluse,1,1234,forgetting,,,lmeval:mmlu,0.7149978635522005,,,,bc810cbe
sft_lora_7b_tooluse_s1_acq50_seed1234,sft,lora,none,7b,tooluse,1,1234,forgetting,,,lmeval:mmlu_humanities,0.6295430393198724,,,,bc810cbe
sft_lora_7b_tooluse_s1_acq50_seed1234,sft,lora,none,7b,tooluse,1,1234,forgetting,,,lmeval:mmlu_formal_logic,0.5793650793650794,,,,bc810cbe
sft_lora_7b_tooluse_s1_acq50_seed1234,sft,lora,none,7b,tooluse,1,1234,forgetting,,,lmeval:mmlu_high_school_european_history,0.8303030303030303,,,,bc810cbe
sft_lora_7b_tooluse_s1_acq50_seed1234,sft,lora,none,7b,tooluse,1,1234,forgetting,,,lmeval:mmlu_high_school_us_history,0.9019607843137255,,,,bc810cbe
sft_lora_7b_tooluse_s1_acq50_seed1234,sft,lora,none,7b,tooluse,1,1234,forgetting,,,lmeval:mmlu_high_school_world_history,0.8607594936708861,,,,bc810cbe
sft_lora_7b_tooluse_s1_acq50_seed1234,sft,lora,none,7b,tooluse,1,1234,forgetting,,,lmeval:mmlu_international_law,0.8181818181818182,,,,bc810cbe
sft_lora_7b_tooluse_s1_acq50_seed1234,sft,lora,none,7b,tooluse,1,1234,forgetting,,,lmeval:mmlu_jurisprudence,0.7777777777777778,,,,bc810cbe
sft_lora_7b_tooluse_s1_acq50_seed1234,sft,lora,none,7b,tooluse,1,1234,forgetting,,,lmeval:mmlu_logical_fallacies,0.8159509202453987,,,,bc810cbe
sft_lora_7b_tooluse_s1_acq50_seed1234,sft,lora,none,7b,tooluse,1,1234,forgetting,,,lmeval:mmlu_moral_disputes,0.7572254335260116,,,,bc810cbe
sft_lora_7b_tooluse_s1_acq50_seed1234,sft,lora,none,7b,tooluse,1,1234,forgetting,,,lmeval:mmlu_moral_scenarios,0.4044692737430168,,,,bc810cbe
sft_lora_7b_tooluse_s1_acq50_seed1234,sft,lora,none,7b,tooluse,1,1234,forgetting,,,lmeval:mmlu_philosophy,0.7331189710610932,,,,bc810cbe
sft_lora_7b_tooluse_s1_acq50_seed1234,sft,lora,none,7b,tooluse,1,1234,forgetting,,,lmeval:mmlu_prehistory,0.8209876543209876,,,,bc810cbe
sft_lora_7b_tooluse_s1_acq50_seed1234,sft,lora,none,7b,tooluse,1,1234,forgetting,,,lmeval:mmlu_professional_law,0.5123859191655802,,,,bc810cbe
sft_lora_7b_tooluse_s1_acq50_seed1234,sft,lora,none,7b,tooluse,1,1234,forgetting,,,lmeval:mmlu_world_religions,0.8421052631578947,,,,bc810cbe
sft_lora_7b_tooluse_s1_acq50_seed1234,sft,lora,none,7b,tooluse,1,1234,forgetting,,,lmeval:mmlu_other,0.7653685226906984,,,,bc810cbe
sft_lora_7b_tooluse_s1_acq50_seed1234,sft,lora,none,7b,tooluse,1,1234,forgetting,,,lmeval:mmlu_business_ethics,0.77,,,,bc810cbe
sft_lora_7b_tooluse_s1_acq50_seed1234,sft,lora,none,7b,tooluse,1,1234,forgetting,,,lmeval:mmlu_clinical_knowledge,0.7962264150943397,,,,bc810cbe
sft_lora_7b_tooluse_s1_acq50_seed1234,sft,lora,none,7b,tooluse,1,1234,forgetting,,,lmeval:mmlu_college_medicine,0.6820809248554913,,,,bc810cbe
sft_lora_7b_tooluse_s1_acq50_seed1234,sft,lora,none,7b,tooluse,1,1234,forgetting,,,lmeval:mmlu_global_facts,0.46,,,,bc810cbe
sft_lora_7b_tooluse_s1_acq50_seed1234,sft,lora,none,7b,tooluse,1,1234,forgetting,,,lmeval:mmlu_human_aging,0.7668161434977578,,,,bc810cbe
sft_lora_7b_tooluse_s1_acq50_seed1234,sft,lora,none,7b,tooluse,1,1234,forgetting,,,lmeval:mmlu_management,0.8640776699029126,,,,bc810cbe
sft_lora_7b_tooluse_s1_acq50_seed1234,sft,lora,none,7b,tooluse,1,1234,forgetting,,,lmeval:mmlu_marketing,0.9145299145299145,,,,bc810cbe
sft_lora_7b_tooluse_s1_acq50_seed1234,sft,lora,none,7b,tooluse,1,1234,forgetting,,,lmeval:mmlu_medical_genetics,0.84,,,,bc810cbe
sft_lora_7b_tooluse_s1_acq50_seed1234,sft,lora,none,7b,tooluse,1,1234,forgetting,,,lmeval:mmlu_miscellaneous,0.8582375478927203,,,,bc810cbe
sft_lora_7b_tooluse_s1_acq50_seed1234,sft,lora,none,7b,tooluse,1,1234,forgetting,,,lmeval:mmlu_nutrition,0.7973856209150327,,,,bc810cbe
sft_lora_7b_tooluse_s1_acq50_seed1234,sft,lora,none,7b,tooluse,1,1234,forgetting,,,lmeval:mmlu_professional_accounting,0.5460992907801419,,,,bc810cbe
sft_lora_7b_tooluse_s1_acq50_seed1234,sft,lora,none,7b,tooluse,1,1234,forgetting,,,lmeval:mmlu_professional_medicine,0.7794117647058824,,,,bc810cbe
sft_lora_7b_tooluse_s1_acq50_seed1234,sft,lora,none,7b,tooluse,1,1234,forgetting,,,lmeval:mmlu_virology,0.5180722891566265,,,,bc810cbe
sft_lora_7b_tooluse_s1_acq50_seed1234,sft,lora,none,7b,tooluse,1,1234,forgetting,,,lmeval:mmlu_social_sciences,0.8261293467663309,,,,bc810cbe
sft_lora_7b_tooluse_s1_acq50_seed1234,sft,lora,none,7b,tooluse,1,1234,forgetting,,,lmeval:mmlu_econometrics,0.631578947368421,,,,bc810cbe
sft_lora_7b_tooluse_s1_acq50_seed1234,sft,lora,none,7b,tooluse,1,1234,forgetting,,,lmeval:mmlu_high_school_geography,0.8787878787878788,,,,bc810cbe
sft_lora_7b_tooluse_s1_acq50_seed1234,sft,lora,none,7b,tooluse,1,1234,forgetting,,,lmeval:mmlu_high_school_government_and_politics,0.9378238341968912,,,,bc810cbe
sft_lora_7b_tooluse_s1_acq50_seed1234,sft,lora,none,7b,tooluse,1,1234,forgetting,,,lmeval:mmlu_high_school_macroeconomics,0.7948717948717948,,,,bc810cbe
sft_lora_7b_tooluse_s1_acq50_seed1234,sft,lora,none,7b,tooluse,1,1234,forgetting,,,lmeval:mmlu_high_school_microeconomics,0.8739495798319328,,,,bc810cbe
sft_lora_7b_tooluse_s1_acq50_seed1234,sft,lora,none,7b,tooluse,1,1234,forgetting,,,lmeval:mmlu_high_school_psychology,0.9045871559633027,,,,bc810cbe
sft_lora_7b_tooluse_s1_acq50_seed1234,sft,lora,none,7b,tooluse,1,1234,forgetting,,,lmeval:mmlu_human_sexuality,0.8015267175572519,,,,bc810cbe
sft_lora_7b_tooluse_s1_acq50_seed1234,sft,lora,none,7b,tooluse,1,1234,forgetting,,,lmeval:mmlu_professional_psychology,0.7630718954248366,,,,bc810cbe
sft_lora_7b_tooluse_s1_acq50_seed1234,sft,lora,none,7b,tooluse,1,1234,forgetting,,,lmeval:mmlu_public_relations,0.7272727272727273,,,,bc810cbe
sft_lora_7b_tooluse_s1_acq50_seed1234,sft,lora,none,7b,tooluse,1,1234,forgetting,,,lmeval:mmlu_security_studies,0.7510204081632653,,,,bc810cbe
sft_lora_7b_tooluse_s1_acq50_seed1234,sft,lora,none,7b,tooluse,1,1234,forgetting,,,lmeval:mmlu_sociology,0.9054726368159204,,,,bc810cbe
sft_lora_7b_tooluse_s1_acq50_seed1234,sft,lora,none,7b,tooluse,1,1234,forgetting,,,lmeval:mmlu_us_foreign_policy,0.86,,,,bc810cbe
sft_lora_7b_tooluse_s1_acq50_seed1234,sft,lora,none,7b,tooluse,1,1234,forgetting,,,lmeval:mmlu_stem,0.6844275293371392,,,,bc810cbe
sft_lora_7b_tooluse_s1_acq50_seed1234,sft,lora,none,7b,tooluse,1,1234,forgetting,,,lmeval:mmlu_abstract_algebra,0.54,,,,bc810cbe
sft_lora_7b_tooluse_s1_acq50_seed1234,sft,lora,none,7b,tooluse,1,1234,forgetting,,,lmeval:mmlu_anatomy,0.7333333333333333,,,,bc810cbe
sft_lora_7b_tooluse_s1_acq50_seed1234,sft,lora,none,7b,tooluse,1,1234,forgetting,,,lmeval:mmlu_astronomy,0.8552631578947368,,,,bc810cbe
sft_lora_7b_tooluse_s1_acq50_seed1234,sft,lora,none,7b,tooluse,1,1234,forgetting,,,lmeval:mmlu_college_biology,0.8541666666666666,,,,bc810cbe
sft_lora_7b_tooluse_s1_acq50_seed1234,sft,lora,none,7b,tooluse,1,1234,forgetting,,,lmeval:mmlu_college_chemistry,0.54,,,,bc810cbe
sft_lora_7b_tooluse_s1_acq50_seed1234,sft,lora,none,7b,tooluse,1,1234,forgetting,,,lmeval:mmlu_college_computer_science,0.69,,,,bc810cbe
sft_lora_7b_tooluse_s1_acq50_seed1234,sft,lora,none,7b,tooluse,1,1234,forgetting,,,lmeval:mmlu_college_mathematics,0.47,,,,bc810cbe
sft_lora_7b_tooluse_s1_acq50_seed1234,sft,lora,none,7b,tooluse,1,1234,forgetting,,,lmeval:mmlu_college_physics,0.5098039215686274,,,,bc810cbe
sft_lora_7b_tooluse_s1_acq50_seed1234,sft,lora,none,7b,tooluse,1,1234,forgetting,,,lmeval:mmlu_computer_security,0.77,,,,bc810cbe
sft_lora_7b_tooluse_s1_acq50_seed1234,sft,lora,none,7b,tooluse,1,1234,forgetting,,,lmeval:mmlu_conceptual_physics,0.7531914893617021,,,,bc810cbe
sft_lora_7b_tooluse_s1_acq50_seed1234,sft,lora,none,7b,tooluse,1,1234,forgetting,,,lmeval:mmlu_electrical_engineering,0.7103448275862069,,,,bc810cbe
sft_lora_7b_tooluse_s1_acq50_seed1234,sft,lora,none,7b,tooluse,1,1234,forgetting,,,lmeval:mmlu_elementary_mathematics,0.6481481481481481,,,,bc810cbe
sft_lora_7b_tooluse_s1_acq50_seed1234,sft,lora,none,7b,tooluse,1,1234,forgetting,,,lmeval:mmlu_high_school_biology,0.8741935483870967,,,,bc810cbe
sft_lora_7b_tooluse_s1_acq50_seed1234,sft,lora,none,7b,tooluse,1,1234,forgetting,,,lmeval:mmlu_high_school_chemistry,0.6502463054187192,,,,bc810cbe
sft_lora_7b_tooluse_s1_acq50_seed1234,sft,lora,none,7b,tooluse,1,1234,forgetting,,,lmeval:mmlu_high_school_computer_science,0.82,,,,bc810cbe
sft_lora_7b_tooluse_s1_acq50_seed1234,sft,lora,none,7b,tooluse,1,1234,forgetting,,,lmeval:mmlu_high_school_mathematics,0.562962962962963,,,,bc810cbe
sft_lora_7b_tooluse_s1_acq50_seed1234,sft,lora,none,7b,tooluse,1,1234,forgetting,,,lmeval:mmlu_high_school_physics,0.5894039735099338,,,,bc810cbe
sft_lora_7b_tooluse_s1_acq50_seed1234,sft,lora,none,7b,tooluse,1,1234,forgetting,,,lmeval:mmlu_high_school_statistics,0.6666666666666666,,,,bc810cbe
sft_lora_7b_tooluse_s1_acq50_seed1234,sft,lora,none,7b,tooluse,1,1234,forgetting,,,lmeval:mmlu_machine_learning,0.5178571428571429,,,,bc810cbe
sft_lora_7b_tooluse_s1_acq50_seed1234,sft,lora,none,7b,tooluse,1,1234,forgetting,,,lmeval:truthfulqa_mc2,0.5728409056442737,,,,bc810cbe
sft_lora_7b_tooluse_s1_acq50_seed1234,sft,lora,none,7b,tooluse,1,1234,forgetting,,,lmeval:winogrande,0.7182320441988951,,,,bc810cbe
sft_lora_7b_tooluse_s1_acq50_seed2024,sft,lora,none,7b,tooluse,1,2024,forgetting,,,lmeval:hellaswag,0.7945628360884286,,,,bc810cbe
sft_lora_7b_tooluse_s1_acq50_seed2024,sft,lora,none,7b,tooluse,1,2024,forgetting,,,lmeval:humaneval,0.5304878048780488,,,,bc810cbe
sft_lora_7b_tooluse_s1_acq50_seed2024,sft,lora,none,7b,tooluse,1,2024,forgetting,,,lmeval:ifeval,0.4787430683918669,,,,bc810cbe
sft_lora_7b_tooluse_s1_acq50_seed2024,sft,lora,none,7b,tooluse,1,2024,forgetting,,,lmeval:mmlu,0.7150690784788492,,,,bc810cbe
sft_lora_7b_tooluse_s1_acq50_seed2024,sft,lora,none,7b,tooluse,1,2024,forgetting,,,lmeval:mmlu_humanities,0.6303931987247609,,,,bc810cbe
sft_lora_7b_tooluse_s1_acq50_seed2024,sft,lora,none,7b,tooluse,1,2024,forgetting,,,lmeval:mmlu_formal_logic,0.5873015873015873,,,,bc810cbe
sft_lora_7b_tooluse_s1_acq50_seed2024,sft,lora,none,7b,tooluse,1,2024,forgetting,,,lmeval:mmlu_high_school_european_history,0.8363636363636363,,,,bc810cbe
sft_lora_7b_tooluse_s1_acq50_seed2024,sft,lora,none,7b,tooluse,1,2024,forgetting,,,lmeval:mmlu_high_school_us_history,0.8970588235294118,,,,bc810cbe
sft_lora_7b_tooluse_s1_acq50_seed2024,sft,lora,none,7b,tooluse,1,2024,forgetting,,,lmeval:mmlu_high_school_world_history,0.8565400843881856,,,,bc810cbe
sft_lora_7b_tooluse_s1_acq50_seed2024,sft,lora,none,7b,tooluse,1,2024,forgetting,,,lmeval:mmlu_international_law,0.8264462809917356,,,,bc810cbe
sft_lora_7b_tooluse_s1_acq50_seed2024,sft,lora,none,7b,tooluse,1,2024,forgetting,,,lmeval:mmlu_jurisprudence,0.7777777777777778,,,,bc810cbe
sft_lora_7b_tooluse_s1_acq50_seed2024,sft,lora,none,7b,tooluse,1,2024,forgetting,,,lmeval:mmlu_logical_fallacies,0.8220858895705522,,,,bc810cbe
sft_lora_7b_tooluse_s1_acq50_seed2024,sft,lora,none,7b,tooluse,1,2024,forgetting,,,lmeval:mmlu_moral_disputes,0.7630057803468208,,,,bc810cbe
sft_lora_7b_tooluse_s1_acq50_seed2024,sft,lora,none,7b,tooluse,1,2024,forgetting,,,lmeval:mmlu_moral_scenarios,0.40782122905027934,,,,bc810cbe
sft_lora_7b_tooluse_s1_acq50_seed2024,sft,lora,none,7b,tooluse,1,2024,forgetting,,,lmeval:mmlu_philosophy,0.7395498392282959,,,,bc810cbe
sft_lora_7b_tooluse_s1_acq50_seed2024,sft,lora,none,7b,tooluse,1,2024,forgetting,,,lmeval:mmlu_prehistory,0.8209876543209876,,,,bc810cbe
sft_lora_7b_tooluse_s1_acq50_seed2024,sft,lora,none,7b,tooluse,1,2024,forgetting,,,lmeval:mmlu_professional_law,0.5097783572359843,,,,bc810cbe
sft_lora_7b_tooluse_s1_acq50_seed2024,sft,lora,none,7b,tooluse,1,2024,forgetting,,,lmeval:mmlu_world_religions,0.8362573099415205,,,,bc810cbe
sft_lora_7b_tooluse_s1_acq50_seed2024,sft,lora,none,7b,tooluse,1,2024,forgetting,,,lmeval:mmlu_other,0.763437399420663,,,,bc810cbe
sft_lora_7b_tooluse_s1_acq50_seed2024,sft,lora,none,7b,tooluse,1,2024,forgetting,,,lmeval:mmlu_business_ethics,0.76,,,,bc810cbe
sft_lora_7b_tooluse_s1_acq50_seed2024,sft,lora,none,7b,tooluse,1,2024,forgetting,,,lmeval:mmlu_clinical_knowledge,0.7886792452830189,,,,bc810cbe
sft_lora_7b_tooluse_s1_acq50_seed2024,sft,lora,none,7b,tooluse,1,2024,forgetting,,,lmeval:mmlu_college_medicine,0.6763005780346821,,,,bc810cbe
sft_lora_7b_tooluse_s1_acq50_seed2024,sft,lora,none,7b,tooluse,1,2024,forgetting,,,lmeval:mmlu_global_facts,0.47,,,,bc810cbe
sft_lora_7b_tooluse_s1_acq50_seed2024,sft,lora,none,7b,tooluse,1,2024,forgetting,,,lmeval:mmlu_human_aging,0.7623318385650224,,,,bc810cbe
sft_lora_7b_tooluse_s1_acq50_seed2024,sft,lora,none,7b,tooluse,1,2024,forgetting,,,lmeval:mmlu_management,0.8737864077669902,,,,bc810cbe
sft_lora_7b_tooluse_s1_acq50_seed2024,sft,lora,none,7b,tooluse,1,2024,forgetting,,,lmeval:mmlu_marketing,0.9188034188034188,,,,bc810cbe
sft_lora_7b_tooluse_s1_acq50_seed2024,sft,lora,none,7b,tooluse,1,2024,forgetting,,,lmeval:mmlu_medical_genetics,0.84,,,,bc810cbe
sft_lora_7b_tooluse_s1_acq50_seed2024,sft,lora,none,7b,tooluse,1,2024,forgetting,,,lmeval:mmlu_miscellaneous,0.8544061302681992,,,,bc810cbe
sft_lora_7b_tooluse_s1_acq50_seed2024,sft,lora,none,7b,tooluse,1,2024,forgetting,,,lmeval:mmlu_nutrition,0.803921568627451,,,,bc810cbe
sft_lora_7b_tooluse_s1_acq50_seed2024,sft,lora,none,7b,tooluse,1,2024,forgetting,,,lmeval:mmlu_professional_accounting,0.5425531914893617,,,,bc810cbe
sft_lora_7b_tooluse_s1_acq50_seed2024,sft,lora,none,7b,tooluse,1,2024,forgetting,,,lmeval:mmlu_professional_medicine,0.7720588235294118,,,,bc810cbe
sft_lora_7b_tooluse_s1_acq50_seed2024,sft,lora,none,7b,tooluse,1,2024,forgetting,,,lmeval:mmlu_virology,0.5180722891566265,,,,bc810cbe
sft_lora_7b_tooluse_s1_acq50_seed2024,sft,lora,none,7b,tooluse,1,2024,forgetting,,,lmeval:mmlu_social_sciences,0.8251543711407214,,,,bc810cbe
sft_lora_7b_tooluse_s1_acq50_seed2024,sft,lora,none,7b,tooluse,1,2024,forgetting,,,lmeval:mmlu_econometrics,0.6403508771929824,,,,bc810cbe
sft_lora_7b_tooluse_s1_acq50_seed2024,sft,lora,none,7b,tooluse,1,2024,forgetting,,,lmeval:mmlu_high_school_geography,0.8787878787878788,,,,bc810cbe
sft_lora_7b_tooluse_s1_acq50_seed2024,sft,lora,none,7b,tooluse,1,2024,forgetting,,,lmeval:mmlu_high_school_government_and_politics,0.9378238341968912,,,,bc810cbe
sft_lora_7b_tooluse_s1_acq50_seed2024,sft,lora,none,7b,tooluse,1,2024,forgetting,,,lmeval:mmlu_high_school_macroeconomics,0.7871794871794872,,,,bc810cbe
sft_lora_7b_tooluse_s1_acq50_seed2024,sft,lora,none,7b,tooluse,1,2024,forgetting,,,lmeval:mmlu_high_school_microeconomics,0.8823529411764706,,,,bc810cbe
sft_lora_7b_tooluse_s1_acq50_seed2024,sft,lora,none,7b,tooluse,1,2024,forgetting,,,lmeval:mmlu_high_school_psychology,0.9064220183486239,,,,bc810cbe
sft_lora_7b_tooluse_s1_acq50_seed2024,sft,lora,none,7b,tooluse,1,2024,forgetting,,,lmeval:mmlu_human_sexuality,0.7938931297709924,,,,bc810cbe
sft_lora_7b_tooluse_s1_acq50_seed2024,sft,lora,none,7b,tooluse,1,2024,forgetting,,,lmeval:mmlu_professional_psychology,0.7598039215686274,,,,bc810cbe
sft_lora_7b_tooluse_s1_acq50_seed2024,sft,lora,none,7b,tooluse,1,2024,forgetting,,,lmeval:mmlu_public_relations,0.7363636363636363,,,,bc810cbe
sft_lora_7b_tooluse_s1_acq50_seed2024,sft,lora,none,7b,tooluse,1,2024,forgetting,,,lmeval:mmlu_security_studies,0.746938775510204,,,,bc810cbe
sft_lora_7b_tooluse_s1_acq50_seed2024,sft,lora,none,7b,tooluse,1,2024,forgetting,,,lmeval:mmlu_sociology,0.900497512437811,,,,bc810cbe
sft_lora_7b_tooluse_s1_acq50_seed2024,sft,lora,none,7b,tooluse,1,2024,forgetting,,,lmeval:mmlu_us_foreign_policy,0.86,,,,bc810cbe
sft_lora_7b_tooluse_s1_acq50_seed2024,sft,lora,none,7b,tooluse,1,2024,forgetting,,,lmeval:mmlu_stem,0.6863304789089756,,,,bc810cbe
sft_lora_7b_tooluse_s1_acq50_seed2024,sft,lora,none,7b,tooluse,1,2024,forgetting,,,lmeval:mmlu_abstract_algebra,0.56,,,,bc810cbe
sft_lora_7b_tooluse_s1_acq50_seed2024,sft,lora,none,7b,tooluse,1,2024,forgetting,,,lmeval:mmlu_anatomy,0.7407407407407407,,,,bc810cbe
sft_lora_7b_tooluse_s1_acq50_seed2024,sft,lora,none,7b,tooluse,1,2024,forgetting,,,lmeval:mmlu_astronomy,0.8618421052631579,,,,bc810cbe
sft_lora_7b_tooluse_s1_acq50_seed2024,sft,lora,none,7b,tooluse,1,2024,forgetting,,,lmeval:mmlu_college_biology,0.8541666666666666,,,,bc810cbe
sft_lora_7b_tooluse_s1_acq50_seed2024,sft,lora,none,7b,tooluse,1,2024,forgetting,,,lmeval:mmlu_college_chemistry,0.55,,,,bc810cbe
sft_lora_7b_tooluse_s1_acq50_seed2024,sft,lora,none,7b,tooluse,1,2024,forgetting,,,lmeval:mmlu_college_computer_science,0.69,,,,bc810cbe
sft_lora_7b_tooluse_s1_acq50_seed2024,sft,lora,none,7b,tooluse,1,2024,forgetting,,,lmeval:mmlu_college_mathematics,0.45,,,,bc810cbe
sft_lora_7b_tooluse_s1_acq50_seed2024,sft,lora,none,7b,tooluse,1,2024,forgetting,,,lmeval:mmlu_college_physics,0.5098039215686274,,,,bc810cbe
sft_lora_7b_tooluse_s1_acq50_seed2024,sft,lora,none,7b,tooluse,1,2024,forgetting,,,lmeval:mmlu_computer_security,0.76,,,,bc810cbe
sft_lora_7b_tooluse_s1_acq50_seed2024,sft,lora,none,7b,tooluse,1,2024,forgetting,,,lmeval:mmlu_conceptual_physics,0.7574468085106383,,,,bc810cbe
sft_lora_7b_tooluse_s1_acq50_seed2024,sft,lora,none,7b,tooluse,1,2024,forgetting,,,lmeval:mmlu_electrical_engineering,0.7103448275862069,,,,bc810cbe
sft_lora_7b_tooluse_s1_acq50_seed2024,sft,lora,none,7b,tooluse,1,2024,forgetting,,,lmeval:mmlu_elementary_mathematics,0.656084656084656,,,,bc810cbe
sft_lora_7b_tooluse_s1_acq50_seed2024,sft,lora,none,7b,tooluse,1,2024,forgetting,,,lmeval:mmlu_high_school_biology,0.8709677419354839,,,,bc810cbe
sft_lora_7b_tooluse_s1_acq50_seed2024,sft,lora,none,7b,tooluse,1,2024,forgetting,,,lmeval:mmlu_high_school_chemistry,0.6551724137931034,,,,bc810cbe
sft_lora_7b_tooluse_s1_acq50_seed2024,sft,lora,none,7b,tooluse,1,2024,forgetting,,,lmeval:mmlu_high_school_computer_science,0.82,,,,bc810cbe
sft_lora_7b_tooluse_s1_acq50_seed2024,sft,lora,none,7b,tooluse,1,2024,forgetting,,,lmeval:mmlu_high_school_mathematics,0.5481481481481482,,,,bc810cbe
sft_lora_7b_tooluse_s1_acq50_seed2024,sft,lora,none,7b,tooluse,1,2024,forgetting,,,lmeval:mmlu_high_school_physics,0.5827814569536424,,,,bc810cbe
sft_lora_7b_tooluse_s1_acq50_seed2024,sft,lora,none,7b,tooluse,1,2024,forgetting,,,lmeval:mmlu_high_school_statistics,0.6759259259259259,,,,bc810cbe
sft_lora_7b_tooluse_s1_acq50_seed2024,sft,lora,none,7b,tooluse,1,2024,forgetting,,,lmeval:mmlu_machine_learning,0.5446428571428571,,,,bc810cbe
sft_lora_7b_tooluse_s1_acq50_seed2024,sft,lora,none,7b,tooluse,1,2024,forgetting,,,lmeval:truthfulqa_mc2,0.5795277910670943,,,,bc810cbe
sft_lora_7b_tooluse_s1_acq50_seed2024,sft,lora,none,7b,tooluse,1,2024,forgetting,,,lmeval:winogrande,0.7166535122336227,,,,bc810cbe
sft_lora_7b_tooluse_s1_acq50_seed42,sft,lora,none,7b,tooluse,1,42,forgetting,,,lmeval:hellaswag,0.7930691097390958,,,,bc810cbe
sft_lora_7b_tooluse_s1_acq50_seed42,sft,lora,none,7b,tooluse,1,42,forgetting,,,lmeval:humaneval,0.5182926829268293,,,,bc810cbe
sft_lora_7b_tooluse_s1_acq50_seed42,sft,lora,none,7b,tooluse,1,42,forgetting,,,lmeval:ifeval,0.4713493530499076,,,,bc810cbe
sft_lora_7b_tooluse_s1_acq50_seed42,sft,lora,none,7b,tooluse,1,42,forgetting,,,lmeval:mmlu,0.714713003845606,,,,bc810cbe
sft_lora_7b_tooluse_s1_acq50_seed42,sft,lora,none,7b,tooluse,1,42,forgetting,,,lmeval:mmlu_humanities,0.6310308182784272,,,,bc810cbe
sft_lora_7b_tooluse_s1_acq50_seed42,sft,lora,none,7b,tooluse,1,42,forgetting,,,lmeval:mmlu_formal_logic,0.5793650793650794,,,,bc810cbe
sft_lora_7b_tooluse_s1_acq50_seed42,sft,lora,none,7b,tooluse,1,42,forgetting,,,lmeval:mmlu_high_school_european_history,0.8303030303030303,,,,bc810cbe
sft_lora_7b_tooluse_s1_acq50_seed42,sft,lora,none,7b,tooluse,1,42,forgetting,,,lmeval:mmlu_high_school_us_history,0.8970588235294118,,,,bc810cbe
sft_lora_7b_tooluse_s1_acq50_seed42,sft,lora,none,7b,tooluse,1,42,forgetting,,,lmeval:mmlu_high_school_world_history,0.8607594936708861,,,,bc810cbe
sft_lora_7b_tooluse_s1_acq50_seed42,sft,lora,none,7b,tooluse,1,42,forgetting,,,lmeval:mmlu_international_law,0.8264462809917356,,,,bc810cbe
sft_lora_7b_tooluse_s1_acq50_seed42,sft,lora,none,7b,tooluse,1,42,forgetting,,,lmeval:mmlu_jurisprudence,0.7870370370370371,,,,bc810cbe
sft_lora_7b_tooluse_s1_acq50_seed42,sft,lora,none,7b,tooluse,1,42,forgetting,,,lmeval:mmlu_logical_fallacies,0.8220858895705522,,,,bc810cbe
sft_lora_7b_tooluse_s1_acq50_seed42,sft,lora,none,7b,tooluse,1,42,forgetting,,,lmeval:mmlu_moral_disputes,0.7658959537572254,,,,bc810cbe
sft_lora_7b_tooluse_s1_acq50_seed42,sft,lora,none,7b,tooluse,1,42,forgetting,,,lmeval:mmlu_moral_scenarios,0.4044692737430168,,,,bc810cbe
sft_lora_7b_tooluse_s1_acq50_seed42,sft,lora,none,7b,tooluse,1,42,forgetting,,,lmeval:mmlu_philosophy,0.7395498392282959,,,,bc810cbe
sft_lora_7b_tooluse_s1_acq50_seed42,sft,lora,none,7b,tooluse,1,42,forgetting,,,lmeval:mmlu_prehistory,0.8209876543209876,,,,bc810cbe
sft_lora_7b_tooluse_s1_acq50_seed42,sft,lora,none,7b,tooluse,1,42,forgetting,,,lmeval:mmlu_professional_law,0.5130378096479792,,,,bc810cbe
sft_lora_7b_tooluse_s1_acq50_seed42,sft,lora,none,7b,tooluse,1,42,forgetting,,,lmeval:mmlu_world_religions,0.8362573099415205,,,,bc810cbe
sft_lora_7b_tooluse_s1_acq50_seed42,sft,lora,none,7b,tooluse,1,42,forgetting,,,lmeval:mmlu_other,0.7631155455423237,,,,bc810cbe
sft_lora_7b_tooluse_s1_acq50_seed42,sft,lora,none,7b,tooluse,1,42,forgetting,,,lmeval:mmlu_business_ethics,0.76,,,,bc810cbe
sft_lora_7b_tooluse_s1_acq50_seed42,sft,lora,none,7b,tooluse,1,42,forgetting,,,lmeval:mmlu_clinical_knowledge,0.7849056603773585,,,,bc810cbe
sft_lora_7b_tooluse_s1_acq50_seed42,sft,lora,none,7b,tooluse,1,42,forgetting,,,lmeval:mmlu_college_medicine,0.6763005780346821,,,,bc810cbe
sft_lora_7b_tooluse_s1_acq50_seed42,sft,lora,none,7b,tooluse,1,42,forgetting,,,lmeval:mmlu_global_facts,0.48,,,,bc810cbe
sft_lora_7b_tooluse_s1_acq50_seed42,sft,lora,none,7b,tooluse,1,42,forgetting,,,lmeval:mmlu_human_aging,0.7668161434977578,,,,bc810cbe
sft_lora_7b_tooluse_s1_acq50_seed42,sft,lora,none,7b,tooluse,1,42,forgetting,,,lmeval:mmlu_management,0.8737864077669902,,,,bc810cbe
sft_lora_7b_tooluse_s1_acq50_seed42,sft,lora,none,7b,tooluse,1,42,forgetting,,,lmeval:mmlu_marketing,0.9188034188034188,,,,bc810cbe
sft_lora_7b_tooluse_s1_acq50_seed42,sft,lora,none,7b,tooluse,1,42,forgetting,,,lmeval:mmlu_medical_genetics,0.85,,,,bc810cbe
sft_lora_7b_tooluse_s1_acq50_seed42,sft,lora,none,7b,tooluse,1,42,forgetting,,,lmeval:mmlu_miscellaneous,0.855683269476373,,,,bc810cbe
sft_lora_7b_tooluse_s1_acq50_seed42,sft,lora,none,7b,tooluse,1,42,forgetting,,,lmeval:mmlu_nutrition,0.8006535947712419,,,,bc810cbe
sft_lora_7b_tooluse_s1_acq50_seed42,sft,lora,none,7b,tooluse,1,42,forgetting,,,lmeval:mmlu_professional_accounting,0.5354609929078015,,,,bc810cbe
sft_lora_7b_tooluse_s1_acq50_seed42,sft,lora,none,7b,tooluse,1,42,forgetting,,,lmeval:mmlu_professional_medicine,0.7683823529411765,,,,bc810cbe
sft_lora_7b_tooluse_s1_acq50_seed42,sft,lora,none,7b,tooluse,1,42,forgetting,,,lmeval:mmlu_virology,0.5180722891566265,,,,bc810cbe
sft_lora_7b_tooluse_s1_acq50_seed42,sft,lora,none,7b,tooluse,1,42,forgetting,,,lmeval:mmlu_social_sciences,0.8267793305167371,,,,bc810cbe
sft_lora_7b_tooluse_s1_acq50_seed42,sft,lora,none,7b,tooluse,1,42,forgetting,,,lmeval:mmlu_econometrics,0.6403508771929824,,,,bc810cbe
sft_lora_7b_tooluse_s1_acq50_seed42,sft,lora,none,7b,tooluse,1,42,forgetting,,,lmeval:mmlu_high_school_geography,0.8787878787878788,,,,bc810cbe
sft_lora_7b_tooluse_s1_acq50_seed42,sft,lora,none,7b,tooluse,1,42,forgetting,,,lmeval:mmlu_high_school_government_and_politics,0.9326424870466321,,,,bc810cbe
sft_lora_7b_tooluse_s1_acq50_seed42,sft,lora,none,7b,tooluse,1,42,forgetting,,,lmeval:mmlu_high_school_macroeconomics,0.7948717948717948,,,,bc810cbe
sft_lora_7b_tooluse_s1_acq50_seed42,sft,lora,none,7b,tooluse,1,42,forgetting,,,lmeval:mmlu_high_school_microeconomics,0.8781512605042017,,,,bc810cbe
sft_lora_7b_tooluse_s1_acq50_seed42,sft,lora,none,7b,tooluse,1,42,forgetting,,,lmeval:mmlu_high_school_psychology,0.9064220183486239,,,,bc810cbe
sft_lora_7b_tooluse_s1_acq50_seed42,sft,lora,none,7b,tooluse,1,42,forgetting,,,lmeval:mmlu_human_sexuality,0.7938931297709924,,,,bc810cbe
sft_lora_7b_tooluse_s1_acq50_seed42,sft,lora,none,7b,tooluse,1,42,forgetting,,,lmeval:mmlu_professional_psychology,0.7647058823529411,,,,bc810cbe
sft_lora_7b_tooluse_s1_acq50_seed42,sft,lora,none,7b,tooluse,1,42,forgetting,,,lmeval:mmlu_public_relations,0.7272727272727273,,,,bc810cbe
sft_lora_7b_tooluse_s1_acq50_seed42,sft,lora,none,7b,tooluse,1,42,forgetting,,,lmeval:mmlu_security_studies,0.7551020408163265,,,,bc810cbe
sft_lora_7b_tooluse_s1_acq50_seed42,sft,lora,none,7b,tooluse,1,42,forgetting,,,lmeval:mmlu_sociology,0.900497512437811,,,,bc810cbe
sft_lora_7b_tooluse_s1_acq50_seed42,sft,lora,none,7b,tooluse,1,42,forgetting,,,lmeval:mmlu_us_foreign_policy,0.86,,,,bc810cbe
sft_lora_7b_tooluse_s1_acq50_seed42,sft,lora,none,7b,tooluse,1,42,forgetting,,,lmeval:mmlu_stem,0.6825245797653029,,,,bc810cbe
sft_lora_7b_tooluse_s1_acq50_seed42,sft,lora,none,7b,tooluse,1,42,forgetting,,,lmeval:mmlu_abstract_algebra,0.57,,,,bc810cbe
sft_lora_7b_tooluse_s1_acq50_seed42,sft,lora,none,7b,tooluse,1,42,forgetting,,,lmeval:mmlu_anatomy,0.7333333333333333,,,,bc810cbe
sft_lora_7b_tooluse_s1_acq50_seed42,sft,lora,none,7b,tooluse,1,42,forgetting,,,lmeval:mmlu_astronomy,0.8618421052631579,,,,bc810cbe
sft_lora_7b_tooluse_s1_acq50_seed42,sft,lora,none,7b,tooluse,1,42,forgetting,,,lmeval:mmlu_college_biology,0.8541666666666666,,,,bc810cbe
sft_lora_7b_tooluse_s1_acq50_seed42,sft,lora,none,7b,tooluse,1,42,forgetting,,,lmeval:mmlu_college_chemistry,0.53,,,,bc810cbe
sft_lora_7b_tooluse_s1_acq50_seed42,sft,lora,none,7b,tooluse,1,42,forgetting,,,lmeval:mmlu_college_computer_science,0.7,,,,bc810cbe
sft_lora_7b_tooluse_s1_acq50_seed42,sft,lora,none,7b,tooluse,1,42,forgetting,,,lmeval:mmlu_college_mathematics,0.44,,,,bc810cbe
sft_lora_7b_tooluse_s1_acq50_seed42,sft,lora,none,7b,tooluse,1,42,forgetting,,,lmeval:mmlu_college_physics,0.5098039215686274,,,,bc810cbe
sft_lora_7b_tooluse_s1_acq50_seed42,sft,lora,none,7b,tooluse,1,42,forgetting,,,lmeval:mmlu_computer_security,0.76,,,,bc810cbe
sft_lora_7b_tooluse_s1_acq50_seed42,sft,lora,none,7b,tooluse,1,42,forgetting,,,lmeval:mmlu_conceptual_physics,0.7617021276595745,,,,bc810cbe
sft_lora_7b_tooluse_s1_acq50_seed42,sft,lora,none,7b,tooluse,1,42,forgetting,,,lmeval:mmlu_electrical_engineering,0.696551724137931,,,,bc810cbe
sft_lora_7b_tooluse_s1_acq50_seed42,sft,lora,none,7b,tooluse,1,42,forgetting,,,lmeval:mmlu_elementary_mathematics,0.6481481481481481,,,,bc810cbe
sft_lora_7b_tooluse_s1_acq50_seed42,sft,lora,none,7b,tooluse,1,42,forgetting,,,lmeval:mmlu_high_school_biology,0.8709677419354839,,,,bc810cbe
sft_lora_7b_tooluse_s1_acq50_seed42,sft,lora,none,7b,tooluse,1,42,forgetting,,,lmeval:mmlu_high_school_chemistry,0.645320197044335,,,,bc810cbe
sft_lora_7b_tooluse_s1_acq50_seed42,sft,lora,none,7b,tooluse,1,42,forgetting,,,lmeval:mmlu_high_school_computer_science,0.82,,,,bc810cbe
sft_lora_7b_tooluse_s1_acq50_seed42,sft,lora,none,7b,tooluse,1,42,forgetting,,,lmeval:mmlu_high_school_mathematics,0.5592592592592592,,,,bc810cbe
sft_lora_7b_tooluse_s1_acq50_seed42,sft,lora,none,7b,tooluse,1,42,forgetting,,,lmeval:mmlu_high_school_physics,0.5827814569536424,,,,bc810cbe
sft_lora_7b_tooluse_s1_acq50_seed42,sft,lora,none,7b,tooluse,1,42,forgetting,,,lmeval:mmlu_high_school_statistics,0.6620370370370371,,,,bc810cbe
sft_lora_7b_tooluse_s1_acq50_seed42,sft,lora,none,7b,tooluse,1,42,forgetting,,,lmeval:mmlu_machine_learning,0.5089285714285714,,,,bc810cbe
sft_lora_7b_tooluse_s1_acq50_seed42,sft,lora,none,7b,tooluse,1,42,forgetting,,,lmeval:truthfulqa_mc2,0.5736959155177201,,,,bc810cbe
sft_lora_7b_tooluse_s1_acq50_seed42,sft,lora,none,7b,tooluse,1,42,forgetting,,,lmeval:winogrande,0.7174427782162589,,,,bc810cbe
sft_lora_7b_tooluse_s1_seed1234,sft,lora,none,7b,tooluse,1,1234,forgetting,,,lmeval:hellaswag,0.7913762198765186,,,,bc810cbe
sft_lora_7b_tooluse_s1_seed1234,sft,lora,none,7b,tooluse,1,1234,forgetting,,,lmeval:humaneval,0.5670731707317073,,,,bc810cbe
sft_lora_7b_tooluse_s1_seed1234,sft,lora,none,7b,tooluse,1,1234,forgetting,,,lmeval:ifeval,0.45286506469500926,,,,bc810cbe
sft_lora_7b_tooluse_s1_seed1234,sft,lora,none,7b,tooluse,1,1234,forgetting,,,lmeval:mmlu,0.715282723258795,,,,bc810cbe
sft_lora_7b_tooluse_s1_seed1234,sft,lora,none,7b,tooluse,1,1234,forgetting,,,lmeval:mmlu_humanities,0.6323060573857598,,,,bc810cbe
sft_lora_7b_tooluse_s1_seed1234,sft,lora,none,7b,tooluse,1,1234,forgetting,,,lmeval:mmlu_formal_logic,0.5952380952380952,,,,bc810cbe
sft_lora_7b_tooluse_s1_seed1234,sft,lora,none,7b,tooluse,1,1234,forgetting,,,lmeval:mmlu_high_school_european_history,0.8363636363636363,,,,bc810cbe
sft_lora_7b_tooluse_s1_seed1234,sft,lora,none,7b,tooluse,1,1234,forgetting,,,lmeval:mmlu_high_school_us_history,0.8725490196078431,,,,bc810cbe
sft_lora_7b_tooluse_s1_seed1234,sft,lora,none,7b,tooluse,1,1234,forgetting,,,lmeval:mmlu_high_school_world_history,0.8607594936708861,,,,bc810cbe
sft_lora_7b_tooluse_s1_seed1234,sft,lora,none,7b,tooluse,1,1234,forgetting,,,lmeval:mmlu_international_law,0.8181818181818182,,,,bc810cbe
sft_lora_7b_tooluse_s1_seed1234,sft,lora,none,7b,tooluse,1,1234,forgetting,,,lmeval:mmlu_jurisprudence,0.7777777777777778,,,,bc810cbe
sft_lora_7b_tooluse_s1_seed1234,sft,lora,none,7b,tooluse,1,1234,forgetting,,,lmeval:mmlu_logical_fallacies,0.8159509202453987,,,,bc810cbe
sft_lora_7b_tooluse_s1_seed1234,sft,lora,none,7b,tooluse,1,1234,forgetting,,,lmeval:mmlu_moral_disputes,0.7630057803468208,,,,bc810cbe
sft_lora_7b_tooluse_s1_seed1234,sft,lora,none,7b,tooluse,1,1234,forgetting,,,lmeval:mmlu_moral_scenarios,0.41564245810055866,,,,bc810cbe
sft_lora_7b_tooluse_s1_seed1234,sft,lora,none,7b,tooluse,1,1234,forgetting,,,lmeval:mmlu_philosophy,0.7427652733118971,,,,bc810cbe
sft_lora_7b_tooluse_s1_seed1234,sft,lora,none,7b,tooluse,1,1234,forgetting,,,lmeval:mmlu_prehistory,0.8179012345679012,,,,bc810cbe
sft_lora_7b_tooluse_s1_seed1234,sft,lora,none,7b,tooluse,1,1234,forgetting,,,lmeval:mmlu_professional_law,0.5143415906127771,,,,bc810cbe
sft_lora_7b_tooluse_s1_seed1234,sft,lora,none,7b,tooluse,1,1234,forgetting,,,lmeval:mmlu_world_religions,0.8362573099415205,,,,bc810cbe
sft_lora_7b_tooluse_s1_seed1234,sft,lora,none,7b,tooluse,1,1234,forgetting,,,lmeval:mmlu_other,0.7602188606372707,,,,bc810cbe
sft_lora_7b_tooluse_s1_seed1234,sft,lora,none,7b,tooluse,1,1234,forgetting,,,lmeval:mmlu_business_ethics,0.77,,,,bc810cbe
sft_lora_7b_tooluse_s1_seed1234,sft,lora,none,7b,tooluse,1,1234,forgetting,,,lmeval:mmlu_clinical_knowledge,0.7849056603773585,,,,bc810cbe
sft_lora_7b_tooluse_s1_seed1234,sft,lora,none,7b,tooluse,1,1234,forgetting,,,lmeval:mmlu_college_medicine,0.6763005780346821,,,,bc810cbe
sft_lora_7b_tooluse_s1_seed1234,sft,lora,none,7b,tooluse,1,1234,forgetting,,,lmeval:mmlu_global_facts,0.44,,,,bc810cbe
sft_lora_7b_tooluse_s1_seed1234,sft,lora,none,7b,tooluse,1,1234,forgetting,,,lmeval:mmlu_human_aging,0.7623318385650224,,,,bc810cbe
sft_lora_7b_tooluse_s1_seed1234,sft,lora,none,7b,tooluse,1,1234,forgetting,,,lmeval:mmlu_management,0.8737864077669902,,,,bc810cbe
sft_lora_7b_tooluse_s1_seed1234,sft,lora,none,7b,tooluse,1,1234,forgetting,,,lmeval:mmlu_marketing,0.9145299145299145,,,,bc810cbe
sft_lora_7b_tooluse_s1_seed1234,sft,lora,none,7b,tooluse,1,1234,forgetting,,,lmeval:mmlu_medical_genetics,0.84,,,,bc810cbe
sft_lora_7b_tooluse_s1_seed1234,sft,lora,none,7b,tooluse,1,1234,forgetting,,,lmeval:mmlu_miscellaneous,0.8518518518518519,,,,bc810cbe
sft_lora_7b_tooluse_s1_seed1234,sft,lora,none,7b,tooluse,1,1234,forgetting,,,lmeval:mmlu_nutrition,0.7973856209150327,,,,bc810cbe
sft_lora_7b_tooluse_s1_seed1234,sft,lora,none,7b,tooluse,1,1234,forgetting,,,lmeval:mmlu_professional_accounting,0.5354609929078015,,,,bc810cbe
sft_lora_7b_tooluse_s1_seed1234,sft,lora,none,7b,tooluse,1,1234,forgetting,,,lmeval:mmlu_professional_medicine,0.7720588235294118,,,,bc810cbe
sft_lora_7b_tooluse_s1_seed1234,sft,lora,none,7b,tooluse,1,1234,forgetting,,,lmeval:mmlu_virology,0.5180722891566265,,,,bc810cbe
sft_lora_7b_tooluse_s1_seed1234,sft,lora,none,7b,tooluse,1,1234,forgetting,,,lmeval:mmlu_social_sciences,0.8258043548911277,,,,bc810cbe
sft_lora_7b_tooluse_s1_seed1234,sft,lora,none,7b,tooluse,1,1234,forgetting,,,lmeval:mmlu_econometrics,0.6578947368421053,,,,bc810cbe
sft_lora_7b_tooluse_s1_seed1234,sft,lora,none,7b,tooluse,1,1234,forgetting,,,lmeval:mmlu_high_school_geography,0.8787878787878788,,,,bc810cbe
sft_lora_7b_tooluse_s1_seed1234,sft,lora,none,7b,tooluse,1,1234,forgetting,,,lmeval:mmlu_high_school_government_and_politics,0.9378238341968912,,,,bc810cbe
sft_lora_7b_tooluse_s1_seed1234,sft,lora,none,7b,tooluse,1,1234,forgetting,,,lmeval:mmlu_high_school_macroeconomics,0.7871794871794872,,,,bc810cbe
sft_lora_7b_tooluse_s1_seed1234,sft,lora,none,7b,tooluse,1,1234,forgetting,,,lmeval:mmlu_high_school_microeconomics,0.8781512605042017,,,,bc810cbe
sft_lora_7b_tooluse_s1_seed1234,sft,lora,none,7b,tooluse,1,1234,forgetting,,,lmeval:mmlu_high_school_psychology,0.8990825688073395,,,,bc810cbe
sft_lora_7b_tooluse_s1_seed1234,sft,lora,none,7b,tooluse,1,1234,forgetting,,,lmeval:mmlu_human_sexuality,0.8091603053435115,,,,bc810cbe
sft_lora_7b_tooluse_s1_seed1234,sft,lora,none,7b,tooluse,1,1234,forgetting,,,lmeval:mmlu_professional_psychology,0.7630718954248366,,,,bc810cbe
sft_lora_7b_tooluse_s1_seed1234,sft,lora,none,7b,tooluse,1,1234,forgetting,,,lmeval:mmlu_public_relations,0.7272727272727273,,,,bc810cbe
sft_lora_7b_tooluse_s1_seed1234,sft,lora,none,7b,tooluse,1,1234,forgetting,,,lmeval:mmlu_security_studies,0.763265306122449,,,,bc810cbe
sft_lora_7b_tooluse_s1_seed1234,sft,lora,none,7b,tooluse,1,1234,forgetting,,,lmeval:mmlu_sociology,0.8905472636815921,,,,bc810cbe
sft_lora_7b_tooluse_s1_seed1234,sft,lora,none,7b,tooluse,1,1234,forgetting,,,lmeval:mmlu_us_foreign_policy,0.86,,,,bc810cbe
sft_lora_7b_tooluse_s1_seed1234,sft,lora,none,7b,tooluse,1,1234,forgetting,,,lmeval:mmlu_stem,0.686964795432921,,,,bc810cbe
sft_lora_7b_tooluse_s1_seed1234,sft,lora,none,7b,tooluse,1,1234,forgetting,,,lmeval:mmlu_abstract_algebra,0.56,,,,bc810cbe
sft_lora_7b_tooluse_s1_seed1234,sft,lora,none,7b,tooluse,1,1234,forgetting,,,lmeval:mmlu_anatomy,0.7407407407407407,,,,bc810cbe
sft_lora_7b_tooluse_s1_seed1234,sft,lora,none,7b,tooluse,1,1234,forgetting,,,lmeval:mmlu_astronomy,0.8486842105263158,,,,bc810cbe
sft_lora_7b_tooluse_s1_seed1234,sft,lora,none,7b,tooluse,1,1234,forgetting,,,lmeval:mmlu_college_biology,0.875,,,,bc810cbe
sft_lora_7b_tooluse_s1_seed1234,sft,lora,none,7b,tooluse,1,1234,forgetting,,,lmeval:mmlu_college_chemistry,0.54,,,,bc810cbe
sft_lora_7b_tooluse_s1_seed1234,sft,lora,none,7b,tooluse,1,1234,forgetting,,,lmeval:mmlu_college_computer_science,0.68,,,,bc810cbe
sft_lora_7b_tooluse_s1_seed1234,sft,lora,none,7b,tooluse,1,1234,forgetting,,,lmeval:mmlu_college_mathematics,0.42,,,,bc810cbe
sft_lora_7b_tooluse_s1_seed1234,sft,lora,none,7b,tooluse,1,1234,forgetting,,,lmeval:mmlu_college_physics,0.5098039215686274,,,,bc810cbe
sft_lora_7b_tooluse_s1_seed1234,sft,lora,none,7b,tooluse,1,1234,forgetting,,,lmeval:mmlu_computer_security,0.79,,,,bc810cbe
sft_lora_7b_tooluse_s1_seed1234,sft,lora,none,7b,tooluse,1,1234,forgetting,,,lmeval:mmlu_conceptual_physics,0.7574468085106383,,,,bc810cbe
sft_lora_7b_tooluse_s1_seed1234,sft,lora,none,7b,tooluse,1,1234,forgetting,,,lmeval:mmlu_electrical_engineering,0.696551724137931,,,,bc810cbe
sft_lora_7b_tooluse_s1_seed1234,sft,lora,none,7b,tooluse,1,1234,forgetting,,,lmeval:mmlu_elementary_mathematics,0.656084656084656,,,,bc810cbe
sft_lora_7b_tooluse_s1_seed1234,sft,lora,none,7b,tooluse,1,1234,forgetting,,,lmeval:mmlu_high_school_biology,0.8774193548387097,,,,bc810cbe
sft_lora_7b_tooluse_s1_seed1234,sft,lora,none,7b,tooluse,1,1234,forgetting,,,lmeval:mmlu_high_school_chemistry,0.6600985221674877,,,,bc810cbe
sft_lora_7b_tooluse_s1_seed1234,sft,lora,none,7b,tooluse,1,1234,forgetting,,,lmeval:mmlu_high_school_computer_science,0.84,,,,bc810cbe
sft_lora_7b_tooluse_s1_seed1234,sft,lora,none,7b,tooluse,1,1234,forgetting,,,lmeval:mmlu_high_school_mathematics,0.5703703703703704,,,,bc810cbe
sft_lora_7b_tooluse_s1_seed1234,sft,lora,none,7b,tooluse,1,1234,forgetting,,,lmeval:mmlu_high_school_physics,0.5695364238410596,,,,bc810cbe
sft_lora_7b_tooluse_s1_seed1234,sft,lora,none,7b,tooluse,1,1234,forgetting,,,lmeval:mmlu_high_school_statistics,0.6759259259259259,,,,bc810cbe
sft_lora_7b_tooluse_s1_seed1234,sft,lora,none,7b,tooluse,1,1234,forgetting,,,lmeval:mmlu_machine_learning,0.5089285714285714,,,,bc810cbe
sft_lora_7b_tooluse_s1_seed1234,sft,lora,none,7b,tooluse,1,1234,forgetting,,,lmeval:truthfulqa_mc2,0.5695304181669533,,,,bc810cbe
sft_lora_7b_tooluse_s1_seed1234,sft,lora,none,7b,tooluse,1,1234,forgetting,,,lmeval:winogrande,0.7150749802683505,,,,bc810cbe
sft_lora_7b_tooluse_s1_seed2024,sft,lora,none,7b,tooluse,1,2024,forgetting,,,lmeval:hellaswag,0.7916749651463851,,,,bc810cbe
sft_lora_7b_tooluse_s1_seed2024,sft,lora,none,7b,tooluse,1,2024,forgetting,,,lmeval:humaneval,0.5853658536585366,,,,bc810cbe
sft_lora_7b_tooluse_s1_seed2024,sft,lora,none,7b,tooluse,1,2024,forgetting,,,lmeval:ifeval,0.4584103512014787,,,,bc810cbe
sft_lora_7b_tooluse_s1_seed2024,sft,lora,none,7b,tooluse,1,2024,forgetting,,,lmeval:mmlu,0.7149266486255519,,,,bc810cbe
sft_lora_7b_tooluse_s1_seed2024,sft,lora,none,7b,tooluse,1,2024,forgetting,,,lmeval:mmlu_humanities,0.6301806588735388,,,,bc810cbe
sft_lora_7b_tooluse_s1_seed2024,sft,lora,none,7b,tooluse,1,2024,forgetting,,,lmeval:mmlu_formal_logic,0.5714285714285714,,,,bc810cbe
sft_lora_7b_tooluse_s1_seed2024,sft,lora,none,7b,tooluse,1,2024,forgetting,,,lmeval:mmlu_high_school_european_history,0.8363636363636363,,,,bc810cbe
sft_lora_7b_tooluse_s1_seed2024,sft,lora,none,7b,tooluse,1,2024,forgetting,,,lmeval:mmlu_high_school_us_history,0.8823529411764706,,,,bc810cbe
sft_lora_7b_tooluse_s1_seed2024,sft,lora,none,7b,tooluse,1,2024,forgetting,,,lmeval:mmlu_high_school_world_history,0.8607594936708861,,,,bc810cbe
sft_lora_7b_tooluse_s1_seed2024,sft,lora,none,7b,tooluse,1,2024,forgetting,,,lmeval:mmlu_international_law,0.8181818181818182,,,,bc810cbe
sft_lora_7b_tooluse_s1_seed2024,sft,lora,none,7b,tooluse,1,2024,forgetting,,,lmeval:mmlu_jurisprudence,0.7870370370370371,,,,bc810cbe
sft_lora_7b_tooluse_s1_seed2024,sft,lora,none,7b,tooluse,1,2024,forgetting,,,lmeval:mmlu_logical_fallacies,0.8220858895705522,,,,bc810cbe
sft_lora_7b_tooluse_s1_seed2024,sft,lora,none,7b,tooluse,1,2024,forgetting,,,lmeval:mmlu_moral_disputes,0.7716763005780347,,,,bc810cbe
sft_lora_7b_tooluse_s1_seed2024,sft,lora,none,7b,tooluse,1,2024,forgetting,,,lmeval:mmlu_moral_scenarios,0.4122905027932961,,,,bc810cbe
sft_lora_7b_tooluse_s1_seed2024,sft,lora,none,7b,tooluse,1,2024,forgetting,,,lmeval:mmlu_philosophy,0.7363344051446945,,,,bc810cbe
sft_lora_7b_tooluse_s1_seed2024,sft,lora,none,7b,tooluse,1,2024,forgetting,,,lmeval:mmlu_prehistory,0.8179012345679012,,,,bc810cbe
sft_lora_7b_tooluse_s1_seed2024,sft,lora,none,7b,tooluse,1,2024,forgetting,,,lmeval:mmlu_professional_law,0.5078226857887875,,,,bc810cbe
sft_lora_7b_tooluse_s1_seed2024,sft,lora,none,7b,tooluse,1,2024,forgetting,,,lmeval:mmlu_world_religions,0.8421052631578947,,,,bc810cbe
sft_lora_7b_tooluse_s1_seed2024,sft,lora,none,7b,tooluse,1,2024,forgetting,,,lmeval:mmlu_other,0.7627936916639846,,,,bc810cbe
sft_lora_7b_tooluse_s1_seed2024,sft,lora,none,7b,tooluse,1,2024,forgetting,,,lmeval:mmlu_business_ethics,0.78,,,,bc810cbe
sft_lora_7b_tooluse_s1_seed2024,sft,lora,none,7b,tooluse,1,2024,forgetting,,,lmeval:mmlu_clinical_knowledge,0.7811320754716982,,,,bc810cbe
sft_lora_7b_tooluse_s1_seed2024,sft,lora,none,7b,tooluse,1,2024,forgetting,,,lmeval:mmlu_college_medicine,0.6820809248554913,,,,bc810cbe
sft_lora_7b_tooluse_s1_seed2024,sft,lora,none,7b,tooluse,1,2024,forgetting,,,lmeval:mmlu_global_facts,0.46,,,,bc810cbe
sft_lora_7b_tooluse_s1_seed2024,sft,lora,none,7b,tooluse,1,2024,forgetting,,,lmeval:mmlu_human_aging,0.757847533632287,,,,bc810cbe
sft_lora_7b_tooluse_s1_seed2024,sft,lora,none,7b,tooluse,1,2024,forgetting,,,lmeval:mmlu_management,0.883495145631068,,,,bc810cbe
sft_lora_7b_tooluse_s1_seed2024,sft,lora,none,7b,tooluse,1,2024,forgetting,,,lmeval:mmlu_marketing,0.9188034188034188,,,,bc810cbe
sft_lora_7b_tooluse_s1_seed2024,sft,lora,none,7b,tooluse,1,2024,forgetting,,,lmeval:mmlu_medical_genetics,0.84,,,,bc810cbe
sft_lora_7b_tooluse_s1_seed2024,sft,lora,none,7b,tooluse,1,2024,forgetting,,,lmeval:mmlu_miscellaneous,0.8531289910600255,,,,bc810cbe
sft_lora_7b_tooluse_s1_seed2024,sft,lora,none,7b,tooluse,1,2024,forgetting,,,lmeval:mmlu_nutrition,0.7973856209150327,,,,bc810cbe
sft_lora_7b_tooluse_s1_seed2024,sft,lora,none,7b,tooluse,1,2024,forgetting,,,lmeval:mmlu_professional_accounting,0.5425531914893617,,,,bc810cbe
sft_lora_7b_tooluse_s1_seed2024,sft,lora,none,7b,tooluse,1,2024,forgetting,,,lmeval:mmlu_professional_medicine,0.7720588235294118,,,,bc810cbe
sft_lora_7b_tooluse_s1_seed2024,sft,lora,none,7b,tooluse,1,2024,forgetting,,,lmeval:mmlu_virology,0.5240963855421686,,,,bc810cbe
sft_lora_7b_tooluse_s1_seed2024,sft,lora,none,7b,tooluse,1,2024,forgetting,,,lmeval:mmlu_social_sciences,0.8251543711407214,,,,bc810cbe
sft_lora_7b_tooluse_s1_seed2024,sft,lora,none,7b,tooluse,1,2024,forgetting,,,lmeval:mmlu_econometrics,0.6578947368421053,,,,bc810cbe
sft_lora_7b_tooluse_s1_seed2024,sft,lora,none,7b,tooluse,1,2024,forgetting,,,lmeval:mmlu_high_school_geography,0.8787878787878788,,,,bc810cbe
sft_lora_7b_tooluse_s1_seed2024,sft,lora,none,7b,tooluse,1,2024,forgetting,,,lmeval:mmlu_high_school_government_and_politics,0.9326424870466321,,,,bc810cbe
sft_lora_7b_tooluse_s1_seed2024,sft,lora,none,7b,tooluse,1,2024,forgetting,,,lmeval:mmlu_high_school_macroeconomics,0.7871794871794872,,,,bc810cbe
sft_lora_7b_tooluse_s1_seed2024,sft,lora,none,7b,tooluse,1,2024,forgetting,,,lmeval:mmlu_high_school_microeconomics,0.8739495798319328,,,,bc810cbe
sft_lora_7b_tooluse_s1_seed2024,sft,lora,none,7b,tooluse,1,2024,forgetting,,,lmeval:mmlu_high_school_psychology,0.9009174311926605,,,,bc810cbe
sft_lora_7b_tooluse_s1_seed2024,sft,lora,none,7b,tooluse,1,2024,forgetting,,,lmeval:mmlu_human_sexuality,0.8015267175572519,,,,bc810cbe
sft_lora_7b_tooluse_s1_seed2024,sft,lora,none,7b,tooluse,1,2024,forgetting,,,lmeval:mmlu_professional_psychology,0.7647058823529411,,,,bc810cbe
sft_lora_7b_tooluse_s1_seed2024,sft,lora,none,7b,tooluse,1,2024,forgetting,,,lmeval:mmlu_public_relations,0.7363636363636363,,,,bc810cbe
sft_lora_7b_tooluse_s1_seed2024,sft,lora,none,7b,tooluse,1,2024,forgetting,,,lmeval:mmlu_security_studies,0.7551020408163265,,,,bc810cbe
sft_lora_7b_tooluse_s1_seed2024,sft,lora,none,7b,tooluse,1,2024,forgetting,,,lmeval:mmlu_sociology,0.8905472636815921,,,,bc810cbe
sft_lora_7b_tooluse_s1_seed2024,sft,lora,none,7b,tooluse,1,2024,forgetting,,,lmeval:mmlu_us_foreign_policy,0.86,,,,bc810cbe
sft_lora_7b_tooluse_s1_seed2024,sft,lora,none,7b,tooluse,1,2024,forgetting,,,lmeval:mmlu_stem,0.6866476371709483,,,,bc810cbe
sft_lora_7b_tooluse_s1_seed2024,sft,lora,none,7b,tooluse,1,2024,forgetting,,,lmeval:mmlu_abstract_algebra,0.54,,,,bc810cbe
sft_lora_7b_tooluse_s1_seed2024,sft,lora,none,7b,tooluse,1,2024,forgetting,,,lmeval:mmlu_anatomy,0.7333333333333333,,,,bc810cbe
sft_lora_7b_tooluse_s1_seed2024,sft,lora,none,7b,tooluse,1,2024,forgetting,,,lmeval:mmlu_astronomy,0.8486842105263158,,,,bc810cbe
sft_lora_7b_tooluse_s1_seed2024,sft,lora,none,7b,tooluse,1,2024,forgetting,,,lmeval:mmlu_college_biology,0.8611111111111112,,,,bc810cbe
sft_lora_7b_tooluse_s1_seed2024,sft,lora,none,7b,tooluse,1,2024,forgetting,,,lmeval:mmlu_college_chemistry,0.56,,,,bc810cbe
sft_lora_7b_tooluse_s1_seed2024,sft,lora,none,7b,tooluse,1,2024,forgetting,,,lmeval:mmlu_college_computer_science,0.66,,,,bc810cbe
sft_lora_7b_tooluse_s1_seed2024,sft,lora,none,7b,tooluse,1,2024,forgetting,,,lmeval:mmlu_college_mathematics,0.45,,,,bc810cbe
sft_lora_7b_tooluse_s1_seed2024,sft,lora,none,7b,tooluse,1,2024,forgetting,,,lmeval:mmlu_college_physics,0.5098039215686274,,,,bc810cbe
sft_lora_7b_tooluse_s1_seed2024,sft,lora,none,7b,tooluse,1,2024,forgetting,,,lmeval:mmlu_computer_security,0.8,,,,bc810cbe
sft_lora_7b_tooluse_s1_seed2024,sft,lora,none,7b,tooluse,1,2024,forgetting,,,lmeval:mmlu_conceptual_physics,0.7531914893617021,,,,bc810cbe
sft_lora_7b_tooluse_s1_seed2024,sft,lora,none,7b,tooluse,1,2024,forgetting,,,lmeval:mmlu_electrical_engineering,0.7034482758620689,,,,bc810cbe
sft_lora_7b_tooluse_s1_seed2024,sft,lora,none,7b,tooluse,1,2024,forgetting,,,lmeval:mmlu_elementary_mathematics,0.6534391534391535,,,,bc810cbe
sft_lora_7b_tooluse_s1_seed2024,sft,lora,none,7b,tooluse,1,2024,forgetting,,,lmeval:mmlu_high_school_biology,0.8806451612903226,,,,bc810cbe
sft_lora_7b_tooluse_s1_seed2024,sft,lora,none,7b,tooluse,1,2024,forgetting,,,lmeval:mmlu_high_school_chemistry,0.6403940886699507,,,,bc810cbe
sft_lora_7b_tooluse_s1_seed2024,sft,lora,none,7b,tooluse,1,2024,forgetting,,,lmeval:mmlu_high_school_computer_science,0.83,,,,bc810cbe
sft_lora_7b_tooluse_s1_seed2024,sft,lora,none,7b,tooluse,1,2024,forgetting,,,lmeval:mmlu_high_school_mathematics,0.5740740740740741,,,,bc810cbe
sft_lora_7b_tooluse_s1_seed2024,sft,lora,none,7b,tooluse,1,2024,forgetting,,,lmeval:mmlu_high_school_physics,0.5761589403973509,,,,bc810cbe
sft_lora_7b_tooluse_s1_seed2024,sft,lora,none,7b,tooluse,1,2024,forgetting,,,lmeval:mmlu_high_school_statistics,0.6805555555555556,,,,bc810cbe
sft_lora_7b_tooluse_s1_seed2024,sft,lora,none,7b,tooluse,1,2024,forgetting,,,lmeval:mmlu_machine_learning,0.5267857142857143,,,,bc810cbe
sft_lora_7b_tooluse_s1_seed2024,sft,lora,none,7b,tooluse,1,2024,forgetting,,,lmeval:truthfulqa_mc2,0.572370102961149,,,,bc810cbe
sft_lora_7b_tooluse_s1_seed2024,sft,lora,none,7b,tooluse,1,2024,forgetting,,,lmeval:winogrande,0.7205998421468035,,,,bc810cbe
sft_lora_7b_tooluse_s1_seed42,sft,lora,none,7b,tooluse,1,42,forgetting,,,lmeval:hellaswag,0.7908783110934077,,,,bc810cbe
sft_lora_7b_tooluse_s1_seed42,sft,lora,none,7b,tooluse,1,42,forgetting,,,lmeval:humaneval,0.573170731707317,,,,bc810cbe
sft_lora_7b_tooluse_s1_seed42,sft,lora,none,7b,tooluse,1,42,forgetting,,,lmeval:ifeval,0.46395563770794823,,,,bc810cbe
sft_lora_7b_tooluse_s1_seed42,sft,lora,none,7b,tooluse,1,42,forgetting,,,lmeval:mmlu,0.7143569292123629,,,,bc810cbe
sft_lora_7b_tooluse_s1_seed42,sft,lora,none,7b,tooluse,1,42,forgetting,,,lmeval:mmlu_humanities,0.6323060573857598,,,,bc810cbe
sft_lora_7b_tooluse_s1_seed42,sft,lora,none,7b,tooluse,1,42,forgetting,,,lmeval:mmlu_formal_logic,0.5714285714285714,,,,bc810cbe
sft_lora_7b_tooluse_s1_seed42,sft,lora,none,7b,tooluse,1,42,forgetting,,,lmeval:mmlu_high_school_european_history,0.8424242424242424,,,,bc810cbe
sft_lora_7b_tooluse_s1_seed42,sft,lora,none,7b,tooluse,1,42,forgetting,,,lmeval:mmlu_high_school_us_history,0.8823529411764706,,,,bc810cbe
sft_lora_7b_tooluse_s1_seed42,sft,lora,none,7b,tooluse,1,42,forgetting,,,lmeval:mmlu_high_school_world_history,0.8649789029535865,,,,bc810cbe
sft_lora_7b_tooluse_s1_seed42,sft,lora,none,7b,tooluse,1,42,forgetting,,,lmeval:mmlu_international_law,0.8181818181818182,,,,bc810cbe
sft_lora_7b_tooluse_s1_seed42,sft,lora,none,7b,tooluse,1,42,forgetting,,,lmeval:mmlu_jurisprudence,0.7870370370370371,,,,bc810cbe
sft_lora_7b_tooluse_s1_seed42,sft,lora,none,7b,tooluse,1,42,forgetting,,,lmeval:mmlu_logical_fallacies,0.8220858895705522,,,,bc810cbe
sft_lora_7b_tooluse_s1_seed42,sft,lora,none,7b,tooluse,1,42,forgetting,,,lmeval:mmlu_moral_disputes,0.7745664739884393,,,,bc810cbe
sft_lora_7b_tooluse_s1_seed42,sft,lora,none,7b,tooluse,1,42,forgetting,,,lmeval:mmlu_moral_scenarios,0.41675977653631285,,,,bc810cbe
sft_lora_7b_tooluse_s1_seed42,sft,lora,none,7b,tooluse,1,42,forgetting,,,lmeval:mmlu_philosophy,0.7395498392282959,,,,bc810cbe
sft_lora_7b_tooluse_s1_seed42,sft,lora,none,7b,tooluse,1,42,forgetting,,,lmeval:mmlu_prehistory,0.8148148148148148,,,,bc810cbe
sft_lora_7b_tooluse_s1_seed42,sft,lora,none,7b,tooluse,1,42,forgetting,,,lmeval:mmlu_professional_law,0.5104302477183833,,,,bc810cbe
sft_lora_7b_tooluse_s1_seed42,sft,lora,none,7b,tooluse,1,42,forgetting,,,lmeval:mmlu_world_religions,0.8362573099415205,,,,bc810cbe
sft_lora_7b_tooluse_s1_seed42,sft,lora,none,7b,tooluse,1,42,forgetting,,,lmeval:mmlu_other,0.7602188606372707,,,,bc810cbe
sft_lora_7b_tooluse_s1_seed42,sft,lora,none,7b,tooluse,1,42,forgetting,,,lmeval:mmlu_business_ethics,0.77,,,,bc810cbe
sft_lora_7b_tooluse_s1_seed42,sft,lora,none,7b,tooluse,1,42,forgetting,,,lmeval:mmlu_clinical_knowledge,0.7811320754716982,,,,bc810cbe
sft_lora_7b_tooluse_s1_seed42,sft,lora,none,7b,tooluse,1,42,forgetting,,,lmeval:mmlu_college_medicine,0.6820809248554913,,,,bc810cbe
sft_lora_7b_tooluse_s1_seed42,sft,lora,none,7b,tooluse,1,42,forgetting,,,lmeval:mmlu_global_facts,0.45,,,,bc810cbe
sft_lora_7b_tooluse_s1_seed42,sft,lora,none,7b,tooluse,1,42,forgetting,,,lmeval:mmlu_human_aging,0.7623318385650224,,,,bc810cbe
sft_lora_7b_tooluse_s1_seed42,sft,lora,none,7b,tooluse,1,42,forgetting,,,lmeval:mmlu_management,0.8737864077669902,,,,bc810cbe
sft_lora_7b_tooluse_s1_seed42,sft,lora,none,7b,tooluse,1,42,forgetting,,,lmeval:mmlu_marketing,0.9145299145299145,,,,bc810cbe
sft_lora_7b_tooluse_s1_seed42,sft,lora,none,7b,tooluse,1,42,forgetting,,,lmeval:mmlu_medical_genetics,0.83,,,,bc810cbe
sft_lora_7b_tooluse_s1_seed42,sft,lora,none,7b,tooluse,1,42,forgetting,,,lmeval:mmlu_miscellaneous,0.8505747126436781,,,,bc810cbe
sft_lora_7b_tooluse_s1_seed42,sft,lora,none,7b,tooluse,1,42,forgetting,,,lmeval:mmlu_nutrition,0.7973856209150327,,,,bc810cbe
sft_lora_7b_tooluse_s1_seed42,sft,lora,none,7b,tooluse,1,42,forgetting,,,lmeval:mmlu_professional_accounting,0.5390070921985816,,,,bc810cbe
sft_lora_7b_tooluse_s1_seed42,sft,lora,none,7b,tooluse,1,42,forgetting,,,lmeval:mmlu_professional_medicine,0.7647058823529411,,,,bc810cbe
sft_lora_7b_tooluse_s1_seed42,sft,lora,none,7b,tooluse,1,42,forgetting,,,lmeval:mmlu_virology,0.5301204819277109,,,,bc810cbe
sft_lora_7b_tooluse_s1_seed42,sft,lora,none,7b,tooluse,1,42,forgetting,,,lmeval:mmlu_social_sciences,0.8235294117647058,,,,bc810cbe
sft_lora_7b_tooluse_s1_seed42,sft,lora,none,7b,tooluse,1,42,forgetting,,,lmeval:mmlu_econometrics,0.6578947368421053,,,,bc810cbe
sft_lora_7b_tooluse_s1_seed42,sft,lora,none,7b,tooluse,1,42,forgetting,,,lmeval:mmlu_high_school_geography,0.8737373737373737,,,,bc810cbe
sft_lora_7b_tooluse_s1_seed42,sft,lora,none,7b,tooluse,1,42,forgetting,,,lmeval:mmlu_high_school_government_and_politics,0.9378238341968912,,,,bc810cbe
sft_lora_7b_tooluse_s1_seed42,sft,lora,none,7b,tooluse,1,42,forgetting,,,lmeval:mmlu_high_school_macroeconomics,0.782051282051282,,,,bc810cbe
sft_lora_7b_tooluse_s1_seed42,sft,lora,none,7b,tooluse,1,42,forgetting,,,lmeval:mmlu_high_school_microeconomics,0.8739495798319328,,,,bc810cbe
sft_lora_7b_tooluse_s1_seed42,sft,lora,none,7b,tooluse,1,42,forgetting,,,lmeval:mmlu_high_school_psychology,0.8954128440366973,,,,bc810cbe
sft_lora_7b_tooluse_s1_seed42,sft,lora,none,7b,tooluse,1,42,forgetting,,,lmeval:mmlu_human_sexuality,0.7786259541984732,,,,bc810cbe
sft_lora_7b_tooluse_s1_seed42,sft,lora,none,7b,tooluse,1,42,forgetting,,,lmeval:mmlu_professional_psychology,0.7679738562091504,,,,bc810cbe
sft_lora_7b_tooluse_s1_seed42,sft,lora,none,7b,tooluse,1,42,forgetting,,,lmeval:mmlu_public_relations,0.7363636363636363,,,,bc810cbe
sft_lora_7b_tooluse_s1_seed42,sft,lora,none,7b,tooluse,1,42,forgetting,,,lmeval:mmlu_security_studies,0.7551020408163265,,,,bc810cbe
sft_lora_7b_tooluse_s1_seed42,sft,lora,none,7b,tooluse,1,42,forgetting,,,lmeval:mmlu_sociology,0.8905472636815921,,,,bc810cbe
sft_lora_7b_tooluse_s1_seed42,sft,lora,none,7b,tooluse,1,42,forgetting,,,lmeval:mmlu_us_foreign_policy,0.87,,,,bc810cbe
sft_lora_7b_tooluse_s1_seed42,sft,lora,none,7b,tooluse,1,42,forgetting,,,lmeval:mmlu_stem,0.6850618458610847,,,,bc810cbe
sft_lora_7b_tooluse_s1_seed42,sft,lora,none,7b,tooluse,1,42,forgetting,,,lmeval:mmlu_abstract_algebra,0.56,,,,bc810cbe
sft_lora_7b_tooluse_s1_seed42,sft,lora,none,7b,tooluse,1,42,forgetting,,,lmeval:mmlu_anatomy,0.725925925925926,,,,bc810cbe
sft_lora_7b_tooluse_s1_seed42,sft,lora,none,7b,tooluse,1,42,forgetting,,,lmeval:mmlu_astronomy,0.8552631578947368,,,,bc810cbe
sft_lora_7b_tooluse_s1_seed42,sft,lora,none,7b,tooluse,1,42,forgetting,,,lmeval:mmlu_college_biology,0.8680555555555556,,,,bc810cbe
sft_lora_7b_tooluse_s1_seed42,sft,lora,none,7b,tooluse,1,42,forgetting,,,lmeval:mmlu_college_chemistry,0.56,,,,bc810cbe
sft_lora_7b_tooluse_s1_seed42,sft,lora,none,7b,tooluse,1,42,forgetting,,,lmeval:mmlu_college_computer_science,0.67,,,,bc810cbe
sft_lora_7b_tooluse_s1_seed42,sft,lora,none,7b,tooluse,1,42,forgetting,,,lmeval:mmlu_college_mathematics,0.43,,,,bc810cbe
sft_lora_7b_tooluse_s1_seed42,sft,lora,none,7b,tooluse,1,42,forgetting,,,lmeval:mmlu_college_physics,0.5098039215686274,,,,bc810cbe
sft_lora_7b_tooluse_s1_seed42,sft,lora,none,7b,tooluse,1,42,forgetting,,,lmeval:mmlu_computer_security,0.79,,,,bc810cbe
sft_lora_7b_tooluse_s1_seed42,sft,lora,none,7b,tooluse,1,42,forgetting,,,lmeval:mmlu_conceptual_physics,0.7617021276595745,,,,bc810cbe
sft_lora_7b_tooluse_s1_seed42,sft,lora,none,7b,tooluse,1,42,forgetting,,,lmeval:mmlu_electrical_engineering,0.696551724137931,,,,bc810cbe
sft_lora_7b_tooluse_s1_seed42,sft,lora,none,7b,tooluse,1,42,forgetting,,,lmeval:mmlu_elementary_mathematics,0.6481481481481481,,,,bc810cbe
sft_lora_7b_tooluse_s1_seed42,sft,lora,none,7b,tooluse,1,42,forgetting,,,lmeval:mmlu_high_school_biology,0.8709677419354839,,,,bc810cbe
sft_lora_7b_tooluse_s1_seed42,sft,lora,none,7b,tooluse,1,42,forgetting,,,lmeval:mmlu_high_school_chemistry,0.6551724137931034,,,,bc810cbe
sft_lora_7b_tooluse_s1_seed42,sft,lora,none,7b,tooluse,1,42,forgetting,,,lmeval:mmlu_high_school_computer_science,0.84,,,,bc810cbe
sft_lora_7b_tooluse_s1_seed42,sft,lora,none,7b,tooluse,1,42,forgetting,,,lmeval:mmlu_high_school_mathematics,0.5592592592592592,,,,bc810cbe
sft_lora_7b_tooluse_s1_seed42,sft,lora,none,7b,tooluse,1,42,forgetting,,,lmeval:mmlu_high_school_physics,0.5761589403973509,,,,bc810cbe
sft_lora_7b_tooluse_s1_seed42,sft,lora,none,7b,tooluse,1,42,forgetting,,,lmeval:mmlu_high_school_statistics,0.6712962962962963,,,,bc810cbe
sft_lora_7b_tooluse_s1_seed42,sft,lora,none,7b,tooluse,1,42,forgetting,,,lmeval:mmlu_machine_learning,0.5267857142857143,,,,bc810cbe
sft_lora_7b_tooluse_s1_seed42,sft,lora,none,7b,tooluse,1,42,forgetting,,,lmeval:truthfulqa_mc2,0.56602772109907,,,,bc810cbe
sft_lora_7b_tooluse_s1_seed42,sft,lora,none,7b,tooluse,1,42,forgetting,,,lmeval:winogrande,0.7174427782162589,,,,bc810cbe
